-- phpMyAdmin SQL Dump
-- version 5.2.2
-- https://www.phpmyadmin.net/
--
-- Host: 127.0.0.1:3306
-- Generation Time: Mar 03, 2026 at 08:02 PM
-- Server version: 11.8.3-MariaDB-log
-- PHP Version: 7.2.34

SET SQL_MODE = "NO_AUTO_VALUE_ON_ZERO";
START TRANSACTION;
SET time_zone = "+00:00";


/*!40101 SET @OLD_CHARACTER_SET_CLIENT=@@CHARACTER_SET_CLIENT */;
/*!40101 SET @OLD_CHARACTER_SET_RESULTS=@@CHARACTER_SET_RESULTS */;
/*!40101 SET @OLD_COLLATION_CONNECTION=@@COLLATION_CONNECTION */;
/*!40101 SET NAMES utf8mb4 */;

--
-- Database: `u508158532_rodbd`
--

--
-- Dumping data for table `company`
--

INSERT INTO `company` (`id_company`, `code`, `legal_name`, `trade_name`, `tax_id`, `billing_email`, `phone`, `website`, `address_line1`, `address_line2`, `city`, `state`, `postal_code`, `country`, `default_currency`, `default_timezone`, `default_language`, `is_active`, `deleted_at`, `created_at`, `updated_at`) VALUES
(1, 'ROD', 'ROD', 'ROD', NULL, NULL, NULL, NULL, NULL, NULL, NULL, NULL, NULL, NULL, 'MXN', 'America/Mexico_City', 'es', 1, NULL, '2025-09-17 17:54:33', '2025-09-17 17:55:22'),
(2, 'VIBE', 'Vive Demo Company', 'Vive Demo', 'VIBES', NULL, '8394193123', 'vivelavibe.com', 'direccion 1', 'direccion 2', 'puerto escondido', 'oaxaca', '222222', 'Mexico', 'MXN', 'America/Mexico_City', 'es', 1, NULL, '2025-09-17 18:03:39', '2026-02-08 19:17:51'),
(3, 'CYUMA', 'Casa Yuma Ops', NULL, NULL, NULL, NULL, NULL, NULL, NULL, NULL, NULL, NULL, NULL, 'MXN', 'America/Mexico_City', 'es', 1, NULL, '2025-10-11 04:38:22', '2025-10-11 04:38:22');


--
-- Dumping data for table `property`
--

INSERT INTO `property` (`id_property`, `id_company`, `code`, `name`, `description`, `email`, `phone`, `website`, `address_line1`, `address_line2`, `city`, `state`, `postal_code`, `country`, `latitude`, `longitude`, `timezone`, `currency`, `check_out_time`, `id_owner_payment_obligation_catalog`, `order_index`, `default_language`, `cancellation_policy_json`, `house_rules_json`, `is_active`, `deleted_at`, `created_at`, `updated_at`, `notes`) VALUES
(1, 2, 'CSJ', 'Casa San Jeronimo', 'La posadita junto al ocso bien bonia y nose', 'vivelavibesanjemo@gmail.com', '2384238432', NULL, NULL, NULL, NULL, NULL, NULL, NULL, NULL, NULL, 'America/Mexico_City', 'MXN', '1970-01-01 06:00:00', 92, 3, 'es', NULL, NULL, 1, NULL, '2025-09-17 18:06:29', '2026-02-18 19:52:44', NULL),
(3, 2, 'CST', 'Casa Triz', NULL, NULL, NULL, NULL, NULL, NULL, NULL, NULL, NULL, NULL, NULL, NULL, 'America/Mexico_City', 'MXN', '1970-01-01 06:00:00', 92, 5, 'es', NULL, NULL, 1, NULL, '2025-09-17 18:07:10', '2026-02-18 19:52:58', NULL),
(4, 2, 'CRK', 'Casa Rockot', 'Casa rockot es la casa donde hay rock', NULL, NULL, NULL, NULL, NULL, 'Puerto Escondido', 'Oaxaca', NULL, 'MX', NULL, NULL, 'America/Mexico_City', 'MXN', '1970-01-01 06:00:00', 92, 13, 'es', NULL, NULL, 1, NULL, '2025-10-11 04:38:22', '2026-02-18 19:53:48', NULL),
(5, 3, 'CIC', 'Casa Icaco', 'Casa Icaco babyyyyy la mejor', NULL, NULL, NULL, NULL, NULL, 'Puerto Escondido', 'Oaxaca', NULL, 'MX', NULL, NULL, 'America/Mexico_City', 'MXN', '0000-00-00 00:00:00', NULL, 0, 'es', NULL, NULL, 1, NULL, '2025-10-11 04:38:22', '2025-10-12 22:48:37', NULL),
(6, 2, 'CCH', 'Casa Chicatana', NULL, 'casachica@tana.pxm.com', '12412122', NULL, NULL, NULL, NULL, NULL, NULL, NULL, NULL, NULL, 'America/Mexico_City', 'MXN', '1970-01-01 06:00:00', 92, 8, 'es', NULL, NULL, 1, NULL, '2025-09-17 18:06:29', '2026-02-24 12:02:49', 'notas internas casa chicatana'),
(7, 2, 'MHC', 'Mahue Camping', 'Hermoso campamento de surf junto al mar', 'mahueee@camping.com', '12213', NULL, NULL, NULL, NULL, NULL, NULL, NULL, NULL, NULL, 'America/Mexico_City', 'MXN', '1970-01-01 06:00:00', 92, 16, 'es', NULL, NULL, 1, NULL, '2025-09-17 18:06:29', '2026-02-18 19:54:09', NULL),
(9, 2, 'PS', 'Punta Sol', 'Hermosa casa en blablabl', NULL, NULL, NULL, NULL, NULL, NULL, NULL, NULL, NULL, NULL, NULL, 'America/Mexico_City', 'MXN', '1970-01-01 20:42:00', 92, 6, 'es', NULL, NULL, 1, NULL, '2025-11-30 18:38:21', '2026-02-18 19:53:10', 'notas internas sobre la propiedad'),
(10, 2, 'CH', 'Casa Helechos', '21321', NULL, NULL, NULL, NULL, NULL, NULL, NULL, NULL, NULL, NULL, NULL, 'America/Mexico_City', 'MXN', '1970-01-01 12:00:00', 92, 15, 'es', NULL, NULL, 1, NULL, '2025-11-30 23:18:20', '2026-02-18 19:54:02', 'as'),
(11, 2, 'CDS', 'Casa del Sol', NULL, NULL, NULL, NULL, NULL, NULL, NULL, NULL, NULL, NULL, NULL, NULL, 'America/Mexico_City', 'MXN', '1970-01-01 20:08:00', 92, 14, 'es', NULL, NULL, 1, NULL, '2026-01-11 20:08:49', '2026-02-26 20:42:10', NULL),
(12, 2, 'ICACO', 'Casa Icaco', 'bla', NULL, NULL, NULL, NULL, NULL, NULL, NULL, NULL, NULL, NULL, NULL, 'America/Mexico_City', 'MXN', '1970-01-01 12:00:00', 92, 9, 'es', NULL, NULL, 1, NULL, '2026-02-02 04:48:30', '2026-02-18 19:53:39', NULL);

--
-- Dumping data for table `app_user`
--

INSERT INTO `app_user` (`id_user`, `id_reg`, `id_company`, `email`, `password_hash`, `phone`, `names`, `last_name`, `maiden_name`, `full_name`, `display_name`, `locale`, `timezone`, `is_owner`, `last_login_at`, `is_active`, `deleted_at`, `created_at`, `updated_at`, `notes`) VALUES
(1, NULL, 2, 'demo@vive.local', 'demo123', NULL, 'Demo', 'Vive', NULL, NULL, NULL, 'es-MX', 'America/Mexico_City', 1, NULL, 1, NULL, '2026-02-08 19:17:51', '2026-02-08 19:17:51', NULL),
(4, 1, 2, 'legacy.user4@import.local', 'legacy-import', NULL, 'Legacy', 'User', NULL, 'Legacy User', 'Legacy User', 'es-MX', 'America/Mexico_City', 0, NULL, 1, NULL, '2025-12-23 00:00:00', '2026-03-03 00:00:00', 'Auto-created for production dump FK compatibility');

--
-- Dumping data for table `roomcategory`
--

INSERT INTO `roomcategory` (`id_category`, `id_property`, `id_rateplan`, `code`, `name`, `description`, `base_occupancy`, `max_occupancy`, `order_index`, `default_base_price_cents`, `min_price_cents`, `default_floor_cents`, `default_ceil_cents`, `image_url`, `color_hex`, `is_active`, `deleted_at`, `created_at`, `created_by`, `updated_at`) VALUES
(32, 5, NULL, 'CABA', 'Cabaña', NULL, 2, 2, 0, 170000, NULL, NULL, NULL, NULL, NULL, 1, NULL, '2025-10-11 04:38:22', NULL, '2025-10-11 04:38:22'),
(33, 5, NULL, 'SUIT', 'Suite', NULL, 2, 3, 0, 240000, NULL, NULL, NULL, NULL, NULL, 1, NULL, '2025-10-11 04:38:22', NULL, '2025-10-11 04:38:22'),
(34, 5, NULL, 'DORM', 'Dorm', NULL, 2, 1, 0, 45000, NULL, NULL, NULL, NULL, NULL, 1, NULL, '2025-10-11 04:38:22', NULL, '2025-10-11 04:38:22'),
(42, 3, NULL, '2 CAMAS', 'Habitación privada con 2 camas', NULL, 3, 3, 0, 120000, 80000, NULL, NULL, NULL, NULL, 1, NULL, '2025-12-23 14:50:38', 4, '2026-01-15 19:04:31'),
(43, 3, NULL, '1 CAMA', 'Habitación privada', NULL, 2, 2, 0, 90000, 50000, NULL, NULL, NULL, NULL, 1, NULL, '2025-12-23 14:52:21', 4, '2026-01-15 19:03:31'),
(44, 1, NULL, 'KING BALCON AC', 'Habitación privada con balcón y AC', NULL, 2, 2, 3, 90000, 65000, NULL, NULL, NULL, NULL, 1, NULL, '2025-12-24 01:37:04', 4, '2026-03-03 12:31:47'),
(45, 6, NULL, 'DEPA', 'Departamento', 'para 1 noche precio minimo 1500', 2, 2, 0, 150000, 120000, NULL, NULL, NULL, NULL, 1, NULL, '2026-01-10 18:01:32', 4, '2026-02-03 15:00:43'),
(46, 10, NULL, 'BAñO PRIVADO AC', 'Habitación privada con AC', NULL, 2, 2, 0, 80000, 50000, NULL, NULL, NULL, NULL, 1, NULL, '2026-01-10 18:06:32', 4, '2026-01-15 18:54:40'),
(47, 10, NULL, 'BAñO COMPARTIDO AC', 'Habitacion privada', NULL, 2, 2, 0, 70000, 50000, NULL, NULL, NULL, NULL, 1, NULL, '2026-01-10 18:12:15', 4, '2026-01-15 18:53:16'),
(48, 10, NULL, 'BAñO COMPARTIDO', 'Habitación privada', NULL, 2, 2, 0, 60000, 40000, NULL, NULL, NULL, NULL, 1, NULL, '2026-01-10 18:27:13', 4, '2026-01-15 18:54:02'),
(50, 4, NULL, 'PRIVADA', 'Habitación privada', 'precio minimo para dos personas', 4, 4, 0, 120000, 80000, NULL, NULL, NULL, NULL, 1, NULL, '2026-01-10 19:16:37', 4, '2026-02-07 19:06:37'),
(51, 1, 5, 'KING', 'Habitación privada', NULL, 2, 2, 8, 90000, 65000, NULL, NULL, NULL, NULL, 1, NULL, '2026-01-10 19:35:22', 4, '2026-02-27 11:45:55'),
(52, 1, 5, 'MATRIMONIAL AC', 'Habitación privada con AC', NULL, 2, 2, 6, 90000, 65000, NULL, NULL, NULL, NULL, 1, NULL, '2026-01-10 19:35:22', 4, '2026-02-27 11:45:55'),
(53, 1, 5, 'KING AC', 'Habitación privada con AC', NULL, 2, 2, 4, 90000, 65000, NULL, NULL, NULL, NULL, 1, NULL, '2026-01-10 19:35:22', 4, '2026-02-27 11:45:55'),
(54, 7, NULL, 'CABAÑA AC', 'Cabaña con AC', NULL, 2, 2, 0, 80000, 50000, NULL, NULL, NULL, NULL, 1, NULL, '2026-01-10 19:58:34', 4, '2026-01-15 19:07:45'),
(55, 7, NULL, 'CABAÑA', 'Cabaña', NULL, 2, 2, 0, 70000, 50000, NULL, NULL, NULL, NULL, 1, NULL, '2026-01-10 19:58:34', 4, '2026-01-15 19:07:41'),
(56, 7, NULL, 'DORMITORIO', 'Dormitorio compartido', NULL, 1, 1, 0, 30000, 25000, NULL, NULL, NULL, NULL, 1, NULL, '2026-01-11 19:04:54', 4, '2026-01-15 19:09:15'),
(57, 7, NULL, 'CAMPING', 'Camping', NULL, NULL, NULL, 0, 20000, 18000, NULL, NULL, NULL, NULL, 1, NULL, '2026-01-11 19:16:22', 4, '2026-01-15 19:08:14'),
(58, 9, NULL, 'DOBLE SIN AC', 'Habitación doble', NULL, 4, 4, 0, 90000, 70000, NULL, NULL, NULL, NULL, 1, NULL, '2026-01-11 19:27:23', 4, '2026-02-01 03:17:59'),
(59, 9, NULL, 'DOBLE CON AC', 'Habitación doble con AC', NULL, 4, 4, 0, 100000, 90000, NULL, NULL, NULL, NULL, 1, NULL, '2026-01-11 19:58:48', 4, '2026-02-01 03:18:38'),
(60, 9, NULL, 'MATRIMONIAL', 'Habitación privada', NULL, 2, 2, 0, 70000, 50000, NULL, NULL, NULL, NULL, 1, NULL, '2026-01-11 20:03:54', 4, '2026-02-01 03:38:34'),
(61, 11, NULL, 'COMPLETA', 'Casa completa', NULL, 4, 4, 0, 300000, 150000, NULL, NULL, NULL, NULL, 1, NULL, '2026-01-11 20:12:01', 4, '2026-01-15 18:50:38'),
(64, 11, NULL, 'CUARTO SIN AC', 'Habitación privada', '2 px - matrimonial', NULL, NULL, 0, 150000, NULL, NULL, NULL, NULL, NULL, 1, NULL, '2026-01-11 20:17:23', 4, '2026-01-11 20:17:23'),
(66, 11, NULL, 'CUARTO CON AC', 'Habitación privada con AC', NULL, 2, 2, 0, 180000, 140000, NULL, NULL, NULL, NULL, 1, NULL, '2026-01-11 20:22:25', 4, '2026-01-15 18:51:56'),
(69, 6, NULL, 'CUARTO SIN AC', 'Habitación privada', NULL, 2, 2, 0, 150000, 120000, NULL, NULL, NULL, NULL, 1, NULL, '2026-01-15 18:51:12', 4, '2026-01-15 18:51:12'),
(70, 12, NULL, 'BAñO PRIVADO', 'Habitación privada con AC', NULL, 2, 2, 0, 65000, 50000, NULL, NULL, NULL, NULL, 1, NULL, '2026-02-02 04:54:56', 4, '2026-02-02 06:24:50'),
(71, 12, NULL, 'COCINA BAñO COMPARTIDO', 'Habitación privada con AC y cocina', NULL, 2, 2, 0, 70000, 60000, NULL, NULL, NULL, NULL, 1, NULL, '2026-02-02 05:02:44', 4, '2026-02-07 18:22:40'),
(72, 12, NULL, 'BAñO COMPARTIDO', 'Habitación privada con AC baño compartido', NULL, 2, 2, 0, 60000, 50000, NULL, NULL, NULL, NULL, 1, NULL, '2026-02-02 05:07:40', 4, '2026-02-02 06:24:58'),
(73, 12, NULL, '2 CAMAS', 'Habitación privada con AC y dos camas', NULL, 2, 4, 0, 90000, 70000, NULL, NULL, NULL, NULL, 1, NULL, '2026-02-02 05:13:15', 4, '2026-02-02 06:25:11');



--
-- Dumping data for table `category_amenities`
--

INSERT INTO `category_amenities` (`id_category_amenities`, `id_category`, `has_air_conditioning`, `has_fan`, `has_tv`, `has_private_wifi`, `has_minibar`, `has_safe_box`, `has_workspace`, `includes_bedding_towels`, `has_iron_board`, `has_closet_rack`, `has_private_balcony_terrace`, `has_view`, `has_private_entrance`, `has_hot_water`, `includes_toiletries`, `has_hairdryer`, `includes_clean_towels`, `has_coffee_tea_kettle`, `has_basic_utensils`, `has_basic_food_items`, `is_private`, `is_shared`, `has_shared_bathroom`, `has_private_bathroom`, `is_active`, `deleted_at`, `created_at`, `created_by`, `updated_at`) VALUES
(16, 42, 1, 1, 1, 1, 0, 0, 1, 1, 0, 1, 0, 0, 1, 0, 1, 1, 1, 1, 1, 1, 1, 0, 0, 1, 1, NULL, '2025-12-23 14:50:38', 4, '2026-01-15 19:04:31'),
(17, 43, 1, 1, 1, 1, 0, 0, 1, 1, 0, 1, 0, 0, 1, 0, 1, 0, 1, 1, 1, 1, 1, 0, 0, 1, 1, NULL, '2025-12-23 14:52:21', 4, '2026-01-15 19:03:31'),
(18, 44, 1, 1, 1, 1, 0, 0, 1, 1, 1, 1, 1, 0, 1, 1, 1, 0, 1, 1, 1, 1, 1, 0, 0, 1, 1, NULL, '2025-12-24 01:37:04', 4, '2026-03-03 12:31:47'),
(24, 45, 1, 1, 1, 1, 0, 0, 1, 1, 1, 1, 0, 0, 1, 1, 1, 0, 1, 0, 1, 1, 1, 0, 0, 1, 1, NULL, '2026-01-10 18:01:32', 4, '2026-02-03 15:00:43'),
(25, 46, 1, 1, 1, 1, 0, 0, 0, 1, 1, 1, 1, 0, 1, 1, 1, 0, 1, 1, 1, 1, 1, 0, 0, 1, 1, NULL, '2026-01-10 18:06:32', 4, '2026-01-15 18:54:40'),
(26, 47, 1, 1, 1, 1, 0, 0, 0, 1, 1, 1, 1, 0, 1, 1, 1, 0, 1, 1, 1, 1, 0, 0, 1, 0, 1, NULL, '2026-01-10 18:12:15', 4, '2026-01-15 18:53:16'),
(27, 48, 0, 1, 1, 1, 0, 0, 0, 1, 1, 1, 1, 0, 1, 1, 1, 0, 1, 1, 1, 1, 1, 0, 1, 0, 1, NULL, '2026-01-10 18:27:13', 4, '2026-01-15 18:54:02'),
(29, 50, 1, 1, 0, 1, 0, 0, 0, 1, 0, 1, 0, 0, 1, 0, 1, 0, 1, 1, 1, 1, 1, 0, 0, 1, 1, NULL, '2026-01-10 19:16:37', 4, '2026-02-07 19:06:37'),
(30, 51, 0, 1, 1, 1, 0, 0, 1, 1, 1, 1, 1, 0, 1, 1, 1, 0, 1, 1, 1, 1, 1, 0, 0, 1, 1, NULL, '2026-01-10 19:35:22', 4, '2026-01-17 01:00:15'),
(31, 52, 1, 1, 1, 1, 0, 0, 1, 1, 1, 1, 1, 0, 1, 1, 1, 0, 1, 1, 1, 1, 1, 0, 0, 1, 1, NULL, '2026-01-10 19:41:45', 4, '2026-01-17 01:00:08'),
(32, 53, 1, 1, 1, 1, 0, 0, 1, 1, 1, 1, 1, 0, 1, 1, 1, 0, 1, 1, 1, 1, 1, 0, 0, 1, 1, NULL, '2026-01-10 19:41:45', 4, '2026-01-17 00:59:59'),
(33, 54, 1, 1, 0, 0, 0, 0, 1, 1, 0, 0, 0, 0, 1, 0, 1, 0, 1, 1, 1, 1, 1, 0, 0, 1, 1, NULL, '2026-01-10 19:58:34', 4, '2026-01-15 19:07:45'),
(34, 55, 0, 1, 0, 0, 0, 0, 1, 1, 0, 0, 0, 0, 1, 0, 1, 0, 1, 1, 1, 1, 1, 0, 0, 1, 1, NULL, '2026-01-10 19:58:34', 4, '2026-01-15 19:07:41'),
(35, 56, 1, 0, 0, 0, 0, 0, 0, 0, 0, 0, 0, 0, 0, 0, 0, 0, 0, 0, 0, 0, 0, 1, 1, 0, 1, NULL, '2026-01-11 19:04:54', 4, '2026-01-15 19:09:15'),
(36, 57, 0, 0, 0, 0, 0, 0, 0, 0, 0, 0, 0, 0, 0, 0, 0, 0, 0, 0, 0, 0, 1, 0, 1, 0, 1, NULL, '2026-01-11 19:16:22', 4, '2026-01-15 19:08:14'),
(37, 58, 0, 1, 0, 0, 0, 0, 0, 1, 1, 0, 0, 0, 1, 0, 1, 0, 1, 1, 1, 1, 1, 0, 0, 1, 1, NULL, '2026-01-11 19:27:23', 4, '2026-02-01 03:17:59'),
(38, 59, 1, 1, 0, 0, 0, 0, 0, 1, 0, 0, 0, 0, 1, 0, 1, 0, 1, 1, 1, 1, 1, 0, 0, 1, 1, NULL, '2026-01-11 19:58:48', 4, '2026-02-01 03:18:38'),
(39, 60, 0, 1, 0, 0, 0, 0, 0, 1, 0, 0, 0, 0, 1, 0, 0, 0, 1, 1, 1, 1, 0, 0, 0, 0, 1, NULL, '2026-01-11 20:03:54', 4, '2026-02-01 03:38:34'),
(40, 61, 1, 1, 1, 1, 0, 0, 1, 1, 1, 1, 0, 0, 1, 0, 1, 1, 1, 1, 1, 1, 1, 0, 0, 1, 1, NULL, '2026-01-11 20:12:01', 4, '2026-01-15 18:50:38'),
(43, 64, 0, 0, 0, 0, 0, 0, 0, 0, 0, 0, 0, 0, 0, 0, 0, 0, 0, 0, 0, 0, 0, 0, 0, 0, 1, NULL, '2026-01-11 20:17:23', 4, '2026-01-11 20:17:23'),
(45, 66, 0, 0, 0, 0, 0, 0, 0, 0, 0, 0, 0, 0, 0, 0, 0, 0, 0, 0, 0, 0, 0, 0, 0, 0, 1, NULL, '2026-01-11 20:22:25', 4, '2026-01-15 18:51:56'),
(48, 69, 0, 0, 0, 0, 0, 0, 0, 0, 0, 0, 0, 0, 0, 0, 0, 0, 0, 0, 0, 0, 0, 0, 0, 0, 1, NULL, '2026-01-15 18:51:12', 4, '2026-01-15 18:51:12'),
(49, 70, 1, 0, 0, 0, 0, 0, 1, 1, 0, 1, 0, 0, 1, 0, 0, 0, 1, 0, 1, 0, 1, 0, 0, 1, 1, NULL, '2026-02-02 04:54:56', 4, '2026-02-02 06:24:50'),
(50, 71, 1, 1, 1, 0, 0, 0, 1, 1, 0, 1, 0, 0, 1, 0, 1, 0, 1, 0, 1, 0, 0, 0, 1, 0, 1, NULL, '2026-02-02 05:02:44', 4, '2026-02-07 18:22:40'),
(51, 72, 1, 1, 0, 0, 0, 0, 0, 1, 0, 0, 0, 0, 1, 0, 1, 0, 1, 0, 1, 1, 1, 0, 1, 0, 1, NULL, '2026-02-02 05:07:40', 4, '2026-02-02 06:24:58'),
(52, 73, 1, 1, 0, 0, 0, 0, 0, 1, 0, 0, 0, 0, 1, 0, 1, 0, 1, 0, 1, 1, 1, 0, 1, 0, 1, NULL, '2026-02-02 05:13:15', 4, '2026-02-02 06:25:11');

--
-- Dumping data for table `category_bed_config`
--

INSERT INTO `category_bed_config` (`id_bed_config`, `id_category`, `bed_type`, `bed_count`, `is_active`, `created_by`, `created_at`, `updated_at`, `deleted_at`) VALUES
(1, 47, 'matrimonial', 1, 0, 4, '2026-01-14 20:47:59', '2026-01-14 20:48:13', '2026-01-14 20:48:13'),
(2, 47, 'individual', 1, 0, 4, '2026-01-14 20:48:06', '2026-01-14 20:48:11', '2026-01-14 20:48:11'),
(3, 47, 'matrimonial', 1, 1, 4, '2026-01-14 20:49:18', '2026-01-14 20:49:18', NULL),
(4, 48, 'matrimonial', 1, 1, 4, '2026-01-14 20:49:42', '2026-01-14 20:49:42', NULL),
(5, 45, 'queen', 1, 1, 4, '2026-01-14 21:33:11', '2026-01-14 21:33:11', NULL),
(6, 45, 'queen', 1, 0, 4, '2026-01-14 21:50:24', '2026-01-14 21:50:26', '2026-01-14 21:50:26'),
(7, 45, 'individual', 1, 0, 4, '2026-01-14 21:50:31', '2026-01-14 21:50:35', '2026-01-14 21:50:35'),
(8, 45, 'individual', 1, 0, 4, '2026-01-15 00:38:43', '2026-01-15 00:38:45', '2026-01-15 00:38:45'),
(9, 61, 'matrimonial', 2, 1, 4, '2026-01-15 18:50:26', '2026-01-15 18:50:26', NULL),
(10, 64, 'matrimonial', 1, 1, 4, '2026-01-15 18:50:51', '2026-01-15 18:50:51', NULL),
(11, 66, 'matrimonial', 1, 1, 4, '2026-01-15 18:51:50', '2026-01-15 18:51:50', NULL),
(12, 46, 'matrimonial', 1, 1, 4, '2026-01-15 18:54:32', '2026-01-15 18:54:32', NULL),
(13, 50, 'matrimonial', 2, 1, 4, '2026-01-15 18:55:06', '2026-01-15 18:55:06', NULL),
(14, 51, 'king', 1, 1, 4, '2026-01-15 18:56:06', '2026-01-15 18:56:06', NULL),
(15, 52, 'matrimonial', 1, 1, 4, '2026-01-15 18:58:08', '2026-01-15 18:58:08', NULL),
(16, 53, 'king', 1, 1, 4, '2026-01-15 18:59:57', '2026-01-15 18:59:57', NULL),
(17, 44, 'king', 1, 1, 4, '2026-01-15 19:01:12', '2026-01-15 19:01:12', NULL),
(18, 43, 'matrimonial', 1, 1, 4, '2026-01-15 19:03:15', '2026-01-15 19:03:15', NULL),
(19, 42, 'individual', 1, 0, 4, '2026-01-15 19:03:38', '2026-01-15 19:03:39', '2026-01-15 19:03:39'),
(20, 42, 'individual', 1, 1, 4, '2026-01-15 19:03:41', '2026-01-15 19:03:41', NULL),
(21, 42, 'matrimonial', 1, 1, 4, '2026-01-15 19:03:44', '2026-01-15 19:03:44', NULL),
(22, 55, 'matrimonial', 1, 1, 4, '2026-01-15 19:05:23', '2026-01-15 19:05:23', NULL),
(23, 54, 'matrimonial', 1, 1, 4, '2026-01-15 19:07:17', '2026-01-15 19:07:17', NULL),
(24, 56, 'individual', 1, 1, 4, '2026-01-15 19:09:13', '2026-01-15 19:09:13', NULL),
(25, 58, 'matrimonial', 2, 1, 4, '2026-01-15 19:10:23', '2026-01-15 19:10:23', NULL),
(26, 59, 'matrimonial', 2, 1, 4, '2026-01-15 19:10:53', '2026-01-15 19:10:53', NULL),
(27, 60, 'matrimonial', 1, 1, 4, '2026-01-15 19:11:50', '2026-01-15 19:11:50', NULL),
(28, 70, 'matrimonial', 1, 1, 4, '2026-02-02 04:55:08', '2026-02-02 04:55:08', NULL),
(29, 71, 'matrimonial', 1, 1, 4, '2026-02-02 05:02:58', '2026-02-02 05:02:58', NULL),
(30, 72, 'matrimonial', 1, 1, 4, '2026-02-02 05:10:57', '2026-02-02 05:10:57', NULL),
(31, 73, 'matrimonial', 2, 1, 4, '2026-02-02 05:13:26', '2026-02-02 05:13:26', NULL);

--
-- Dumping data for table `folio`
--

INSERT INTO `folio` (`id_folio`, `id_reservation`, `folio_name`, `status`, `currency`, `total_cents`, `balance_cents`, `due_date`, `bill_to_type`, `bill_to_id`, `notes`, `is_active`, `deleted_at`, `created_at`, `created_by`, `updated_at`) VALUES
(1, 490, 'Principal', 'void', 'MXN', 226361, 226361, '2026-03-07', NULL, NULL, NULL, 0, '2026-03-02 12:54:23', '2026-02-28 14:36:50', 1, '2026-03-02 12:54:23'),
(2, 491, 'Principal', 'void', 'MXN', 160000, 160000, '2026-03-05', NULL, NULL, NULL, 0, '2026-03-02 19:27:12', '2026-02-28 14:52:49', 1, '2026-03-02 19:27:12'),
(3, 501, 'Principal', 'void', 'MXN', 360000, 360000, '2026-03-07', NULL, NULL, NULL, 0, '2026-02-28 16:17:30', '2026-02-28 15:15:01', 1, '2026-02-28 16:17:30'),
(4, 502, 'Principal', 'void', 'MXN', 321300, 321300, '2026-03-09', NULL, NULL, NULL, 0, '2026-02-28 16:17:36', '2026-02-28 15:15:46', 1, '2026-02-28 16:17:36'),
(5, 371, 'Principal', 'open', 'MXN', 187574, 187574, '2026-03-03', NULL, NULL, NULL, 1, NULL, '2026-02-28 15:58:45', 1, '2026-02-28 15:58:45'),
(6, 495, 'Principal', 'open', 'MXN', 130000, 130000, '2026-03-04', NULL, NULL, NULL, 1, NULL, '2026-02-28 16:30:48', 1, '2026-02-28 16:30:48'),
(7, 496, 'Principal', 'open', 'MXN', 193404, 193404, '2026-03-08', NULL, NULL, NULL, 1, NULL, '2026-02-28 16:41:03', 1, '2026-02-28 16:41:03'),
(8, 497, 'Principal', 'open', 'MXN', 240000, 240000, '2026-03-10', NULL, NULL, NULL, 1, NULL, '2026-02-28 16:45:52', 1, '2026-02-28 16:45:52'),
(9, 505, 'Principal', 'void', 'MXN', 350000, 350000, '2026-03-07', NULL, NULL, NULL, 0, '2026-03-02 12:54:23', '2026-03-02 12:54:07', 1, '2026-03-02 12:54:23'),
(10, 509, 'Principal', 'open', 'MXN', 2142, 2142, '2026-03-16', NULL, NULL, NULL, 1, NULL, '2026-03-02 13:03:25', 1, '2026-03-02 13:03:25'),
(11, 522, 'Principal', 'void', 'MXN', 180000, -180000, '2026-03-04', NULL, NULL, NULL, 0, '2026-03-02 19:27:12', '2026-03-02 19:07:38', 1, '2026-03-02 19:27:12'),
(12, 524, 'Principal', 'void', 'MXN', 107100, 0, '2026-03-09', NULL, NULL, NULL, 0, '2026-03-02 20:29:38', '2026-03-02 20:29:25', 1, '2026-03-02 20:29:38'),
(13, 526, 'Principal', 'void', 'MXN', 214200, 0, '2026-03-10', NULL, NULL, NULL, 0, '2026-03-02 23:03:56', '2026-03-02 23:03:21', 1, '2026-03-02 23:03:56');

--
-- Dumping data for table `guest`
--

INSERT INTO `guest` (`id_guest`, `id_user`, `email`, `phone`, `names`, `last_name`, `maiden_name`, `full_name`, `nationality`, `country_residence`, `birthdate`, `gender`, `doc_type`, `doc_number`, `doc_country`, `doc_expiry`, `language`, `marketing_opt_in`, `blacklisted`, `blacklist_reason`, `loyalty_id`, `tags`, `cc_token`, `cc_brand`, `cc_last4`, `cc_exp`, `pci_vault_provider`, `address_line1`, `address_line2`, `city`, `state`, `postal_code`, `country`, `notes_internal`, `notes_guest`, `is_active`, `deleted_at`, `created_at`, `created_by`, `updated_at`) VALUES
(1, 1, NULL, NULL, 'Gustavo', NULL, NULL, NULL, NULL, NULL, NULL, NULL, NULL, NULL, NULL, NULL, 'es', 0, 0, NULL, NULL, NULL, NULL, NULL, NULL, NULL, NULL, NULL, NULL, NULL, NULL, NULL, NULL, NULL, NULL, 1, NULL, '2026-02-27 15:53:49', 1, '2026-02-27 15:53:49'),
(2, 1, NULL, NULL, 'Nancy', NULL, NULL, NULL, NULL, NULL, NULL, NULL, NULL, NULL, NULL, NULL, 'es', 0, 0, NULL, NULL, NULL, NULL, NULL, NULL, NULL, NULL, NULL, NULL, NULL, NULL, NULL, NULL, NULL, NULL, 1, NULL, '2026-02-27 15:53:49', 1, '2026-02-27 15:53:49'),
(3, 1, NULL, NULL, 'Christopher', NULL, NULL, NULL, NULL, NULL, NULL, NULL, NULL, NULL, NULL, NULL, 'es', 0, 0, NULL, NULL, NULL, NULL, NULL, NULL, NULL, NULL, NULL, NULL, NULL, NULL, NULL, NULL, NULL, NULL, 1, NULL, '2026-02-27 15:53:49', 1, '2026-02-27 15:53:49'),
(4, 1, NULL, NULL, 'Brenda', NULL, NULL, NULL, NULL, NULL, NULL, NULL, NULL, NULL, NULL, NULL, 'es', 0, 0, NULL, NULL, NULL, NULL, NULL, NULL, NULL, NULL, NULL, NULL, NULL, NULL, NULL, NULL, NULL, NULL, 1, NULL, '2026-02-27 15:53:49', 1, '2026-02-27 15:53:49'),
(5, 1, NULL, NULL, 'Estrella', NULL, NULL, NULL, NULL, NULL, NULL, NULL, NULL, NULL, NULL, NULL, 'es', 0, 0, NULL, NULL, NULL, NULL, NULL, NULL, NULL, NULL, NULL, NULL, NULL, NULL, NULL, NULL, NULL, NULL, 1, NULL, '2026-02-27 15:53:49', 1, '2026-02-27 15:53:49'),
(6, 1, NULL, NULL, 'Larissa', NULL, NULL, NULL, NULL, NULL, NULL, NULL, NULL, NULL, NULL, NULL, 'es', 0, 0, NULL, NULL, NULL, NULL, NULL, NULL, NULL, NULL, NULL, NULL, NULL, NULL, NULL, NULL, NULL, NULL, 1, NULL, '2026-02-27 15:53:49', 1, '2026-02-27 15:53:49'),
(7, 1, NULL, NULL, 'Christin', NULL, NULL, NULL, NULL, NULL, NULL, NULL, NULL, NULL, NULL, NULL, 'es', 0, 0, NULL, NULL, NULL, NULL, NULL, NULL, NULL, NULL, NULL, NULL, NULL, NULL, NULL, NULL, NULL, NULL, 1, NULL, '2026-02-27 15:53:49', 1, '2026-02-27 15:53:49'),
(8, 1, NULL, NULL, 'Julián', NULL, NULL, NULL, NULL, NULL, NULL, NULL, NULL, NULL, NULL, NULL, 'es', 0, 0, NULL, NULL, NULL, NULL, NULL, NULL, NULL, NULL, NULL, NULL, NULL, NULL, NULL, NULL, NULL, NULL, 1, NULL, '2026-02-27 15:53:49', 1, '2026-02-27 15:53:49'),
(9, 1, NULL, NULL, 'Marco Emilio', NULL, NULL, NULL, NULL, NULL, NULL, NULL, NULL, NULL, NULL, NULL, 'es', 0, 0, NULL, NULL, NULL, NULL, NULL, NULL, NULL, NULL, NULL, NULL, NULL, NULL, NULL, NULL, NULL, NULL, 1, NULL, '2026-02-27 15:53:49', 1, '2026-02-27 15:53:49'),
(10, 1, NULL, NULL, 'Roberta', NULL, NULL, NULL, NULL, NULL, NULL, NULL, NULL, NULL, NULL, NULL, 'es', 0, 0, NULL, NULL, NULL, NULL, NULL, NULL, NULL, NULL, NULL, NULL, NULL, NULL, NULL, NULL, NULL, NULL, 1, NULL, '2026-02-27 15:53:49', 1, '2026-02-27 15:53:49'),
(11, 1, NULL, NULL, 'Blair', NULL, NULL, NULL, NULL, NULL, NULL, NULL, NULL, NULL, NULL, NULL, 'es', 0, 0, NULL, NULL, NULL, NULL, NULL, NULL, NULL, NULL, NULL, NULL, NULL, NULL, NULL, NULL, NULL, NULL, 1, NULL, '2026-02-27 15:53:49', 1, '2026-02-27 15:53:49'),
(12, 1, NULL, NULL, 'Kennet', NULL, NULL, NULL, NULL, NULL, NULL, NULL, NULL, NULL, NULL, NULL, 'es', 0, 0, NULL, NULL, NULL, NULL, NULL, NULL, NULL, NULL, NULL, NULL, NULL, NULL, NULL, NULL, NULL, NULL, 1, NULL, '2026-02-27 15:53:49', 1, '2026-02-27 15:53:49'),
(13, 1, NULL, NULL, 'Daniela cancelando', NULL, NULL, NULL, NULL, NULL, NULL, NULL, NULL, NULL, NULL, NULL, 'es', 0, 0, NULL, NULL, NULL, NULL, NULL, NULL, NULL, NULL, NULL, NULL, NULL, NULL, NULL, NULL, NULL, NULL, 1, NULL, '2026-02-27 15:53:49', 1, '2026-02-27 15:53:49'),
(14, 1, NULL, NULL, 'Alicia', NULL, NULL, NULL, NULL, NULL, NULL, NULL, NULL, NULL, NULL, NULL, 'es', 0, 0, NULL, NULL, NULL, NULL, NULL, NULL, NULL, NULL, NULL, NULL, NULL, NULL, NULL, NULL, NULL, NULL, 1, NULL, '2026-02-27 15:53:49', 1, '2026-02-27 15:53:49'),
(15, 1, NULL, NULL, 'Alicia', NULL, NULL, NULL, NULL, NULL, NULL, NULL, NULL, NULL, NULL, NULL, 'es', 0, 0, NULL, NULL, NULL, NULL, NULL, NULL, NULL, NULL, NULL, NULL, NULL, NULL, NULL, NULL, NULL, NULL, 1, NULL, '2026-02-27 15:53:49', 1, '2026-02-27 15:53:49'),
(16, 1, NULL, NULL, 'Carlos', NULL, NULL, NULL, NULL, NULL, NULL, NULL, NULL, NULL, NULL, NULL, 'es', 0, 0, NULL, NULL, NULL, NULL, NULL, NULL, NULL, NULL, NULL, NULL, NULL, NULL, NULL, NULL, NULL, NULL, 1, NULL, '2026-02-27 15:53:49', 1, '2026-02-27 15:53:49'),
(17, 1, NULL, NULL, 'Miruna', NULL, NULL, NULL, NULL, NULL, NULL, NULL, NULL, NULL, NULL, NULL, 'es', 0, 0, NULL, NULL, NULL, NULL, NULL, NULL, NULL, NULL, NULL, NULL, NULL, NULL, NULL, NULL, NULL, NULL, 1, NULL, '2026-02-27 15:53:49', 1, '2026-02-27 15:53:49'),
(18, 1, NULL, NULL, 'Nicoleta', NULL, NULL, NULL, NULL, NULL, NULL, NULL, NULL, NULL, NULL, NULL, 'es', 0, 0, NULL, NULL, NULL, NULL, NULL, NULL, NULL, NULL, NULL, NULL, NULL, NULL, NULL, NULL, NULL, NULL, 1, NULL, '2026-02-27 15:53:49', 1, '2026-02-27 15:53:49'),
(19, 1, NULL, NULL, 'Rafael y Daniel facturan', NULL, NULL, NULL, NULL, NULL, NULL, NULL, NULL, NULL, NULL, NULL, 'es', 0, 0, NULL, NULL, NULL, NULL, NULL, NULL, NULL, NULL, NULL, NULL, NULL, NULL, NULL, NULL, NULL, NULL, 1, NULL, '2026-02-27 15:53:49', 1, '2026-02-27 15:53:49'),
(20, 1, NULL, NULL, 'Emilio', NULL, NULL, NULL, NULL, NULL, NULL, NULL, NULL, NULL, NULL, NULL, 'es', 0, 0, NULL, NULL, NULL, NULL, NULL, NULL, NULL, NULL, NULL, NULL, NULL, NULL, NULL, NULL, NULL, NULL, 1, NULL, '2026-02-27 15:53:49', 1, '2026-02-27 15:53:49'),
(21, 1, NULL, NULL, 'Emilio', NULL, NULL, NULL, NULL, NULL, NULL, NULL, NULL, NULL, NULL, NULL, 'es', 0, 0, NULL, NULL, NULL, NULL, NULL, NULL, NULL, NULL, NULL, NULL, NULL, NULL, NULL, NULL, NULL, NULL, 1, NULL, '2026-02-27 15:53:49', 1, '2026-02-27 15:53:49'),
(22, 1, NULL, NULL, 'Reina', NULL, NULL, NULL, NULL, NULL, NULL, NULL, NULL, NULL, NULL, NULL, 'es', 0, 0, NULL, NULL, NULL, NULL, NULL, NULL, NULL, NULL, NULL, NULL, NULL, NULL, NULL, NULL, NULL, NULL, 1, NULL, '2026-02-27 15:53:49', 1, '2026-02-27 15:53:49'),
(23, 1, NULL, NULL, 'Roberto', NULL, NULL, NULL, NULL, NULL, NULL, NULL, NULL, NULL, NULL, NULL, 'es', 0, 0, NULL, NULL, NULL, NULL, NULL, NULL, NULL, NULL, NULL, NULL, NULL, NULL, NULL, NULL, NULL, NULL, 1, NULL, '2026-02-27 15:53:49', 1, '2026-02-27 15:53:49'),
(24, 1, NULL, NULL, 'Louis', NULL, NULL, NULL, NULL, NULL, NULL, NULL, NULL, NULL, NULL, NULL, 'es', 0, 0, NULL, NULL, NULL, NULL, NULL, NULL, NULL, NULL, NULL, NULL, NULL, NULL, NULL, NULL, NULL, NULL, 1, NULL, '2026-02-27 15:53:49', 1, '2026-02-27 15:53:49'),
(25, 1, NULL, NULL, 'Aube', NULL, NULL, NULL, NULL, NULL, NULL, NULL, NULL, NULL, NULL, NULL, 'es', 0, 0, NULL, NULL, NULL, NULL, NULL, NULL, NULL, NULL, NULL, NULL, NULL, NULL, NULL, NULL, NULL, NULL, 1, NULL, '2026-02-27 15:53:49', 1, '2026-02-27 15:53:49'),
(26, 1, NULL, NULL, 'Arturo', NULL, NULL, NULL, NULL, NULL, NULL, NULL, NULL, NULL, NULL, NULL, 'es', 0, 0, NULL, NULL, NULL, NULL, NULL, NULL, NULL, NULL, NULL, NULL, NULL, NULL, NULL, NULL, NULL, NULL, 1, NULL, '2026-02-27 15:53:49', 1, '2026-02-27 15:53:49'),
(27, 1, NULL, NULL, 'Pierre', NULL, NULL, NULL, NULL, NULL, NULL, NULL, NULL, NULL, NULL, NULL, 'es', 0, 0, NULL, NULL, NULL, NULL, NULL, NULL, NULL, NULL, NULL, NULL, NULL, NULL, NULL, NULL, NULL, NULL, 1, NULL, '2026-02-27 15:53:49', 1, '2026-02-27 15:53:49'),
(28, 1, NULL, NULL, 'Briselda', NULL, NULL, NULL, NULL, NULL, NULL, NULL, NULL, NULL, NULL, NULL, 'es', 0, 0, NULL, NULL, NULL, NULL, NULL, NULL, NULL, NULL, NULL, NULL, NULL, NULL, NULL, NULL, NULL, NULL, 1, NULL, '2026-02-27 15:53:49', 1, '2026-02-27 15:53:49'),
(29, 1, NULL, NULL, 'Daw', NULL, NULL, NULL, NULL, NULL, NULL, NULL, NULL, NULL, NULL, NULL, 'es', 0, 0, NULL, NULL, NULL, NULL, NULL, NULL, NULL, NULL, NULL, NULL, NULL, NULL, NULL, NULL, NULL, NULL, 1, NULL, '2026-02-27 15:53:49', 1, '2026-02-27 15:53:49'),
(30, 1, NULL, NULL, 'Gustavo', NULL, NULL, NULL, NULL, NULL, NULL, NULL, NULL, NULL, NULL, NULL, 'es', 0, 0, NULL, NULL, NULL, NULL, NULL, NULL, NULL, NULL, NULL, NULL, NULL, NULL, NULL, NULL, NULL, NULL, 1, NULL, '2026-02-27 15:53:49', 1, '2026-02-27 15:53:49'),
(31, 1, NULL, NULL, 'Cristina', NULL, NULL, NULL, NULL, NULL, NULL, NULL, NULL, NULL, NULL, NULL, 'es', 0, 0, NULL, NULL, NULL, NULL, NULL, NULL, NULL, NULL, NULL, NULL, NULL, NULL, NULL, NULL, NULL, NULL, 1, NULL, '2026-02-27 15:53:49', 1, '2026-02-27 15:53:49'),
(32, 1, NULL, NULL, 'Gustavo', NULL, NULL, NULL, NULL, NULL, NULL, NULL, NULL, NULL, NULL, NULL, 'es', 0, 0, NULL, NULL, NULL, NULL, NULL, NULL, NULL, NULL, NULL, NULL, NULL, NULL, NULL, NULL, NULL, NULL, 1, NULL, '2026-02-27 15:53:49', 1, '2026-02-27 15:53:49'),
(33, 1, NULL, NULL, 'Raul', NULL, NULL, NULL, NULL, NULL, NULL, NULL, NULL, NULL, NULL, NULL, 'es', 0, 0, NULL, NULL, NULL, NULL, NULL, NULL, NULL, NULL, NULL, NULL, NULL, NULL, NULL, NULL, NULL, NULL, 1, NULL, '2026-02-27 15:53:49', 1, '2026-02-27 15:53:49'),
(34, 1, NULL, NULL, 'Daniel', NULL, NULL, NULL, NULL, NULL, NULL, NULL, NULL, NULL, NULL, NULL, 'es', 0, 0, NULL, NULL, NULL, NULL, NULL, NULL, NULL, NULL, NULL, NULL, NULL, NULL, NULL, NULL, NULL, NULL, 1, NULL, '2026-02-27 15:53:49', 1, '2026-02-27 15:53:49'),
(35, 1, NULL, NULL, 'Adriana', NULL, NULL, NULL, NULL, NULL, NULL, NULL, NULL, NULL, NULL, NULL, 'es', 0, 0, NULL, NULL, NULL, NULL, NULL, NULL, NULL, NULL, NULL, NULL, NULL, NULL, NULL, NULL, NULL, NULL, 1, NULL, '2026-02-27 15:53:49', 1, '2026-02-27 15:53:49'),
(36, 1, NULL, NULL, 'Yuna', NULL, NULL, NULL, NULL, NULL, NULL, NULL, NULL, NULL, NULL, NULL, 'es', 0, 0, NULL, NULL, NULL, NULL, NULL, NULL, NULL, NULL, NULL, NULL, NULL, NULL, NULL, NULL, NULL, NULL, 1, NULL, '2026-02-27 15:53:49', 1, '2026-02-27 15:53:49'),
(37, 1, NULL, NULL, 'Dilaria', NULL, NULL, NULL, NULL, NULL, NULL, NULL, NULL, NULL, NULL, NULL, 'es', 0, 0, NULL, NULL, NULL, NULL, NULL, NULL, NULL, NULL, NULL, NULL, NULL, NULL, NULL, NULL, NULL, NULL, 1, NULL, '2026-02-27 15:53:49', 1, '2026-02-27 15:53:49'),
(38, 1, NULL, NULL, 'Señora aurora', NULL, NULL, NULL, NULL, NULL, NULL, NULL, NULL, NULL, NULL, NULL, 'es', 0, 0, NULL, NULL, NULL, NULL, NULL, NULL, NULL, NULL, NULL, NULL, NULL, NULL, NULL, NULL, NULL, NULL, 1, NULL, '2026-02-27 15:53:49', 1, '2026-02-27 15:53:49'),
(39, 1, NULL, NULL, 'José', NULL, NULL, NULL, NULL, NULL, NULL, NULL, NULL, NULL, NULL, NULL, 'es', 0, 0, NULL, NULL, NULL, NULL, NULL, NULL, NULL, NULL, NULL, NULL, NULL, NULL, NULL, NULL, NULL, NULL, 1, NULL, '2026-02-27 15:53:49', 1, '2026-02-27 15:53:49'),
(40, 1, NULL, NULL, 'Monica', NULL, NULL, NULL, NULL, NULL, NULL, NULL, NULL, NULL, NULL, NULL, 'es', 0, 0, NULL, NULL, NULL, NULL, NULL, NULL, NULL, NULL, NULL, NULL, NULL, NULL, NULL, NULL, NULL, NULL, 1, NULL, '2026-02-27 15:53:49', 1, '2026-02-27 15:53:49'),
(41, 1, NULL, NULL, 'Pam', NULL, NULL, NULL, NULL, NULL, NULL, NULL, NULL, NULL, NULL, NULL, 'es', 0, 0, NULL, NULL, NULL, NULL, NULL, NULL, NULL, NULL, NULL, NULL, NULL, NULL, NULL, NULL, NULL, NULL, 1, NULL, '2026-02-27 15:53:49', 1, '2026-02-27 15:53:49'),
(42, 1, NULL, NULL, 'José', NULL, NULL, NULL, NULL, NULL, NULL, NULL, NULL, NULL, NULL, NULL, 'es', 0, 0, NULL, NULL, NULL, NULL, NULL, NULL, NULL, NULL, NULL, NULL, NULL, NULL, NULL, NULL, NULL, NULL, 1, NULL, '2026-02-27 15:53:49', 1, '2026-02-27 15:53:49'),
(43, 1, NULL, NULL, 'Aidé', NULL, NULL, NULL, NULL, NULL, NULL, NULL, NULL, NULL, NULL, NULL, 'es', 0, 0, NULL, NULL, NULL, NULL, NULL, NULL, NULL, NULL, NULL, NULL, NULL, NULL, NULL, NULL, NULL, NULL, 1, NULL, '2026-02-27 15:53:49', 1, '2026-02-27 15:53:49'),
(44, 1, NULL, NULL, 'Midori', NULL, NULL, NULL, NULL, NULL, NULL, NULL, NULL, NULL, NULL, NULL, 'es', 0, 0, NULL, NULL, NULL, NULL, NULL, NULL, NULL, NULL, NULL, NULL, NULL, NULL, NULL, NULL, NULL, NULL, 1, NULL, '2026-02-27 15:53:49', 1, '2026-02-27 15:53:49'),
(45, 1, NULL, NULL, 'Lena', NULL, NULL, NULL, NULL, NULL, NULL, NULL, NULL, NULL, NULL, NULL, 'es', 0, 0, NULL, NULL, NULL, NULL, NULL, NULL, NULL, NULL, NULL, NULL, NULL, NULL, NULL, NULL, NULL, NULL, 1, NULL, '2026-02-27 15:53:49', 1, '2026-02-27 15:53:49'),
(46, 1, NULL, NULL, 'Merlin', NULL, NULL, NULL, NULL, NULL, NULL, NULL, NULL, NULL, NULL, NULL, 'es', 0, 0, NULL, NULL, NULL, NULL, NULL, NULL, NULL, NULL, NULL, NULL, NULL, NULL, NULL, NULL, NULL, NULL, 1, NULL, '2026-02-27 15:53:49', 1, '2026-02-27 15:53:49'),
(47, 1, NULL, NULL, 'Clement', NULL, NULL, NULL, NULL, NULL, NULL, NULL, NULL, NULL, NULL, NULL, 'es', 0, 0, NULL, NULL, NULL, NULL, NULL, NULL, NULL, NULL, NULL, NULL, NULL, NULL, NULL, NULL, NULL, NULL, 1, NULL, '2026-02-27 15:53:49', 1, '2026-02-27 15:53:49'),
(48, 1, NULL, NULL, 'Adriana', NULL, NULL, NULL, NULL, NULL, NULL, NULL, NULL, NULL, NULL, NULL, 'es', 0, 0, NULL, NULL, NULL, NULL, NULL, NULL, NULL, NULL, NULL, NULL, NULL, NULL, NULL, NULL, NULL, NULL, 1, NULL, '2026-02-27 15:53:49', 1, '2026-02-27 15:53:49'),
(49, 1, NULL, NULL, 'Jesús', NULL, NULL, NULL, NULL, NULL, NULL, NULL, NULL, NULL, NULL, NULL, 'es', 0, 0, NULL, NULL, NULL, NULL, NULL, NULL, NULL, NULL, NULL, NULL, NULL, NULL, NULL, NULL, NULL, NULL, 1, NULL, '2026-02-27 15:53:49', 1, '2026-02-27 15:53:49'),
(50, 1, NULL, NULL, 'Jennifer', NULL, NULL, NULL, NULL, NULL, NULL, NULL, NULL, NULL, NULL, NULL, 'es', 0, 0, NULL, NULL, NULL, NULL, NULL, NULL, NULL, NULL, NULL, NULL, NULL, NULL, NULL, NULL, NULL, NULL, 1, NULL, '2026-02-27 15:53:49', 1, '2026-02-27 15:53:49'),
(51, 1, NULL, NULL, 'Dulce', NULL, NULL, NULL, NULL, NULL, NULL, NULL, NULL, NULL, NULL, NULL, 'es', 0, 0, NULL, NULL, NULL, NULL, NULL, NULL, NULL, NULL, NULL, NULL, NULL, NULL, NULL, NULL, NULL, NULL, 1, NULL, '2026-02-27 15:53:49', 1, '2026-02-27 15:53:49'),
(52, 1, NULL, NULL, 'Jessica', NULL, NULL, NULL, NULL, NULL, NULL, NULL, NULL, NULL, NULL, NULL, 'es', 0, 0, NULL, NULL, NULL, NULL, NULL, NULL, NULL, NULL, NULL, NULL, NULL, NULL, NULL, NULL, NULL, NULL, 1, NULL, '2026-02-27 15:53:49', 1, '2026-02-27 15:53:49'),
(53, 1, NULL, NULL, 'José', NULL, NULL, NULL, NULL, NULL, NULL, NULL, NULL, NULL, NULL, NULL, 'es', 0, 0, NULL, NULL, NULL, NULL, NULL, NULL, NULL, NULL, NULL, NULL, NULL, NULL, NULL, NULL, NULL, NULL, 1, NULL, '2026-02-27 15:53:49', 1, '2026-02-27 15:53:49'),
(54, 1, NULL, NULL, 'Octavio', NULL, NULL, NULL, NULL, NULL, NULL, NULL, NULL, NULL, NULL, NULL, 'es', 0, 0, NULL, NULL, NULL, NULL, NULL, NULL, NULL, NULL, NULL, NULL, NULL, NULL, NULL, NULL, NULL, NULL, 1, NULL, '2026-02-27 15:53:49', 1, '2026-02-27 15:53:49'),
(55, 1, NULL, NULL, 'Abril cancelando pero dar 5041 a aurora', NULL, NULL, NULL, NULL, NULL, NULL, NULL, NULL, NULL, NULL, NULL, 'es', 0, 0, NULL, NULL, NULL, NULL, NULL, NULL, NULL, NULL, NULL, NULL, NULL, NULL, NULL, NULL, NULL, NULL, 1, NULL, '2026-02-27 15:53:49', 1, '2026-02-27 15:53:49'),
(56, 1, NULL, NULL, 'Gómez', NULL, NULL, NULL, NULL, NULL, NULL, NULL, NULL, NULL, NULL, NULL, 'es', 0, 0, NULL, NULL, NULL, NULL, NULL, NULL, NULL, NULL, NULL, NULL, NULL, NULL, NULL, NULL, NULL, NULL, 1, NULL, '2026-02-27 15:53:49', 1, '2026-02-27 15:53:49'),
(57, 1, NULL, NULL, 'Maribel', NULL, NULL, NULL, NULL, NULL, NULL, NULL, NULL, NULL, NULL, NULL, 'es', 0, 0, NULL, NULL, NULL, NULL, NULL, NULL, NULL, NULL, NULL, NULL, NULL, NULL, NULL, NULL, NULL, NULL, 1, NULL, '2026-02-27 15:53:49', 1, '2026-02-27 15:53:49'),
(58, 1, NULL, NULL, 'Briselda', NULL, NULL, NULL, NULL, NULL, NULL, NULL, NULL, NULL, NULL, NULL, 'es', 0, 0, NULL, NULL, NULL, NULL, NULL, NULL, NULL, NULL, NULL, NULL, NULL, NULL, NULL, NULL, NULL, NULL, 1, NULL, '2026-02-27 15:53:49', 1, '2026-02-27 15:53:49'),
(59, 1, NULL, NULL, 'Antonio', NULL, NULL, NULL, NULL, NULL, NULL, NULL, NULL, NULL, NULL, NULL, 'es', 0, 0, NULL, NULL, NULL, NULL, NULL, NULL, NULL, NULL, NULL, NULL, NULL, NULL, NULL, NULL, NULL, NULL, 1, NULL, '2026-02-27 15:53:49', 1, '2026-02-27 15:53:49'),
(60, 1, NULL, NULL, 'Aarón', NULL, NULL, NULL, NULL, NULL, NULL, NULL, NULL, NULL, NULL, NULL, 'es', 0, 0, NULL, NULL, NULL, NULL, NULL, NULL, NULL, NULL, NULL, NULL, NULL, NULL, NULL, NULL, NULL, NULL, 1, NULL, '2026-02-27 15:53:49', 1, '2026-02-27 15:53:49'),
(61, 1, NULL, NULL, 'Daniela', NULL, NULL, NULL, NULL, NULL, NULL, NULL, NULL, NULL, NULL, NULL, 'es', 0, 0, NULL, NULL, NULL, NULL, NULL, NULL, NULL, NULL, NULL, NULL, NULL, NULL, NULL, NULL, NULL, NULL, 1, NULL, '2026-02-27 15:53:49', 1, '2026-02-27 15:53:49'),
(62, 1, NULL, NULL, 'Carlos', NULL, NULL, NULL, NULL, NULL, NULL, NULL, NULL, NULL, NULL, NULL, 'es', 0, 0, NULL, NULL, NULL, NULL, NULL, NULL, NULL, NULL, NULL, NULL, NULL, NULL, NULL, NULL, NULL, NULL, 1, NULL, '2026-02-27 15:53:49', 1, '2026-02-27 15:53:49'),
(63, 1, NULL, NULL, 'María', NULL, NULL, NULL, NULL, NULL, NULL, NULL, NULL, NULL, NULL, NULL, 'es', 0, 0, NULL, NULL, NULL, NULL, NULL, NULL, NULL, NULL, NULL, NULL, NULL, NULL, NULL, NULL, NULL, NULL, 1, NULL, '2026-02-27 15:53:49', 1, '2026-02-27 15:53:49'),
(64, 1, NULL, NULL, 'Daisy', NULL, NULL, NULL, NULL, NULL, NULL, NULL, NULL, NULL, NULL, NULL, 'es', 0, 0, NULL, NULL, NULL, NULL, NULL, NULL, NULL, NULL, NULL, NULL, NULL, NULL, NULL, NULL, NULL, NULL, 1, NULL, '2026-02-27 15:53:49', 1, '2026-02-27 15:53:49'),
(65, 1, NULL, NULL, 'Antonio', NULL, NULL, NULL, NULL, NULL, NULL, NULL, NULL, NULL, NULL, NULL, 'es', 0, 0, NULL, NULL, NULL, NULL, NULL, NULL, NULL, NULL, NULL, NULL, NULL, NULL, NULL, NULL, NULL, NULL, 1, NULL, '2026-02-27 15:53:49', 1, '2026-02-27 15:53:49'),
(66, 1, NULL, NULL, 'Isarel', NULL, NULL, NULL, NULL, NULL, NULL, NULL, NULL, NULL, NULL, NULL, 'es', 0, 0, NULL, NULL, NULL, NULL, NULL, NULL, NULL, NULL, NULL, NULL, NULL, NULL, NULL, NULL, NULL, NULL, 1, NULL, '2026-02-27 15:53:49', 1, '2026-02-27 15:53:49'),
(67, 1, NULL, NULL, 'Eliot', NULL, NULL, NULL, NULL, NULL, NULL, NULL, NULL, NULL, NULL, NULL, 'es', 0, 0, NULL, NULL, NULL, NULL, NULL, NULL, NULL, NULL, NULL, NULL, NULL, NULL, NULL, NULL, NULL, NULL, 1, NULL, '2026-02-27 15:53:49', 1, '2026-02-27 15:53:49'),
(68, 1, NULL, NULL, 'Jose', NULL, NULL, NULL, NULL, NULL, NULL, NULL, NULL, NULL, NULL, NULL, 'es', 0, 0, NULL, NULL, NULL, NULL, NULL, NULL, NULL, NULL, NULL, NULL, NULL, NULL, NULL, NULL, NULL, NULL, 1, NULL, '2026-02-27 15:53:49', 1, '2026-02-27 15:53:49'),
(69, 1, NULL, NULL, 'José', NULL, NULL, NULL, NULL, NULL, NULL, NULL, NULL, NULL, NULL, NULL, 'es', 0, 0, NULL, NULL, NULL, NULL, NULL, NULL, NULL, NULL, NULL, NULL, NULL, NULL, NULL, NULL, NULL, NULL, 1, NULL, '2026-02-27 15:53:49', 1, '2026-02-27 15:53:49'),
(70, 1, NULL, NULL, 'Chiara', NULL, NULL, NULL, NULL, NULL, NULL, NULL, NULL, NULL, NULL, NULL, 'es', 0, 0, NULL, NULL, NULL, NULL, NULL, NULL, NULL, NULL, NULL, NULL, NULL, NULL, NULL, NULL, NULL, NULL, 1, NULL, '2026-02-27 15:53:49', 1, '2026-02-27 15:53:49'),
(71, 1, NULL, NULL, 'Miguel Ángel', NULL, NULL, NULL, NULL, NULL, NULL, NULL, NULL, NULL, NULL, NULL, 'es', 0, 0, NULL, NULL, NULL, NULL, NULL, NULL, NULL, NULL, NULL, NULL, NULL, NULL, NULL, NULL, NULL, NULL, 1, NULL, '2026-02-27 15:53:49', 1, '2026-02-27 15:53:49'),
(72, 1, NULL, NULL, 'Alberede', NULL, NULL, NULL, NULL, NULL, NULL, NULL, NULL, NULL, NULL, NULL, 'es', 0, 0, NULL, NULL, NULL, NULL, NULL, NULL, NULL, NULL, NULL, NULL, NULL, NULL, NULL, NULL, NULL, NULL, 1, NULL, '2026-02-27 15:53:49', 1, '2026-02-27 15:53:49'),
(73, 1, NULL, NULL, 'Amber', NULL, NULL, NULL, NULL, NULL, NULL, NULL, NULL, NULL, NULL, NULL, 'es', 0, 0, NULL, NULL, NULL, NULL, NULL, NULL, NULL, NULL, NULL, NULL, NULL, NULL, NULL, NULL, NULL, NULL, 1, NULL, '2026-02-27 15:53:49', 1, '2026-02-27 15:53:49'),
(74, 1, NULL, NULL, 'Lena', NULL, NULL, NULL, NULL, NULL, NULL, NULL, NULL, NULL, NULL, NULL, 'es', 0, 0, NULL, NULL, NULL, NULL, NULL, NULL, NULL, NULL, NULL, NULL, NULL, NULL, NULL, NULL, NULL, NULL, 1, NULL, '2026-02-27 15:53:49', 1, '2026-02-27 15:53:49'),
(75, 1, NULL, NULL, 'Maria Magdalena *200*', NULL, NULL, NULL, NULL, NULL, NULL, NULL, NULL, NULL, NULL, NULL, 'es', 0, 0, NULL, NULL, NULL, NULL, NULL, NULL, NULL, NULL, NULL, NULL, NULL, NULL, NULL, NULL, NULL, NULL, 1, NULL, '2026-02-27 15:53:49', 1, '2026-02-27 15:53:49'),
(76, 1, NULL, NULL, 'Anely', NULL, NULL, NULL, NULL, NULL, NULL, NULL, NULL, NULL, NULL, NULL, 'es', 0, 0, NULL, NULL, NULL, NULL, NULL, NULL, NULL, NULL, NULL, NULL, NULL, NULL, NULL, NULL, NULL, NULL, 1, NULL, '2026-02-27 15:53:49', 1, '2026-02-27 15:53:49'),
(77, 1, NULL, NULL, 'Lorena *1056*', NULL, NULL, NULL, NULL, NULL, NULL, NULL, NULL, NULL, NULL, NULL, 'es', 0, 0, NULL, NULL, NULL, NULL, NULL, NULL, NULL, NULL, NULL, NULL, NULL, NULL, NULL, NULL, NULL, NULL, 1, NULL, '2026-02-27 15:53:49', 1, '2026-02-27 15:53:49'),
(78, 1, NULL, NULL, 'Fer', NULL, NULL, NULL, NULL, NULL, NULL, NULL, NULL, NULL, NULL, NULL, 'es', 0, 0, NULL, NULL, NULL, NULL, NULL, NULL, NULL, NULL, NULL, NULL, NULL, NULL, NULL, NULL, NULL, NULL, 1, NULL, '2026-02-27 15:53:49', 1, '2026-02-27 15:53:49'),
(79, 1, NULL, NULL, 'Douglas', NULL, NULL, NULL, NULL, NULL, NULL, NULL, NULL, NULL, NULL, NULL, 'es', 0, 0, NULL, NULL, NULL, NULL, NULL, NULL, NULL, NULL, NULL, NULL, NULL, NULL, NULL, NULL, NULL, NULL, 1, NULL, '2026-02-27 15:53:49', 1, '2026-02-27 15:53:49'),
(80, 1, NULL, NULL, 'Douglas extension', NULL, NULL, NULL, NULL, NULL, NULL, NULL, NULL, NULL, NULL, NULL, 'es', 0, 0, NULL, NULL, NULL, NULL, NULL, NULL, NULL, NULL, NULL, NULL, NULL, NULL, NULL, NULL, NULL, NULL, 1, NULL, '2026-02-27 15:53:49', 1, '2026-02-27 15:53:49'),
(81, 1, NULL, NULL, 'Regalado *882*', NULL, NULL, NULL, NULL, NULL, NULL, NULL, NULL, NULL, NULL, NULL, 'es', 0, 0, NULL, NULL, NULL, NULL, NULL, NULL, NULL, NULL, NULL, NULL, NULL, NULL, NULL, NULL, NULL, NULL, 1, NULL, '2026-02-27 15:53:49', 1, '2026-02-27 15:53:49'),
(82, 1, NULL, NULL, 'Regalado', NULL, NULL, NULL, NULL, NULL, NULL, NULL, NULL, NULL, NULL, NULL, 'es', 0, 0, NULL, NULL, NULL, NULL, NULL, NULL, NULL, NULL, NULL, NULL, NULL, NULL, NULL, NULL, NULL, NULL, 1, NULL, '2026-02-27 15:53:49', 1, '2026-02-27 15:53:49'),
(83, 1, NULL, NULL, 'Macarena', NULL, NULL, NULL, NULL, NULL, NULL, NULL, NULL, NULL, NULL, NULL, 'es', 0, 0, NULL, NULL, NULL, NULL, NULL, NULL, NULL, NULL, NULL, NULL, NULL, NULL, NULL, NULL, NULL, NULL, 1, NULL, '2026-02-27 15:53:49', 1, '2026-02-27 15:53:49'),
(84, 1, NULL, NULL, 'Annie', NULL, NULL, NULL, NULL, NULL, NULL, NULL, NULL, NULL, NULL, NULL, 'es', 0, 0, NULL, NULL, NULL, NULL, NULL, NULL, NULL, NULL, NULL, NULL, NULL, NULL, NULL, NULL, NULL, NULL, 1, NULL, '2026-02-27 15:53:49', 1, '2026-02-27 15:53:49'),
(85, 1, NULL, NULL, 'Hayde', NULL, NULL, NULL, NULL, NULL, NULL, NULL, NULL, NULL, NULL, NULL, 'es', 0, 0, NULL, NULL, NULL, NULL, NULL, NULL, NULL, NULL, NULL, NULL, NULL, NULL, NULL, NULL, NULL, NULL, 1, NULL, '2026-02-27 15:53:49', 1, '2026-02-27 15:53:49'),
(86, 1, NULL, NULL, 'Daniel', NULL, NULL, NULL, NULL, NULL, NULL, NULL, NULL, NULL, NULL, NULL, 'es', 0, 0, NULL, NULL, NULL, NULL, NULL, NULL, NULL, NULL, NULL, NULL, NULL, NULL, NULL, NULL, NULL, NULL, 1, NULL, '2026-02-27 15:53:49', 1, '2026-02-27 15:53:49'),
(87, 1, NULL, NULL, 'Claudia', NULL, NULL, NULL, NULL, NULL, NULL, NULL, NULL, NULL, NULL, NULL, 'es', 0, 0, NULL, NULL, NULL, NULL, NULL, NULL, NULL, NULL, NULL, NULL, NULL, NULL, NULL, NULL, NULL, NULL, 1, NULL, '2026-02-27 15:53:49', 1, '2026-02-27 15:53:49'),
(88, 1, NULL, NULL, 'Alexander *857*', NULL, NULL, NULL, NULL, NULL, NULL, NULL, NULL, NULL, NULL, NULL, 'es', 0, 0, NULL, NULL, NULL, NULL, NULL, NULL, NULL, NULL, NULL, NULL, NULL, NULL, NULL, NULL, NULL, NULL, 1, NULL, '2026-02-27 15:53:49', 1, '2026-02-27 15:53:49'),
(89, 1, NULL, NULL, 'Sara', NULL, NULL, NULL, NULL, NULL, NULL, NULL, NULL, NULL, NULL, NULL, 'es', 0, 0, NULL, NULL, NULL, NULL, NULL, NULL, NULL, NULL, NULL, NULL, NULL, NULL, NULL, NULL, NULL, NULL, 1, NULL, '2026-02-27 15:53:49', 1, '2026-02-27 15:53:49'),
(90, 1, NULL, NULL, 'Dennis *1213*', NULL, NULL, NULL, NULL, NULL, NULL, NULL, NULL, NULL, NULL, NULL, 'es', 0, 0, NULL, NULL, NULL, NULL, NULL, NULL, NULL, NULL, NULL, NULL, NULL, NULL, NULL, NULL, NULL, NULL, 1, NULL, '2026-02-27 15:53:49', 1, '2026-02-27 15:53:49'),
(91, 1, NULL, NULL, 'Rose', NULL, NULL, NULL, NULL, NULL, NULL, NULL, NULL, NULL, NULL, NULL, 'es', 0, 0, NULL, NULL, NULL, NULL, NULL, NULL, NULL, NULL, NULL, NULL, NULL, NULL, NULL, NULL, NULL, NULL, 1, NULL, '2026-02-27 15:53:49', 1, '2026-02-27 15:53:49'),
(92, 1, NULL, NULL, 'Eric', NULL, NULL, NULL, NULL, NULL, NULL, NULL, NULL, NULL, NULL, NULL, 'es', 0, 0, NULL, NULL, NULL, NULL, NULL, NULL, NULL, NULL, NULL, NULL, NULL, NULL, NULL, NULL, NULL, NULL, 1, NULL, '2026-02-27 15:53:49', 1, '2026-02-27 15:53:49'),
(93, 1, NULL, NULL, 'Brisa **', NULL, NULL, NULL, NULL, NULL, NULL, NULL, NULL, NULL, NULL, NULL, 'es', 0, 0, NULL, NULL, NULL, NULL, NULL, NULL, NULL, NULL, NULL, NULL, NULL, NULL, NULL, NULL, NULL, NULL, 1, NULL, '2026-02-27 15:53:49', 1, '2026-02-27 15:53:49'),
(94, 1, NULL, NULL, 'Guo', NULL, NULL, NULL, NULL, NULL, NULL, NULL, NULL, NULL, NULL, NULL, 'es', 0, 0, NULL, NULL, NULL, NULL, NULL, NULL, NULL, NULL, NULL, NULL, NULL, NULL, NULL, NULL, NULL, NULL, 1, NULL, '2026-02-27 15:53:49', 1, '2026-02-27 15:53:49'),
(95, 1, NULL, NULL, 'Luz', NULL, NULL, NULL, NULL, NULL, NULL, NULL, NULL, NULL, NULL, NULL, 'es', 0, 0, NULL, NULL, NULL, NULL, NULL, NULL, NULL, NULL, NULL, NULL, NULL, NULL, NULL, NULL, NULL, NULL, 1, NULL, '2026-02-27 15:53:49', 1, '2026-02-27 15:53:49'),
(96, 1, NULL, NULL, 'Salome', NULL, NULL, NULL, NULL, NULL, NULL, NULL, NULL, NULL, NULL, NULL, 'es', 0, 0, NULL, NULL, NULL, NULL, NULL, NULL, NULL, NULL, NULL, NULL, NULL, NULL, NULL, NULL, NULL, NULL, 1, NULL, '2026-02-27 15:53:49', 1, '2026-02-27 15:53:49'),
(97, 1, NULL, NULL, 'Eibh', NULL, NULL, NULL, NULL, NULL, NULL, NULL, NULL, NULL, NULL, NULL, 'es', 0, 0, NULL, NULL, NULL, NULL, NULL, NULL, NULL, NULL, NULL, NULL, NULL, NULL, NULL, NULL, NULL, NULL, 1, NULL, '2026-02-27 15:53:49', 1, '2026-02-27 15:53:49'),
(98, 1, NULL, NULL, 'Jorge', NULL, NULL, NULL, NULL, NULL, NULL, NULL, NULL, NULL, NULL, NULL, 'es', 0, 0, NULL, NULL, NULL, NULL, NULL, NULL, NULL, NULL, NULL, NULL, NULL, NULL, NULL, NULL, NULL, NULL, 1, NULL, '2026-02-27 15:53:49', 1, '2026-02-27 15:53:49'),
(99, 1, NULL, NULL, 'Jorge', NULL, NULL, NULL, NULL, NULL, NULL, NULL, NULL, NULL, NULL, NULL, 'es', 0, 0, NULL, NULL, NULL, NULL, NULL, NULL, NULL, NULL, NULL, NULL, NULL, NULL, NULL, NULL, NULL, NULL, 1, NULL, '2026-02-27 15:53:49', 1, '2026-02-27 15:53:49'),
(100, 1, NULL, NULL, 'Laura **', NULL, NULL, NULL, NULL, NULL, NULL, NULL, NULL, NULL, NULL, NULL, 'es', 0, 0, NULL, NULL, NULL, NULL, NULL, NULL, NULL, NULL, NULL, NULL, NULL, NULL, NULL, NULL, NULL, NULL, 1, NULL, '2026-02-27 15:53:49', 1, '2026-02-27 15:53:49'),
(101, 1, NULL, NULL, 'Mariana **', NULL, NULL, NULL, NULL, NULL, NULL, NULL, NULL, NULL, NULL, NULL, 'es', 0, 0, NULL, NULL, NULL, NULL, NULL, NULL, NULL, NULL, NULL, NULL, NULL, NULL, NULL, NULL, NULL, NULL, 1, NULL, '2026-02-27 15:53:49', 1, '2026-02-27 15:53:49'),
(102, 1, NULL, NULL, 'Mariela *714*', NULL, NULL, NULL, NULL, NULL, NULL, NULL, NULL, NULL, NULL, NULL, 'es', 0, 0, NULL, NULL, NULL, NULL, NULL, NULL, NULL, NULL, NULL, NULL, NULL, NULL, NULL, NULL, NULL, NULL, 1, NULL, '2026-02-27 15:53:49', 1, '2026-02-27 15:53:49'),
(103, 1, NULL, NULL, 'Miguel*', NULL, NULL, NULL, NULL, NULL, NULL, NULL, NULL, NULL, NULL, NULL, 'es', 0, 0, NULL, NULL, NULL, NULL, NULL, NULL, NULL, NULL, NULL, NULL, NULL, NULL, NULL, NULL, NULL, NULL, 1, NULL, '2026-02-27 15:53:49', 1, '2026-02-27 15:53:49'),
(104, 1, NULL, NULL, 'Giadalh', NULL, NULL, NULL, NULL, NULL, NULL, NULL, NULL, NULL, NULL, NULL, 'es', 0, 0, NULL, NULL, NULL, NULL, NULL, NULL, NULL, NULL, NULL, NULL, NULL, NULL, NULL, NULL, NULL, NULL, 1, NULL, '2026-02-27 15:53:49', 1, '2026-02-27 15:53:49'),
(105, 1, NULL, NULL, 'Pau', NULL, NULL, NULL, NULL, NULL, NULL, NULL, NULL, NULL, NULL, NULL, 'es', 0, 0, NULL, NULL, NULL, NULL, NULL, NULL, NULL, NULL, NULL, NULL, NULL, NULL, NULL, NULL, NULL, NULL, 1, NULL, '2026-02-27 15:53:49', 1, '2026-02-27 15:53:49'),
(106, 1, NULL, NULL, 'Monn', NULL, NULL, NULL, NULL, NULL, NULL, NULL, NULL, NULL, NULL, NULL, 'es', 0, 0, NULL, NULL, NULL, NULL, NULL, NULL, NULL, NULL, NULL, NULL, NULL, NULL, NULL, NULL, NULL, NULL, 1, NULL, '2026-02-27 15:53:49', 1, '2026-02-27 15:53:49'),
(107, 1, NULL, NULL, 'Timo', NULL, NULL, NULL, NULL, NULL, NULL, NULL, NULL, NULL, NULL, NULL, 'es', 0, 0, NULL, NULL, NULL, NULL, NULL, NULL, NULL, NULL, NULL, NULL, NULL, NULL, NULL, NULL, NULL, NULL, 1, NULL, '2026-02-27 15:53:49', 1, '2026-02-27 15:53:49'),
(108, 1, NULL, NULL, 'Brisa', NULL, NULL, NULL, NULL, NULL, NULL, NULL, NULL, NULL, NULL, NULL, 'es', 0, 0, NULL, NULL, NULL, NULL, NULL, NULL, NULL, NULL, NULL, NULL, NULL, NULL, NULL, NULL, NULL, NULL, 1, NULL, '2026-02-27 15:53:49', 1, '2026-02-27 15:53:49'),
(109, 1, NULL, NULL, 'NICOLAS', NULL, NULL, NULL, NULL, NULL, NULL, NULL, NULL, NULL, NULL, NULL, 'es', 0, 0, NULL, NULL, NULL, NULL, NULL, NULL, NULL, NULL, NULL, NULL, NULL, NULL, NULL, NULL, NULL, NULL, 1, NULL, '2026-02-27 15:53:49', 1, '2026-02-27 15:53:49'),
(110, 1, NULL, NULL, 'Néstor', NULL, NULL, NULL, NULL, NULL, NULL, NULL, NULL, NULL, NULL, NULL, 'es', 0, 0, NULL, NULL, NULL, NULL, NULL, NULL, NULL, NULL, NULL, NULL, NULL, NULL, NULL, NULL, NULL, NULL, 1, NULL, '2026-02-27 15:53:49', 1, '2026-02-27 15:53:49'),
(111, 1, NULL, NULL, 'Gerardo', NULL, NULL, NULL, NULL, NULL, NULL, NULL, NULL, NULL, NULL, NULL, 'es', 0, 0, NULL, NULL, NULL, NULL, NULL, NULL, NULL, NULL, NULL, NULL, NULL, NULL, NULL, NULL, NULL, NULL, 1, NULL, '2026-02-27 15:53:49', 1, '2026-02-27 15:53:49'),
(112, 1, NULL, NULL, 'X', NULL, NULL, NULL, NULL, NULL, NULL, NULL, NULL, NULL, NULL, NULL, 'es', 0, 0, NULL, NULL, NULL, NULL, NULL, NULL, NULL, NULL, NULL, NULL, NULL, NULL, NULL, NULL, NULL, NULL, 1, NULL, '2026-02-27 15:53:49', 1, '2026-02-27 15:53:49'),
(113, 1, NULL, NULL, 'Gladis', NULL, NULL, NULL, NULL, NULL, NULL, NULL, NULL, NULL, NULL, NULL, 'es', 0, 0, NULL, NULL, NULL, NULL, NULL, NULL, NULL, NULL, NULL, NULL, NULL, NULL, NULL, NULL, NULL, NULL, 1, NULL, '2026-02-27 15:53:49', 1, '2026-02-27 15:53:49'),
(114, 1, NULL, NULL, 'Ailyn', NULL, NULL, NULL, NULL, NULL, NULL, NULL, NULL, NULL, NULL, NULL, 'es', 0, 0, NULL, NULL, NULL, NULL, NULL, NULL, NULL, NULL, NULL, NULL, NULL, NULL, NULL, NULL, NULL, NULL, 1, NULL, '2026-02-27 15:53:49', 1, '2026-02-27 15:53:49'),
(115, 1, NULL, NULL, 'Miri', NULL, NULL, NULL, NULL, NULL, NULL, NULL, NULL, NULL, NULL, NULL, 'es', 0, 0, NULL, NULL, NULL, NULL, NULL, NULL, NULL, NULL, NULL, NULL, NULL, NULL, NULL, NULL, NULL, NULL, 1, NULL, '2026-02-27 15:53:49', 1, '2026-02-27 15:53:49'),
(116, 1, NULL, NULL, 'Jazmin', NULL, NULL, NULL, NULL, NULL, NULL, NULL, NULL, NULL, NULL, NULL, 'es', 0, 0, NULL, NULL, NULL, NULL, NULL, NULL, NULL, NULL, NULL, NULL, NULL, NULL, NULL, NULL, NULL, NULL, 1, NULL, '2026-02-27 15:53:49', 1, '2026-02-27 15:53:49'),
(117, 1, NULL, NULL, 'Escarlet', NULL, NULL, NULL, NULL, NULL, NULL, NULL, NULL, NULL, NULL, NULL, 'es', 0, 0, NULL, NULL, NULL, NULL, NULL, NULL, NULL, NULL, NULL, NULL, NULL, NULL, NULL, NULL, NULL, NULL, 1, NULL, '2026-02-27 15:53:49', 1, '2026-02-27 15:53:49'),
(118, 1, NULL, NULL, 'Juan Diego', NULL, NULL, NULL, NULL, NULL, NULL, NULL, NULL, NULL, NULL, NULL, 'es', 0, 0, NULL, NULL, NULL, NULL, NULL, NULL, NULL, NULL, NULL, NULL, NULL, NULL, NULL, NULL, NULL, NULL, 1, NULL, '2026-02-27 15:53:49', 1, '2026-02-27 15:53:49'),
(119, 1, NULL, NULL, 'Amir **', NULL, NULL, NULL, NULL, NULL, NULL, NULL, NULL, NULL, NULL, NULL, 'es', 0, 0, NULL, NULL, NULL, NULL, NULL, NULL, NULL, NULL, NULL, NULL, NULL, NULL, NULL, NULL, NULL, NULL, 1, NULL, '2026-02-27 15:53:49', 1, '2026-02-27 15:53:49'),
(120, 1, NULL, NULL, 'Lorena', NULL, NULL, NULL, NULL, NULL, NULL, NULL, NULL, NULL, NULL, NULL, 'es', 0, 0, NULL, NULL, NULL, NULL, NULL, NULL, NULL, NULL, NULL, NULL, NULL, NULL, NULL, NULL, NULL, NULL, 1, NULL, '2026-02-27 15:53:49', 1, '2026-02-27 15:53:49'),
(121, 1, NULL, NULL, 'Darwin liz', NULL, NULL, NULL, NULL, NULL, NULL, NULL, NULL, NULL, NULL, NULL, 'es', 0, 0, NULL, NULL, NULL, NULL, NULL, NULL, NULL, NULL, NULL, NULL, NULL, NULL, NULL, NULL, NULL, NULL, 1, NULL, '2026-02-27 15:53:49', 1, '2026-02-27 15:53:49'),
(122, 1, NULL, NULL, 'Angel', NULL, NULL, NULL, NULL, NULL, NULL, NULL, NULL, NULL, NULL, NULL, 'es', 0, 0, NULL, NULL, NULL, NULL, NULL, NULL, NULL, NULL, NULL, NULL, NULL, NULL, NULL, NULL, NULL, NULL, 1, NULL, '2026-02-27 15:53:49', 1, '2026-02-27 15:53:49'),
(123, 1, NULL, NULL, 'Estrella', NULL, NULL, NULL, NULL, NULL, NULL, NULL, NULL, NULL, NULL, NULL, 'es', 0, 0, NULL, NULL, NULL, NULL, NULL, NULL, NULL, NULL, NULL, NULL, NULL, NULL, NULL, NULL, NULL, NULL, 1, NULL, '2026-02-27 15:53:49', 1, '2026-02-27 15:53:49'),
(124, 1, NULL, NULL, 'Douglas', NULL, NULL, NULL, NULL, NULL, NULL, NULL, NULL, NULL, NULL, NULL, 'es', 0, 0, NULL, NULL, NULL, NULL, NULL, NULL, NULL, NULL, NULL, NULL, NULL, NULL, NULL, NULL, NULL, NULL, 1, NULL, '2026-02-27 15:53:49', 1, '2026-02-27 15:53:49'),
(125, 1, NULL, NULL, 'Olesia', NULL, NULL, NULL, NULL, NULL, NULL, NULL, NULL, NULL, NULL, NULL, 'es', 0, 0, NULL, NULL, NULL, NULL, NULL, NULL, NULL, NULL, NULL, NULL, NULL, NULL, NULL, NULL, NULL, NULL, 1, NULL, '2026-02-27 15:53:49', 1, '2026-02-27 15:53:49'),
(126, 1, NULL, NULL, 'Annie', NULL, NULL, NULL, NULL, NULL, NULL, NULL, NULL, NULL, NULL, NULL, 'es', 0, 0, NULL, NULL, NULL, NULL, NULL, NULL, NULL, NULL, NULL, NULL, NULL, NULL, NULL, NULL, NULL, NULL, 1, NULL, '2026-02-27 15:53:49', 1, '2026-02-27 15:53:49'),
(127, 1, NULL, NULL, 'María', NULL, NULL, NULL, NULL, NULL, NULL, NULL, NULL, NULL, NULL, NULL, 'es', 0, 0, NULL, NULL, NULL, NULL, NULL, NULL, NULL, NULL, NULL, NULL, NULL, NULL, NULL, NULL, NULL, NULL, 1, NULL, '2026-02-27 15:53:49', 1, '2026-02-27 15:53:49'),
(128, 1, NULL, NULL, 'Alejandro *933*', NULL, NULL, NULL, NULL, NULL, NULL, NULL, NULL, NULL, NULL, NULL, 'es', 0, 0, NULL, NULL, NULL, NULL, NULL, NULL, NULL, NULL, NULL, NULL, NULL, NULL, NULL, NULL, NULL, NULL, 1, NULL, '2026-02-27 15:53:49', 1, '2026-02-27 15:53:49'),
(129, 1, NULL, NULL, 'Max', NULL, NULL, NULL, NULL, NULL, NULL, NULL, NULL, NULL, NULL, NULL, 'es', 0, 0, NULL, NULL, NULL, NULL, NULL, NULL, NULL, NULL, NULL, NULL, NULL, NULL, NULL, NULL, NULL, NULL, 1, NULL, '2026-02-27 15:53:49', 1, '2026-02-27 15:53:49'),
(130, 1, NULL, NULL, 'Luis', NULL, NULL, NULL, NULL, NULL, NULL, NULL, NULL, NULL, NULL, NULL, 'es', 0, 0, NULL, NULL, NULL, NULL, NULL, NULL, NULL, NULL, NULL, NULL, NULL, NULL, NULL, NULL, NULL, NULL, 1, NULL, '2026-02-27 15:53:49', 1, '2026-02-27 15:53:49'),
(131, 1, NULL, NULL, 'Laura', NULL, NULL, NULL, NULL, NULL, NULL, NULL, NULL, NULL, NULL, NULL, 'es', 0, 0, NULL, NULL, NULL, NULL, NULL, NULL, NULL, NULL, NULL, NULL, NULL, NULL, NULL, NULL, NULL, NULL, 1, NULL, '2026-02-27 15:53:49', 1, '2026-02-27 15:53:49'),
(132, 1, NULL, NULL, 'Luz', NULL, NULL, NULL, NULL, NULL, NULL, NULL, NULL, NULL, NULL, NULL, 'es', 0, 0, NULL, NULL, NULL, NULL, NULL, NULL, NULL, NULL, NULL, NULL, NULL, NULL, NULL, NULL, NULL, NULL, 1, NULL, '2026-02-27 15:53:49', 1, '2026-02-27 15:53:49'),
(133, 1, NULL, NULL, 'Pam', NULL, NULL, NULL, NULL, NULL, NULL, NULL, NULL, NULL, NULL, NULL, 'es', 0, 0, NULL, NULL, NULL, NULL, NULL, NULL, NULL, NULL, NULL, NULL, NULL, NULL, NULL, NULL, NULL, NULL, 1, NULL, '2026-02-27 15:53:49', 1, '2026-02-27 15:53:49'),
(134, 1, NULL, NULL, 'Itzel', NULL, NULL, NULL, NULL, NULL, NULL, NULL, NULL, NULL, NULL, NULL, 'es', 0, 0, NULL, NULL, NULL, NULL, NULL, NULL, NULL, NULL, NULL, NULL, NULL, NULL, NULL, NULL, NULL, NULL, 1, NULL, '2026-02-27 15:53:49', 1, '2026-02-27 15:53:49'),
(135, 1, NULL, NULL, 'Antonio ****', NULL, NULL, NULL, NULL, NULL, NULL, NULL, NULL, NULL, NULL, NULL, 'es', 0, 0, NULL, NULL, NULL, NULL, NULL, NULL, NULL, NULL, NULL, NULL, NULL, NULL, NULL, NULL, NULL, NULL, 1, NULL, '2026-02-27 15:53:49', 1, '2026-02-27 15:53:49'),
(136, 1, NULL, NULL, 'Aldo', NULL, NULL, NULL, NULL, NULL, NULL, NULL, NULL, NULL, NULL, NULL, 'es', 0, 0, NULL, NULL, NULL, NULL, NULL, NULL, NULL, NULL, NULL, NULL, NULL, NULL, NULL, NULL, NULL, NULL, 1, NULL, '2026-02-27 15:53:49', 1, '2026-02-27 15:53:49'),
(137, 1, NULL, NULL, 'Claudia Flores *750*', NULL, NULL, NULL, NULL, NULL, NULL, NULL, NULL, NULL, NULL, NULL, 'es', 0, 0, NULL, NULL, NULL, NULL, NULL, NULL, NULL, NULL, NULL, NULL, NULL, NULL, NULL, NULL, NULL, NULL, 1, NULL, '2026-02-27 15:53:49', 1, '2026-02-27 15:53:49'),
(138, 1, NULL, NULL, 'Cinthya', NULL, NULL, NULL, NULL, NULL, NULL, NULL, NULL, NULL, NULL, NULL, 'es', 0, 0, NULL, NULL, NULL, NULL, NULL, NULL, NULL, NULL, NULL, NULL, NULL, NULL, NULL, NULL, NULL, NULL, 1, NULL, '2026-02-27 15:53:49', 1, '2026-02-27 15:53:49'),
(139, 1, NULL, NULL, 'Olesia *600*', NULL, NULL, NULL, NULL, NULL, NULL, NULL, NULL, NULL, NULL, NULL, 'es', 0, 0, NULL, NULL, NULL, NULL, NULL, NULL, NULL, NULL, NULL, NULL, NULL, NULL, NULL, NULL, NULL, NULL, 1, NULL, '2026-02-27 15:53:49', 1, '2026-02-27 15:53:49'),
(140, 1, NULL, NULL, 'monica', NULL, NULL, NULL, NULL, NULL, NULL, NULL, NULL, NULL, NULL, NULL, 'es', 0, 0, NULL, NULL, NULL, NULL, NULL, NULL, NULL, NULL, NULL, NULL, NULL, NULL, NULL, NULL, NULL, NULL, 1, NULL, '2026-02-27 15:53:49', 1, '2026-02-27 15:53:49'),
(141, 1, NULL, NULL, 'Lorena', NULL, NULL, NULL, NULL, NULL, NULL, NULL, NULL, NULL, NULL, NULL, 'es', 0, 0, NULL, NULL, NULL, NULL, NULL, NULL, NULL, NULL, NULL, NULL, NULL, NULL, NULL, NULL, NULL, NULL, 1, NULL, '2026-02-27 15:53:49', 1, '2026-02-27 15:53:49'),
(142, 1, NULL, NULL, 'Uriela', NULL, NULL, NULL, NULL, NULL, NULL, NULL, NULL, NULL, NULL, NULL, 'es', 0, 0, NULL, NULL, NULL, NULL, NULL, NULL, NULL, NULL, NULL, NULL, NULL, NULL, NULL, NULL, NULL, NULL, 1, NULL, '2026-02-27 15:53:49', 1, '2026-02-27 15:53:49'),
(143, 1, NULL, NULL, 'Nicolas', NULL, NULL, NULL, NULL, NULL, NULL, NULL, NULL, NULL, NULL, NULL, 'es', 0, 0, NULL, NULL, NULL, NULL, NULL, NULL, NULL, NULL, NULL, NULL, NULL, NULL, NULL, NULL, NULL, NULL, 1, NULL, '2026-02-27 15:53:49', 1, '2026-02-27 15:53:49'),
(144, 1, NULL, NULL, 'jose', NULL, NULL, NULL, NULL, NULL, NULL, NULL, NULL, NULL, NULL, NULL, 'es', 0, 0, NULL, NULL, NULL, NULL, NULL, NULL, NULL, NULL, NULL, NULL, NULL, NULL, NULL, NULL, NULL, NULL, 1, NULL, '2026-02-27 15:53:49', 1, '2026-02-27 15:53:49'),
(145, 1, NULL, NULL, 'Gerardo', NULL, NULL, NULL, NULL, NULL, NULL, NULL, NULL, NULL, NULL, NULL, 'es', 0, 0, NULL, NULL, NULL, NULL, NULL, NULL, NULL, NULL, NULL, NULL, NULL, NULL, NULL, NULL, NULL, NULL, 1, NULL, '2026-02-27 15:53:49', 1, '2026-02-27 15:53:49'),
(146, 1, NULL, NULL, 'Gerardo', NULL, NULL, NULL, NULL, NULL, NULL, NULL, NULL, NULL, NULL, NULL, 'es', 0, 0, NULL, NULL, NULL, NULL, NULL, NULL, NULL, NULL, NULL, NULL, NULL, NULL, NULL, NULL, NULL, NULL, 1, NULL, '2026-02-27 15:53:49', 1, '2026-02-27 15:53:49'),
(147, 1, NULL, NULL, 'Salome', NULL, NULL, NULL, NULL, NULL, NULL, NULL, NULL, NULL, NULL, NULL, 'es', 0, 0, NULL, NULL, NULL, NULL, NULL, NULL, NULL, NULL, NULL, NULL, NULL, NULL, NULL, NULL, NULL, NULL, 1, NULL, '2026-02-27 15:53:49', 1, '2026-02-27 15:53:49'),
(148, 1, NULL, NULL, 'Raúl', NULL, NULL, NULL, NULL, NULL, NULL, NULL, NULL, NULL, NULL, NULL, 'es', 0, 0, NULL, NULL, NULL, NULL, NULL, NULL, NULL, NULL, NULL, NULL, NULL, NULL, NULL, NULL, NULL, NULL, 1, NULL, '2026-02-27 15:53:49', 1, '2026-02-27 15:53:49'),
(149, 1, NULL, NULL, 'Duke', NULL, NULL, NULL, NULL, NULL, NULL, NULL, NULL, NULL, NULL, NULL, 'es', 0, 0, NULL, NULL, NULL, NULL, NULL, NULL, NULL, NULL, NULL, NULL, NULL, NULL, NULL, NULL, NULL, NULL, 1, NULL, '2026-02-27 15:53:49', 1, '2026-02-27 15:53:49'),
(150, 1, NULL, NULL, 'Diana ****', NULL, NULL, NULL, NULL, NULL, NULL, NULL, NULL, NULL, NULL, NULL, 'es', 0, 0, NULL, NULL, NULL, NULL, NULL, NULL, NULL, NULL, NULL, NULL, NULL, NULL, NULL, NULL, NULL, NULL, 1, NULL, '2026-02-27 15:53:49', 1, '2026-02-27 15:53:49'),
(151, 1, NULL, NULL, 'Diana', NULL, NULL, NULL, NULL, NULL, NULL, NULL, NULL, NULL, NULL, NULL, 'es', 0, 0, NULL, NULL, NULL, NULL, NULL, NULL, NULL, NULL, NULL, NULL, NULL, NULL, NULL, NULL, NULL, NULL, 1, NULL, '2026-02-27 15:53:49', 1, '2026-02-27 15:53:49'),
(152, 1, NULL, NULL, 'Armando*1000', NULL, NULL, NULL, NULL, NULL, NULL, NULL, NULL, NULL, NULL, NULL, 'es', 0, 0, NULL, NULL, NULL, NULL, NULL, NULL, NULL, NULL, NULL, NULL, NULL, NULL, NULL, NULL, NULL, NULL, 1, NULL, '2026-02-27 15:53:49', 1, '2026-02-27 15:53:49'),
(153, 1, NULL, NULL, 'Mon', NULL, NULL, NULL, NULL, NULL, NULL, NULL, NULL, NULL, NULL, NULL, 'es', 0, 0, NULL, NULL, NULL, NULL, NULL, NULL, NULL, NULL, NULL, NULL, NULL, NULL, NULL, NULL, NULL, NULL, 1, NULL, '2026-02-27 15:53:49', 1, '2026-02-27 15:53:49'),
(154, 1, NULL, NULL, 'Graham', NULL, NULL, NULL, NULL, NULL, NULL, NULL, NULL, NULL, NULL, NULL, 'es', 0, 0, NULL, NULL, NULL, NULL, NULL, NULL, NULL, NULL, NULL, NULL, NULL, NULL, NULL, NULL, NULL, NULL, 1, NULL, '2026-02-27 15:53:49', 1, '2026-02-27 15:53:49'),
(155, 1, NULL, NULL, 'Laura', NULL, NULL, NULL, NULL, NULL, NULL, NULL, NULL, NULL, NULL, NULL, 'es', 0, 0, NULL, NULL, NULL, NULL, NULL, NULL, NULL, NULL, NULL, NULL, NULL, NULL, NULL, NULL, NULL, NULL, 1, NULL, '2026-02-27 15:53:49', 1, '2026-02-27 15:53:49'),
(156, 1, NULL, NULL, 'Claudia 500 depósito', NULL, NULL, NULL, NULL, NULL, NULL, NULL, NULL, NULL, NULL, NULL, 'es', 0, 0, NULL, NULL, NULL, NULL, NULL, NULL, NULL, NULL, NULL, NULL, NULL, NULL, NULL, NULL, NULL, NULL, 1, NULL, '2026-02-27 15:53:49', 1, '2026-02-27 15:53:49'),
(157, 1, NULL, NULL, 'Jenna', NULL, NULL, NULL, NULL, NULL, NULL, NULL, NULL, NULL, NULL, NULL, 'es', 0, 0, NULL, NULL, NULL, NULL, NULL, NULL, NULL, NULL, NULL, NULL, NULL, NULL, NULL, NULL, NULL, NULL, 1, NULL, '2026-02-27 15:53:49', 1, '2026-02-27 15:53:49'),
(158, 1, NULL, NULL, 'Jenna', NULL, NULL, NULL, NULL, NULL, NULL, NULL, NULL, NULL, NULL, NULL, 'es', 0, 0, NULL, NULL, NULL, NULL, NULL, NULL, NULL, NULL, NULL, NULL, NULL, NULL, NULL, NULL, NULL, NULL, 1, NULL, '2026-02-27 15:53:49', 1, '2026-02-27 15:53:49'),
(159, 1, NULL, NULL, 'Mathia', NULL, NULL, NULL, NULL, NULL, NULL, NULL, NULL, NULL, NULL, NULL, 'es', 0, 0, NULL, NULL, NULL, NULL, NULL, NULL, NULL, NULL, NULL, NULL, NULL, NULL, NULL, NULL, NULL, NULL, 1, NULL, '2026-02-27 15:53:49', 1, '2026-02-27 15:53:49'),
(160, 1, NULL, NULL, 'Belén', NULL, NULL, NULL, NULL, NULL, NULL, NULL, NULL, NULL, NULL, NULL, 'es', 0, 0, NULL, NULL, NULL, NULL, NULL, NULL, NULL, NULL, NULL, NULL, NULL, NULL, NULL, NULL, NULL, NULL, 1, NULL, '2026-02-27 15:53:49', 1, '2026-02-27 15:53:49'),
(161, 1, NULL, NULL, 'Belén', NULL, NULL, NULL, NULL, NULL, NULL, NULL, NULL, NULL, NULL, NULL, 'es', 0, 0, NULL, NULL, NULL, NULL, NULL, NULL, NULL, NULL, NULL, NULL, NULL, NULL, NULL, NULL, NULL, NULL, 1, NULL, '2026-02-27 15:53:49', 1, '2026-02-27 15:53:49'),
(162, 1, NULL, NULL, 'Benjamin', NULL, NULL, NULL, NULL, NULL, NULL, NULL, NULL, NULL, NULL, NULL, 'es', 0, 0, NULL, NULL, NULL, NULL, NULL, NULL, NULL, NULL, NULL, NULL, NULL, NULL, NULL, NULL, NULL, NULL, 1, NULL, '2026-02-27 15:53:49', 1, '2026-02-27 15:53:49'),
(163, 1, NULL, NULL, 'Daniel', NULL, NULL, NULL, NULL, NULL, NULL, NULL, NULL, NULL, NULL, NULL, 'es', 0, 0, NULL, NULL, NULL, NULL, NULL, NULL, NULL, NULL, NULL, NULL, NULL, NULL, NULL, NULL, NULL, NULL, 1, NULL, '2026-02-27 15:53:49', 1, '2026-02-27 15:53:49'),
(164, 1, NULL, NULL, 'Jeffrey', NULL, NULL, NULL, NULL, NULL, NULL, NULL, NULL, NULL, NULL, NULL, 'es', 0, 0, NULL, NULL, NULL, NULL, NULL, NULL, NULL, NULL, NULL, NULL, NULL, NULL, NULL, NULL, NULL, NULL, 1, NULL, '2026-02-27 15:53:49', 1, '2026-02-27 15:53:49'),
(165, 1, NULL, NULL, 'Guillermina', NULL, NULL, NULL, NULL, NULL, NULL, NULL, NULL, NULL, NULL, NULL, 'es', 0, 0, NULL, NULL, NULL, NULL, NULL, NULL, NULL, NULL, NULL, NULL, NULL, NULL, NULL, NULL, NULL, NULL, 1, NULL, '2026-02-27 15:53:49', 1, '2026-02-27 15:53:49'),
(166, 1, NULL, NULL, 'Abigail', NULL, NULL, NULL, NULL, NULL, NULL, NULL, NULL, NULL, NULL, NULL, 'es', 0, 0, NULL, NULL, NULL, NULL, NULL, NULL, NULL, NULL, NULL, NULL, NULL, NULL, NULL, NULL, NULL, NULL, 1, NULL, '2026-02-27 15:53:49', 1, '2026-02-27 15:53:49'),
(167, 1, NULL, NULL, 'Mariana', NULL, NULL, NULL, NULL, NULL, NULL, NULL, NULL, NULL, NULL, NULL, 'es', 0, 0, NULL, NULL, NULL, NULL, NULL, NULL, NULL, NULL, NULL, NULL, NULL, NULL, NULL, NULL, NULL, NULL, 1, NULL, '2026-02-27 15:53:49', 1, '2026-02-27 15:53:49'),
(168, 1, NULL, NULL, 'isac', NULL, NULL, NULL, NULL, NULL, NULL, NULL, NULL, NULL, NULL, NULL, 'es', 0, 0, NULL, NULL, NULL, NULL, NULL, NULL, NULL, NULL, NULL, NULL, NULL, NULL, NULL, NULL, NULL, NULL, 1, NULL, '2026-02-27 15:53:49', 1, '2026-02-27 15:53:49'),
(169, 1, NULL, NULL, 'Antonio', NULL, NULL, NULL, NULL, NULL, NULL, NULL, NULL, NULL, NULL, NULL, 'es', 0, 0, NULL, NULL, NULL, NULL, NULL, NULL, NULL, NULL, NULL, NULL, NULL, NULL, NULL, NULL, NULL, NULL, 1, NULL, '2026-02-27 15:53:49', 1, '2026-02-27 15:53:49'),
(170, 1, NULL, NULL, 'Fracisco', NULL, NULL, NULL, NULL, NULL, NULL, NULL, NULL, NULL, NULL, NULL, 'es', 0, 0, NULL, NULL, NULL, NULL, NULL, NULL, NULL, NULL, NULL, NULL, NULL, NULL, NULL, NULL, NULL, NULL, 1, NULL, '2026-02-27 15:53:49', 1, '2026-02-27 15:53:49'),
(171, 1, NULL, NULL, 'Jaime', NULL, NULL, NULL, NULL, NULL, NULL, NULL, NULL, NULL, NULL, NULL, 'es', 0, 0, NULL, NULL, NULL, NULL, NULL, NULL, NULL, NULL, NULL, NULL, NULL, NULL, NULL, NULL, NULL, NULL, 1, NULL, '2026-02-27 15:53:49', 1, '2026-02-27 15:53:49'),
(172, 1, NULL, NULL, 'Sebastián', NULL, NULL, NULL, NULL, NULL, NULL, NULL, NULL, NULL, NULL, NULL, 'es', 0, 0, NULL, NULL, NULL, NULL, NULL, NULL, NULL, NULL, NULL, NULL, NULL, NULL, NULL, NULL, NULL, NULL, 1, NULL, '2026-02-27 15:53:49', 1, '2026-02-27 15:53:49'),
(173, 1, NULL, NULL, 'Viktor', NULL, NULL, NULL, NULL, NULL, NULL, NULL, NULL, NULL, NULL, NULL, 'es', 0, 0, NULL, NULL, NULL, NULL, NULL, NULL, NULL, NULL, NULL, NULL, NULL, NULL, NULL, NULL, NULL, NULL, 1, NULL, '2026-02-27 15:53:49', 1, '2026-02-27 15:53:49'),
(174, 1, NULL, NULL, 'Omar', NULL, NULL, NULL, NULL, NULL, NULL, NULL, NULL, NULL, NULL, NULL, 'es', 0, 0, NULL, NULL, NULL, NULL, NULL, NULL, NULL, NULL, NULL, NULL, NULL, NULL, NULL, NULL, NULL, NULL, 1, NULL, '2026-02-27 15:53:49', 1, '2026-02-27 15:53:49'),
(175, 1, NULL, NULL, 'Michaus Samantha', NULL, NULL, NULL, NULL, NULL, NULL, NULL, NULL, NULL, NULL, NULL, 'es', 0, 0, NULL, NULL, NULL, NULL, NULL, NULL, NULL, NULL, NULL, NULL, NULL, NULL, NULL, NULL, NULL, NULL, 1, NULL, '2026-02-27 15:53:49', 1, '2026-02-27 15:53:49'),
(176, 1, NULL, NULL, 'Idania', NULL, NULL, NULL, NULL, NULL, NULL, NULL, NULL, NULL, NULL, NULL, 'es', 0, 0, NULL, NULL, NULL, NULL, NULL, NULL, NULL, NULL, NULL, NULL, NULL, NULL, NULL, NULL, NULL, NULL, 1, NULL, '2026-02-27 15:53:49', 1, '2026-02-27 15:53:49'),
(177, 1, NULL, NULL, 'Sharon', NULL, NULL, NULL, NULL, NULL, NULL, NULL, NULL, NULL, NULL, NULL, 'es', 0, 0, NULL, NULL, NULL, NULL, NULL, NULL, NULL, NULL, NULL, NULL, NULL, NULL, NULL, NULL, NULL, NULL, 1, NULL, '2026-02-27 15:53:49', 1, '2026-02-27 15:53:49'),
(178, 1, NULL, NULL, 'Ana', NULL, NULL, NULL, NULL, NULL, NULL, NULL, NULL, NULL, NULL, NULL, 'es', 0, 0, NULL, NULL, NULL, NULL, NULL, NULL, NULL, NULL, NULL, NULL, NULL, NULL, NULL, NULL, NULL, NULL, 1, NULL, '2026-02-27 15:53:49', 1, '2026-02-27 15:53:49'),
(179, 1, NULL, NULL, 'Braulio', NULL, NULL, NULL, NULL, NULL, NULL, NULL, NULL, NULL, NULL, NULL, 'es', 0, 0, NULL, NULL, NULL, NULL, NULL, NULL, NULL, NULL, NULL, NULL, NULL, NULL, NULL, NULL, NULL, NULL, 1, NULL, '2026-02-27 15:53:49', 1, '2026-02-27 15:53:49'),
(180, 1, NULL, NULL, 'Sandra', NULL, NULL, NULL, NULL, NULL, NULL, NULL, NULL, NULL, NULL, NULL, 'es', 0, 0, NULL, NULL, NULL, NULL, NULL, NULL, NULL, NULL, NULL, NULL, NULL, NULL, NULL, NULL, NULL, NULL, 1, NULL, '2026-02-27 15:53:49', 1, '2026-02-27 15:53:49'),
(181, 1, NULL, NULL, 'Extension Sandra', NULL, NULL, NULL, NULL, NULL, NULL, NULL, NULL, NULL, NULL, NULL, 'es', 0, 0, NULL, NULL, NULL, NULL, NULL, NULL, NULL, NULL, NULL, NULL, NULL, NULL, NULL, NULL, NULL, NULL, 1, NULL, '2026-02-27 15:53:49', 1, '2026-02-27 15:53:49'),
(182, 1, NULL, NULL, 'Nicolas', NULL, NULL, NULL, NULL, NULL, NULL, NULL, NULL, NULL, NULL, NULL, 'es', 0, 0, NULL, NULL, NULL, NULL, NULL, NULL, NULL, NULL, NULL, NULL, NULL, NULL, NULL, NULL, NULL, NULL, 1, NULL, '2026-02-27 15:53:49', 1, '2026-02-27 15:53:49'),
(183, 1, NULL, NULL, 'laura**', NULL, NULL, NULL, NULL, NULL, NULL, NULL, NULL, NULL, NULL, NULL, 'es', 0, 0, NULL, NULL, NULL, NULL, NULL, NULL, NULL, NULL, NULL, NULL, NULL, NULL, NULL, NULL, NULL, NULL, 1, NULL, '2026-02-27 15:53:49', 1, '2026-02-27 15:53:49'),
(184, 1, NULL, NULL, 'Ana', NULL, NULL, NULL, NULL, NULL, NULL, NULL, NULL, NULL, NULL, NULL, 'es', 0, 0, NULL, NULL, NULL, NULL, NULL, NULL, NULL, NULL, NULL, NULL, NULL, NULL, NULL, NULL, NULL, NULL, 1, NULL, '2026-02-27 15:53:49', 1, '2026-02-27 15:53:49'),
(185, 1, NULL, NULL, 'Jaciel', NULL, NULL, NULL, NULL, NULL, NULL, NULL, NULL, NULL, NULL, NULL, 'es', 0, 0, NULL, NULL, NULL, NULL, NULL, NULL, NULL, NULL, NULL, NULL, NULL, NULL, NULL, NULL, NULL, NULL, 1, NULL, '2026-02-27 15:53:49', 1, '2026-02-27 15:53:49'),
(186, 1, NULL, NULL, 'Jaime', NULL, NULL, NULL, NULL, NULL, NULL, NULL, NULL, NULL, NULL, NULL, 'es', 0, 0, NULL, NULL, NULL, NULL, NULL, NULL, NULL, NULL, NULL, NULL, NULL, NULL, NULL, NULL, NULL, NULL, 1, NULL, '2026-02-27 15:53:49', 1, '2026-02-27 15:53:49'),
(187, 1, NULL, NULL, 'Yuli', NULL, NULL, NULL, NULL, NULL, NULL, NULL, NULL, NULL, NULL, NULL, 'es', 0, 0, NULL, NULL, NULL, NULL, NULL, NULL, NULL, NULL, NULL, NULL, NULL, NULL, NULL, NULL, NULL, NULL, 1, NULL, '2026-02-27 15:53:49', 1, '2026-02-27 15:53:49'),
(188, 1, NULL, NULL, 'Zury', NULL, NULL, NULL, NULL, NULL, NULL, NULL, NULL, NULL, NULL, NULL, 'es', 0, 0, NULL, NULL, NULL, NULL, NULL, NULL, NULL, NULL, NULL, NULL, NULL, NULL, NULL, NULL, NULL, NULL, 1, NULL, '2026-02-27 15:53:49', 1, '2026-02-27 15:53:49');
INSERT INTO `guest` (`id_guest`, `id_user`, `email`, `phone`, `names`, `last_name`, `maiden_name`, `full_name`, `nationality`, `country_residence`, `birthdate`, `gender`, `doc_type`, `doc_number`, `doc_country`, `doc_expiry`, `language`, `marketing_opt_in`, `blacklisted`, `blacklist_reason`, `loyalty_id`, `tags`, `cc_token`, `cc_brand`, `cc_last4`, `cc_exp`, `pci_vault_provider`, `address_line1`, `address_line2`, `city`, `state`, `postal_code`, `country`, `notes_internal`, `notes_guest`, `is_active`, `deleted_at`, `created_at`, `created_by`, `updated_at`) VALUES
(189, 1, NULL, NULL, 'Luz', NULL, NULL, NULL, NULL, NULL, NULL, NULL, NULL, NULL, NULL, NULL, 'es', 0, 0, NULL, NULL, NULL, NULL, NULL, NULL, NULL, NULL, NULL, NULL, NULL, NULL, NULL, NULL, NULL, NULL, 1, NULL, '2026-02-27 15:53:49', 1, '2026-02-27 15:53:49'),
(190, 1, NULL, NULL, 'Jonathan', NULL, NULL, NULL, NULL, NULL, NULL, NULL, NULL, NULL, NULL, NULL, 'es', 0, 0, NULL, NULL, NULL, NULL, NULL, NULL, NULL, NULL, NULL, NULL, NULL, NULL, NULL, NULL, NULL, NULL, 1, NULL, '2026-02-27 15:53:49', 1, '2026-02-27 15:53:49'),
(191, 1, NULL, NULL, 'Rafael **', NULL, NULL, NULL, NULL, NULL, NULL, NULL, NULL, NULL, NULL, NULL, 'es', 0, 0, NULL, NULL, NULL, NULL, NULL, NULL, NULL, NULL, NULL, NULL, NULL, NULL, NULL, NULL, NULL, NULL, 1, NULL, '2026-02-27 15:53:49', 1, '2026-02-27 15:53:49'),
(192, 1, NULL, NULL, 'Carlos', NULL, NULL, NULL, NULL, NULL, NULL, NULL, NULL, NULL, NULL, NULL, 'es', 0, 0, NULL, NULL, NULL, NULL, NULL, NULL, NULL, NULL, NULL, NULL, NULL, NULL, NULL, NULL, NULL, NULL, 1, NULL, '2026-02-27 15:53:49', 1, '2026-02-27 15:53:49'),
(193, 1, NULL, NULL, 'Edith', NULL, NULL, NULL, NULL, NULL, NULL, NULL, NULL, NULL, NULL, NULL, 'es', 0, 0, NULL, NULL, NULL, NULL, NULL, NULL, NULL, NULL, NULL, NULL, NULL, NULL, NULL, NULL, NULL, NULL, 1, NULL, '2026-02-27 15:53:49', 1, '2026-02-27 15:53:49'),
(194, 1, NULL, NULL, 'Manuel', NULL, NULL, NULL, NULL, NULL, NULL, NULL, NULL, NULL, NULL, NULL, 'es', 0, 0, NULL, NULL, NULL, NULL, NULL, NULL, NULL, NULL, NULL, NULL, NULL, NULL, NULL, NULL, NULL, NULL, 1, NULL, '2026-02-27 15:53:49', 1, '2026-02-27 15:53:49'),
(195, 1, NULL, NULL, 'Eduardo', NULL, NULL, NULL, NULL, NULL, NULL, NULL, NULL, NULL, NULL, NULL, 'es', 0, 0, NULL, NULL, NULL, NULL, NULL, NULL, NULL, NULL, NULL, NULL, NULL, NULL, NULL, NULL, NULL, NULL, 1, NULL, '2026-02-27 15:53:49', 1, '2026-02-27 15:53:49'),
(196, 1, NULL, NULL, 'Hernesto', NULL, NULL, NULL, NULL, NULL, NULL, NULL, NULL, NULL, NULL, NULL, 'es', 0, 0, NULL, NULL, NULL, NULL, NULL, NULL, NULL, NULL, NULL, NULL, NULL, NULL, NULL, NULL, NULL, NULL, 1, NULL, '2026-02-27 15:53:49', 1, '2026-02-27 15:53:49'),
(197, 1, NULL, NULL, 'Cayetano', NULL, NULL, NULL, NULL, NULL, NULL, NULL, NULL, NULL, NULL, NULL, 'es', 0, 0, NULL, NULL, NULL, NULL, NULL, NULL, NULL, NULL, NULL, NULL, NULL, NULL, NULL, NULL, NULL, NULL, 1, NULL, '2026-02-27 15:53:49', 1, '2026-02-27 15:53:49'),
(198, 1, NULL, NULL, 'Cayetano', NULL, NULL, NULL, NULL, NULL, NULL, NULL, NULL, NULL, NULL, NULL, 'es', 0, 0, NULL, NULL, NULL, NULL, NULL, NULL, NULL, NULL, NULL, NULL, NULL, NULL, NULL, NULL, NULL, NULL, 1, NULL, '2026-02-27 15:53:49', 1, '2026-02-27 15:53:49'),
(199, 1, NULL, NULL, 'Antonione', NULL, NULL, NULL, NULL, NULL, NULL, NULL, NULL, NULL, NULL, NULL, 'es', 0, 0, NULL, NULL, NULL, NULL, NULL, NULL, NULL, NULL, NULL, NULL, NULL, NULL, NULL, NULL, NULL, NULL, 1, NULL, '2026-02-27 15:53:49', 1, '2026-02-27 15:53:49'),
(200, 1, NULL, NULL, 'Rafael **', NULL, NULL, NULL, NULL, NULL, NULL, NULL, NULL, NULL, NULL, NULL, 'es', 0, 0, NULL, NULL, NULL, NULL, NULL, NULL, NULL, NULL, NULL, NULL, NULL, NULL, NULL, NULL, NULL, NULL, 1, NULL, '2026-02-27 15:53:49', 1, '2026-02-27 15:53:49'),
(201, 1, NULL, NULL, 'Julio', NULL, NULL, NULL, NULL, NULL, NULL, NULL, NULL, NULL, NULL, NULL, 'es', 0, 0, NULL, NULL, NULL, NULL, NULL, NULL, NULL, NULL, NULL, NULL, NULL, NULL, NULL, NULL, NULL, NULL, 1, NULL, '2026-02-27 15:53:49', 1, '2026-02-27 15:53:49'),
(202, 1, NULL, NULL, 'nancy', NULL, NULL, NULL, NULL, NULL, NULL, NULL, NULL, NULL, NULL, NULL, 'es', 0, 0, NULL, NULL, NULL, NULL, NULL, NULL, NULL, NULL, NULL, NULL, NULL, NULL, NULL, NULL, NULL, NULL, 1, NULL, '2026-02-27 15:53:49', 1, '2026-02-27 15:53:49'),
(203, 1, NULL, NULL, 'Leonardo', NULL, NULL, NULL, NULL, NULL, NULL, NULL, NULL, NULL, NULL, NULL, 'es', 0, 0, NULL, NULL, NULL, NULL, NULL, NULL, NULL, NULL, NULL, NULL, NULL, NULL, NULL, NULL, NULL, NULL, 1, NULL, '2026-02-27 15:53:49', 1, '2026-02-27 15:53:49'),
(204, 1, NULL, NULL, 'Diana', NULL, NULL, NULL, NULL, NULL, NULL, NULL, NULL, NULL, NULL, NULL, 'es', 0, 0, NULL, NULL, NULL, NULL, NULL, NULL, NULL, NULL, NULL, NULL, NULL, NULL, NULL, NULL, NULL, NULL, 1, NULL, '2026-02-27 15:53:49', 1, '2026-02-27 15:53:49'),
(205, 1, NULL, NULL, 'Miriam', NULL, NULL, NULL, NULL, NULL, NULL, NULL, NULL, NULL, NULL, NULL, 'es', 0, 0, NULL, NULL, NULL, NULL, NULL, NULL, NULL, NULL, NULL, NULL, NULL, NULL, NULL, NULL, NULL, NULL, 1, NULL, '2026-02-27 15:53:49', 1, '2026-02-27 15:53:49'),
(206, 1, NULL, NULL, 'Rafael **', NULL, NULL, NULL, NULL, NULL, NULL, NULL, NULL, NULL, NULL, NULL, 'es', 0, 0, NULL, NULL, NULL, NULL, NULL, NULL, NULL, NULL, NULL, NULL, NULL, NULL, NULL, NULL, NULL, NULL, 1, NULL, '2026-02-27 15:53:49', 1, '2026-02-27 15:53:49'),
(207, 1, NULL, NULL, 'Julio', NULL, NULL, NULL, NULL, NULL, NULL, NULL, NULL, NULL, NULL, NULL, 'es', 0, 0, NULL, NULL, NULL, NULL, NULL, NULL, NULL, NULL, NULL, NULL, NULL, NULL, NULL, NULL, NULL, NULL, 1, NULL, '2026-02-27 15:53:49', 1, '2026-02-27 15:53:49'),
(208, 1, NULL, NULL, 'María mercedes', NULL, NULL, NULL, NULL, NULL, NULL, NULL, NULL, NULL, NULL, NULL, 'es', 0, 0, NULL, NULL, NULL, NULL, NULL, NULL, NULL, NULL, NULL, NULL, NULL, NULL, NULL, NULL, NULL, NULL, 1, NULL, '2026-02-27 15:53:49', 1, '2026-02-27 15:53:49'),
(209, 1, NULL, NULL, 'Miguel', NULL, NULL, NULL, NULL, NULL, NULL, NULL, NULL, NULL, NULL, NULL, 'es', 0, 0, NULL, NULL, NULL, NULL, NULL, NULL, NULL, NULL, NULL, NULL, NULL, NULL, NULL, NULL, NULL, NULL, 1, NULL, '2026-02-27 15:53:49', 1, '2026-02-27 15:53:49'),
(210, 1, NULL, NULL, 'Manuel', NULL, NULL, NULL, NULL, NULL, NULL, NULL, NULL, NULL, NULL, NULL, 'es', 0, 0, NULL, NULL, NULL, NULL, NULL, NULL, NULL, NULL, NULL, NULL, NULL, NULL, NULL, NULL, NULL, NULL, 1, NULL, '2026-02-27 15:53:49', 1, '2026-02-27 15:53:49'),
(211, 1, NULL, NULL, 'Vidal', NULL, NULL, NULL, NULL, NULL, NULL, NULL, NULL, NULL, NULL, NULL, 'es', 0, 0, NULL, NULL, NULL, NULL, NULL, NULL, NULL, NULL, NULL, NULL, NULL, NULL, NULL, NULL, NULL, NULL, 1, NULL, '2026-02-27 15:53:49', 1, '2026-02-27 15:53:49'),
(212, 1, NULL, NULL, 'Iván', NULL, NULL, NULL, NULL, NULL, NULL, NULL, NULL, NULL, NULL, NULL, 'es', 0, 0, NULL, NULL, NULL, NULL, NULL, NULL, NULL, NULL, NULL, NULL, NULL, NULL, NULL, NULL, NULL, NULL, 1, NULL, '2026-02-27 15:53:49', 1, '2026-02-27 15:53:49'),
(213, 1, NULL, NULL, 'Ivan', NULL, NULL, NULL, NULL, NULL, NULL, NULL, NULL, NULL, NULL, NULL, 'es', 0, 0, NULL, NULL, NULL, NULL, NULL, NULL, NULL, NULL, NULL, NULL, NULL, NULL, NULL, NULL, NULL, NULL, 1, NULL, '2026-02-27 15:53:49', 1, '2026-02-27 15:53:49'),
(214, 1, NULL, NULL, 'Iván', NULL, NULL, NULL, NULL, NULL, NULL, NULL, NULL, NULL, NULL, NULL, 'es', 0, 0, NULL, NULL, NULL, NULL, NULL, NULL, NULL, NULL, NULL, NULL, NULL, NULL, NULL, NULL, NULL, NULL, 1, NULL, '2026-02-27 15:53:49', 1, '2026-02-27 15:53:49'),
(215, 1, NULL, NULL, 'Dante', NULL, NULL, NULL, NULL, NULL, NULL, NULL, NULL, NULL, NULL, NULL, 'es', 0, 0, NULL, NULL, NULL, NULL, NULL, NULL, NULL, NULL, NULL, NULL, NULL, NULL, NULL, NULL, NULL, NULL, 1, NULL, '2026-02-27 15:53:49', 1, '2026-02-27 15:53:49'),
(216, 1, NULL, NULL, 'Dante', NULL, NULL, NULL, NULL, NULL, NULL, NULL, NULL, NULL, NULL, NULL, 'es', 0, 0, NULL, NULL, NULL, NULL, NULL, NULL, NULL, NULL, NULL, NULL, NULL, NULL, NULL, NULL, NULL, NULL, 1, NULL, '2026-02-27 15:53:49', 1, '2026-02-27 15:53:49'),
(217, 1, NULL, NULL, 'Lis', NULL, NULL, NULL, NULL, NULL, NULL, NULL, NULL, NULL, NULL, NULL, 'es', 0, 0, NULL, NULL, NULL, NULL, NULL, NULL, NULL, NULL, NULL, NULL, NULL, NULL, NULL, NULL, NULL, NULL, 1, NULL, '2026-02-27 15:53:49', 1, '2026-02-27 15:53:49'),
(218, 1, NULL, NULL, 'Julio', NULL, NULL, NULL, NULL, NULL, NULL, NULL, NULL, NULL, NULL, NULL, 'es', 0, 0, NULL, NULL, NULL, NULL, NULL, NULL, NULL, NULL, NULL, NULL, NULL, NULL, NULL, NULL, NULL, NULL, 1, NULL, '2026-02-27 15:53:49', 1, '2026-02-27 15:53:49'),
(219, 1, NULL, NULL, 'Minatti', NULL, NULL, NULL, NULL, NULL, NULL, NULL, NULL, NULL, NULL, NULL, 'es', 0, 0, NULL, NULL, NULL, NULL, NULL, NULL, NULL, NULL, NULL, NULL, NULL, NULL, NULL, NULL, NULL, NULL, 1, NULL, '2026-02-27 15:53:49', 1, '2026-02-27 15:53:49'),
(220, 1, NULL, NULL, 'Isaías', NULL, NULL, NULL, NULL, NULL, NULL, NULL, NULL, NULL, NULL, NULL, 'es', 0, 0, NULL, NULL, NULL, NULL, NULL, NULL, NULL, NULL, NULL, NULL, NULL, NULL, NULL, NULL, NULL, NULL, 1, NULL, '2026-02-27 15:53:49', 1, '2026-02-27 15:53:49'),
(221, 1, NULL, NULL, 'Jan', NULL, NULL, NULL, NULL, NULL, NULL, NULL, NULL, NULL, NULL, NULL, 'es', 0, 0, NULL, NULL, NULL, NULL, NULL, NULL, NULL, NULL, NULL, NULL, NULL, NULL, NULL, NULL, NULL, NULL, 1, NULL, '2026-02-27 15:53:49', 1, '2026-02-27 15:53:49'),
(222, 1, NULL, NULL, 'Vidal', NULL, NULL, NULL, NULL, NULL, NULL, NULL, NULL, NULL, NULL, NULL, 'es', 0, 0, NULL, NULL, NULL, NULL, NULL, NULL, NULL, NULL, NULL, NULL, NULL, NULL, NULL, NULL, NULL, NULL, 1, NULL, '2026-02-27 15:53:49', 1, '2026-02-27 15:53:49'),
(223, 1, NULL, NULL, 'Feliz', NULL, NULL, NULL, NULL, NULL, NULL, NULL, NULL, NULL, NULL, NULL, 'es', 0, 0, NULL, NULL, NULL, NULL, NULL, NULL, NULL, NULL, NULL, NULL, NULL, NULL, NULL, NULL, NULL, NULL, 1, NULL, '2026-02-27 15:53:49', 1, '2026-02-27 15:53:49'),
(224, 1, NULL, NULL, 'Feliz', NULL, NULL, NULL, NULL, NULL, NULL, NULL, NULL, NULL, NULL, NULL, 'es', 0, 0, NULL, NULL, NULL, NULL, NULL, NULL, NULL, NULL, NULL, NULL, NULL, NULL, NULL, NULL, NULL, NULL, 1, NULL, '2026-02-27 15:53:49', 1, '2026-02-27 15:53:49'),
(225, 1, NULL, NULL, 'Leonardo', NULL, NULL, NULL, NULL, NULL, NULL, NULL, NULL, NULL, NULL, NULL, 'es', 0, 0, NULL, NULL, NULL, NULL, NULL, NULL, NULL, NULL, NULL, NULL, NULL, NULL, NULL, NULL, NULL, NULL, 1, NULL, '2026-02-27 15:53:49', 1, '2026-02-27 15:53:49'),
(226, 1, NULL, NULL, 'Gabriel', NULL, NULL, NULL, NULL, NULL, NULL, NULL, NULL, NULL, NULL, NULL, 'es', 0, 0, NULL, NULL, NULL, NULL, NULL, NULL, NULL, NULL, NULL, NULL, NULL, NULL, NULL, NULL, NULL, NULL, 1, NULL, '2026-02-27 15:53:49', 1, '2026-02-27 15:53:49'),
(227, 1, NULL, NULL, 'Luis', NULL, NULL, NULL, NULL, NULL, NULL, NULL, NULL, NULL, NULL, NULL, 'es', 0, 0, NULL, NULL, NULL, NULL, NULL, NULL, NULL, NULL, NULL, NULL, NULL, NULL, NULL, NULL, NULL, NULL, 1, NULL, '2026-02-27 15:53:49', 1, '2026-02-27 15:53:49'),
(228, 1, NULL, NULL, 'Chloe **', NULL, NULL, NULL, NULL, NULL, NULL, NULL, NULL, NULL, NULL, NULL, 'es', 0, 0, NULL, NULL, NULL, NULL, NULL, NULL, NULL, NULL, NULL, NULL, NULL, NULL, NULL, NULL, NULL, NULL, 1, NULL, '2026-02-27 15:53:49', 1, '2026-02-27 15:53:49'),
(229, 1, NULL, NULL, 'Mildred', NULL, NULL, NULL, NULL, NULL, NULL, NULL, NULL, NULL, NULL, NULL, 'es', 0, 0, NULL, NULL, NULL, NULL, NULL, NULL, NULL, NULL, NULL, NULL, NULL, NULL, NULL, NULL, NULL, NULL, 1, NULL, '2026-02-27 15:53:49', 1, '2026-02-27 15:53:49'),
(230, 1, NULL, NULL, 'Daniel', NULL, NULL, NULL, NULL, NULL, NULL, NULL, NULL, NULL, NULL, NULL, 'es', 0, 0, NULL, NULL, NULL, NULL, NULL, NULL, NULL, NULL, NULL, NULL, NULL, NULL, NULL, NULL, NULL, NULL, 1, NULL, '2026-02-27 15:53:49', 1, '2026-02-27 15:53:49'),
(231, 1, NULL, NULL, 'Vicente', NULL, NULL, NULL, NULL, NULL, NULL, NULL, NULL, NULL, NULL, NULL, 'es', 0, 0, NULL, NULL, NULL, NULL, NULL, NULL, NULL, NULL, NULL, NULL, NULL, NULL, NULL, NULL, NULL, NULL, 1, NULL, '2026-02-27 15:53:49', 1, '2026-02-27 15:53:49'),
(232, 1, NULL, NULL, 'Francisco', NULL, NULL, NULL, NULL, NULL, NULL, NULL, NULL, NULL, NULL, NULL, 'es', 0, 0, NULL, NULL, NULL, NULL, NULL, NULL, NULL, NULL, NULL, NULL, NULL, NULL, NULL, NULL, NULL, NULL, 1, NULL, '2026-02-27 15:53:49', 1, '2026-02-27 15:53:49'),
(233, 1, NULL, NULL, 'Fabián', NULL, NULL, NULL, NULL, NULL, NULL, NULL, NULL, NULL, NULL, NULL, 'es', 0, 0, NULL, NULL, NULL, NULL, NULL, NULL, NULL, NULL, NULL, NULL, NULL, NULL, NULL, NULL, NULL, NULL, 1, NULL, '2026-02-27 15:53:49', 1, '2026-02-27 15:53:49'),
(234, 1, NULL, NULL, 'José', NULL, NULL, NULL, NULL, NULL, NULL, NULL, NULL, NULL, NULL, NULL, 'es', 0, 0, NULL, NULL, NULL, NULL, NULL, NULL, NULL, NULL, NULL, NULL, NULL, NULL, NULL, NULL, NULL, NULL, 1, NULL, '2026-02-27 15:53:49', 1, '2026-02-27 15:53:49'),
(235, 1, NULL, NULL, 'Sergio', NULL, NULL, NULL, NULL, NULL, NULL, NULL, NULL, NULL, NULL, NULL, 'es', 0, 0, NULL, NULL, NULL, NULL, NULL, NULL, NULL, NULL, NULL, NULL, NULL, NULL, NULL, NULL, NULL, NULL, 1, NULL, '2026-02-27 15:53:49', 1, '2026-02-27 15:53:49'),
(236, 1, NULL, NULL, 'Sergio', NULL, NULL, NULL, NULL, NULL, NULL, NULL, NULL, NULL, NULL, NULL, 'es', 0, 0, NULL, NULL, NULL, NULL, NULL, NULL, NULL, NULL, NULL, NULL, NULL, NULL, NULL, NULL, NULL, NULL, 1, NULL, '2026-02-27 15:53:49', 1, '2026-02-27 15:53:49'),
(237, 1, NULL, NULL, 'Jan', NULL, NULL, NULL, NULL, NULL, NULL, NULL, NULL, NULL, NULL, NULL, 'es', 0, 0, NULL, NULL, NULL, NULL, NULL, NULL, NULL, NULL, NULL, NULL, NULL, NULL, NULL, NULL, NULL, NULL, 1, NULL, '2026-02-27 15:53:49', 1, '2026-02-27 15:53:49'),
(238, 1, NULL, NULL, 'Helga', NULL, NULL, NULL, NULL, NULL, NULL, NULL, NULL, NULL, NULL, NULL, 'es', 0, 0, NULL, NULL, NULL, NULL, NULL, NULL, NULL, NULL, NULL, NULL, NULL, NULL, NULL, NULL, NULL, NULL, 1, NULL, '2026-02-27 15:53:49', 1, '2026-02-27 15:53:49'),
(239, 1, NULL, NULL, 'Karen', NULL, NULL, NULL, NULL, NULL, NULL, NULL, NULL, NULL, NULL, NULL, 'es', 0, 0, NULL, NULL, NULL, NULL, NULL, NULL, NULL, NULL, NULL, NULL, NULL, NULL, NULL, NULL, NULL, NULL, 1, NULL, '2026-02-27 15:53:49', 1, '2026-02-27 15:53:49'),
(240, 1, NULL, NULL, 'Roberto', NULL, NULL, NULL, NULL, NULL, NULL, NULL, NULL, NULL, NULL, NULL, 'es', 0, 0, NULL, NULL, NULL, NULL, NULL, NULL, NULL, NULL, NULL, NULL, NULL, NULL, NULL, NULL, NULL, NULL, 1, NULL, '2026-02-27 15:53:49', 1, '2026-02-27 15:53:49'),
(241, 1, NULL, NULL, 'Tomas', NULL, NULL, NULL, NULL, NULL, NULL, NULL, NULL, NULL, NULL, NULL, 'es', 0, 0, NULL, NULL, NULL, NULL, NULL, NULL, NULL, NULL, NULL, NULL, NULL, NULL, NULL, NULL, NULL, NULL, 1, NULL, '2026-02-27 15:53:49', 1, '2026-02-27 15:53:49'),
(242, 1, NULL, NULL, 'Luz', NULL, NULL, NULL, NULL, NULL, NULL, NULL, NULL, NULL, NULL, NULL, 'es', 0, 0, NULL, NULL, NULL, NULL, NULL, NULL, NULL, NULL, NULL, NULL, NULL, NULL, NULL, NULL, NULL, NULL, 1, NULL, '2026-02-27 15:53:49', 1, '2026-02-27 15:53:49'),
(243, 1, NULL, NULL, 'Gaby', NULL, NULL, NULL, NULL, NULL, NULL, NULL, NULL, NULL, NULL, NULL, 'es', 0, 0, NULL, NULL, NULL, NULL, NULL, NULL, NULL, NULL, NULL, NULL, NULL, NULL, NULL, NULL, NULL, NULL, 1, NULL, '2026-02-27 15:53:49', 1, '2026-02-27 15:53:49'),
(244, 1, NULL, NULL, 'Felix **', NULL, NULL, NULL, NULL, NULL, NULL, NULL, NULL, NULL, NULL, NULL, 'es', 0, 0, NULL, NULL, NULL, NULL, NULL, NULL, NULL, NULL, NULL, NULL, NULL, NULL, NULL, NULL, NULL, NULL, 1, NULL, '2026-02-27 15:53:49', 1, '2026-02-27 15:53:49'),
(245, 1, NULL, NULL, 'Miguel **', NULL, NULL, NULL, NULL, NULL, NULL, NULL, NULL, NULL, NULL, NULL, 'es', 0, 0, NULL, NULL, NULL, NULL, NULL, NULL, NULL, NULL, NULL, NULL, NULL, NULL, NULL, NULL, NULL, NULL, 1, NULL, '2026-02-27 15:53:49', 1, '2026-02-27 15:53:49'),
(246, 1, NULL, NULL, 'Jaime', NULL, NULL, NULL, NULL, NULL, NULL, NULL, NULL, NULL, NULL, NULL, 'es', 0, 0, NULL, NULL, NULL, NULL, NULL, NULL, NULL, NULL, NULL, NULL, NULL, NULL, NULL, NULL, NULL, NULL, 1, NULL, '2026-02-27 15:53:49', 1, '2026-02-27 15:53:49'),
(247, 1, NULL, NULL, 'Steven', NULL, NULL, NULL, NULL, NULL, NULL, NULL, NULL, NULL, NULL, NULL, 'es', 0, 0, NULL, NULL, NULL, NULL, NULL, NULL, NULL, NULL, NULL, NULL, NULL, NULL, NULL, NULL, NULL, NULL, 1, NULL, '2026-02-27 15:53:49', 1, '2026-02-27 15:53:49'),
(248, 1, NULL, NULL, 'Ángela', NULL, NULL, NULL, NULL, NULL, NULL, NULL, NULL, NULL, NULL, NULL, 'es', 0, 0, NULL, NULL, NULL, NULL, NULL, NULL, NULL, NULL, NULL, NULL, NULL, NULL, NULL, NULL, NULL, NULL, 1, NULL, '2026-02-27 15:53:49', 1, '2026-02-27 15:53:49'),
(249, 1, NULL, NULL, 'Alison', NULL, NULL, NULL, NULL, NULL, NULL, NULL, NULL, NULL, NULL, NULL, 'es', 0, 0, NULL, NULL, NULL, NULL, NULL, NULL, NULL, NULL, NULL, NULL, NULL, NULL, NULL, NULL, NULL, NULL, 1, NULL, '2026-02-27 15:53:49', 1, '2026-02-27 15:53:49'),
(250, 1, NULL, NULL, 'Iván', NULL, NULL, NULL, NULL, NULL, NULL, NULL, NULL, NULL, NULL, NULL, 'es', 0, 0, NULL, NULL, NULL, NULL, NULL, NULL, NULL, NULL, NULL, NULL, NULL, NULL, NULL, NULL, NULL, NULL, 1, NULL, '2026-02-27 15:53:49', 1, '2026-02-27 15:53:49'),
(251, 1, NULL, NULL, 'Amado', NULL, NULL, NULL, NULL, NULL, NULL, NULL, NULL, NULL, NULL, NULL, 'es', 0, 0, NULL, NULL, NULL, NULL, NULL, NULL, NULL, NULL, NULL, NULL, NULL, NULL, NULL, NULL, NULL, NULL, 1, NULL, '2026-02-27 15:53:49', 1, '2026-02-27 15:53:49'),
(252, 1, NULL, NULL, 'María de posada', NULL, NULL, NULL, NULL, NULL, NULL, NULL, NULL, NULL, NULL, NULL, 'es', 0, 0, NULL, NULL, NULL, NULL, NULL, NULL, NULL, NULL, NULL, NULL, NULL, NULL, NULL, NULL, NULL, NULL, 1, NULL, '2026-02-27 15:53:49', 1, '2026-02-27 15:53:49'),
(253, 1, NULL, NULL, 'Alexa', NULL, NULL, NULL, NULL, NULL, NULL, NULL, NULL, NULL, NULL, NULL, 'es', 0, 0, NULL, NULL, NULL, NULL, NULL, NULL, NULL, NULL, NULL, NULL, NULL, NULL, NULL, NULL, NULL, NULL, 1, NULL, '2026-02-27 15:53:49', 1, '2026-02-27 15:53:49'),
(254, 1, NULL, NULL, 'Menaly', NULL, NULL, NULL, NULL, NULL, NULL, NULL, NULL, NULL, NULL, NULL, 'es', 0, 0, NULL, NULL, NULL, NULL, NULL, NULL, NULL, NULL, NULL, NULL, NULL, NULL, NULL, NULL, NULL, NULL, 1, NULL, '2026-02-27 15:53:49', 1, '2026-02-27 15:53:49'),
(255, 1, NULL, NULL, 'Julie**', NULL, NULL, NULL, NULL, NULL, NULL, NULL, NULL, NULL, NULL, NULL, 'es', 0, 0, NULL, NULL, NULL, NULL, NULL, NULL, NULL, NULL, NULL, NULL, NULL, NULL, NULL, NULL, NULL, NULL, 1, NULL, '2026-02-27 15:53:49', 1, '2026-02-27 15:53:49'),
(256, 1, NULL, NULL, 'Minatti', NULL, NULL, NULL, NULL, NULL, NULL, NULL, NULL, NULL, NULL, NULL, 'es', 0, 0, NULL, NULL, NULL, NULL, NULL, NULL, NULL, NULL, NULL, NULL, NULL, NULL, NULL, NULL, NULL, NULL, 1, NULL, '2026-02-27 15:53:49', 1, '2026-02-27 15:53:49'),
(257, 1, NULL, NULL, 'Maayan', NULL, NULL, NULL, NULL, NULL, NULL, NULL, NULL, NULL, NULL, NULL, 'es', 0, 0, NULL, NULL, NULL, NULL, NULL, NULL, NULL, NULL, NULL, NULL, NULL, NULL, NULL, NULL, NULL, NULL, 1, NULL, '2026-02-27 15:53:49', 1, '2026-02-27 15:53:49'),
(258, 1, NULL, NULL, 'Rosario', NULL, NULL, NULL, NULL, NULL, NULL, NULL, NULL, NULL, NULL, NULL, 'es', 0, 0, NULL, NULL, NULL, NULL, NULL, NULL, NULL, NULL, NULL, NULL, NULL, NULL, NULL, NULL, NULL, NULL, 1, NULL, '2026-02-27 15:53:49', 1, '2026-02-27 15:53:49'),
(259, 1, NULL, NULL, 'Eva', NULL, NULL, NULL, NULL, NULL, NULL, NULL, NULL, NULL, NULL, NULL, 'es', 0, 0, NULL, NULL, NULL, NULL, NULL, NULL, NULL, NULL, NULL, NULL, NULL, NULL, NULL, NULL, NULL, NULL, 1, NULL, '2026-02-27 15:53:49', 1, '2026-02-27 15:53:49'),
(260, 1, NULL, NULL, 'Ard', NULL, NULL, NULL, NULL, NULL, NULL, NULL, NULL, NULL, NULL, NULL, 'es', 0, 0, NULL, NULL, NULL, NULL, NULL, NULL, NULL, NULL, NULL, NULL, NULL, NULL, NULL, NULL, NULL, NULL, 1, NULL, '2026-02-27 15:53:49', 1, '2026-02-27 15:53:49'),
(261, 1, NULL, NULL, 'Feliz', NULL, NULL, NULL, NULL, NULL, NULL, NULL, NULL, NULL, NULL, NULL, 'es', 0, 0, NULL, NULL, NULL, NULL, NULL, NULL, NULL, NULL, NULL, NULL, NULL, NULL, NULL, NULL, NULL, NULL, 1, NULL, '2026-02-27 15:53:49', 1, '2026-02-27 15:53:49'),
(262, 1, NULL, NULL, 'Elisa', NULL, NULL, NULL, NULL, NULL, NULL, NULL, NULL, NULL, NULL, NULL, 'es', 0, 0, NULL, NULL, NULL, NULL, NULL, NULL, NULL, NULL, NULL, NULL, NULL, NULL, NULL, NULL, NULL, NULL, 1, NULL, '2026-02-27 15:53:49', 1, '2026-02-27 15:53:49'),
(263, 1, NULL, NULL, 'Jivany', NULL, NULL, NULL, NULL, NULL, NULL, NULL, NULL, NULL, NULL, NULL, 'es', 0, 0, NULL, NULL, NULL, NULL, NULL, NULL, NULL, NULL, NULL, NULL, NULL, NULL, NULL, NULL, NULL, NULL, 1, NULL, '2026-02-27 15:53:49', 1, '2026-02-27 15:53:49'),
(264, 1, NULL, NULL, 'Elizabeth**', NULL, NULL, NULL, NULL, NULL, NULL, NULL, NULL, NULL, NULL, NULL, 'es', 0, 0, NULL, NULL, NULL, NULL, NULL, NULL, NULL, NULL, NULL, NULL, NULL, NULL, NULL, NULL, NULL, NULL, 1, NULL, '2026-02-27 15:53:49', 1, '2026-02-27 15:53:49'),
(265, 1, NULL, NULL, 'Jaime', NULL, NULL, NULL, NULL, NULL, NULL, NULL, NULL, NULL, NULL, NULL, 'es', 0, 0, NULL, NULL, NULL, NULL, NULL, NULL, NULL, NULL, NULL, NULL, NULL, NULL, NULL, NULL, NULL, NULL, 1, NULL, '2026-02-27 15:53:49', 1, '2026-02-27 15:53:49'),
(266, 1, NULL, NULL, 'Zury', NULL, NULL, NULL, NULL, NULL, NULL, NULL, NULL, NULL, NULL, NULL, 'es', 0, 0, NULL, NULL, NULL, NULL, NULL, NULL, NULL, NULL, NULL, NULL, NULL, NULL, NULL, NULL, NULL, NULL, 1, NULL, '2026-02-27 15:53:49', 1, '2026-02-27 15:53:49'),
(267, 1, NULL, NULL, 'Lorena', NULL, NULL, NULL, NULL, NULL, NULL, NULL, NULL, NULL, NULL, NULL, 'es', 0, 0, NULL, NULL, NULL, NULL, NULL, NULL, NULL, NULL, NULL, NULL, NULL, NULL, NULL, NULL, NULL, NULL, 1, NULL, '2026-02-27 15:53:49', 1, '2026-02-27 15:53:49'),
(268, 1, NULL, NULL, 'Eduarda', NULL, NULL, NULL, NULL, NULL, NULL, NULL, NULL, NULL, NULL, NULL, 'es', 0, 0, NULL, NULL, NULL, NULL, NULL, NULL, NULL, NULL, NULL, NULL, NULL, NULL, NULL, NULL, NULL, NULL, 1, NULL, '2026-02-27 15:53:49', 1, '2026-02-27 15:53:49'),
(269, 1, NULL, NULL, 'Alejandro', NULL, NULL, NULL, NULL, NULL, NULL, NULL, NULL, NULL, NULL, NULL, 'es', 0, 0, NULL, NULL, NULL, NULL, NULL, NULL, NULL, NULL, NULL, NULL, NULL, NULL, NULL, NULL, NULL, NULL, 1, NULL, '2026-02-27 15:53:49', 1, '2026-02-27 15:53:49'),
(270, 1, NULL, NULL, 'Merlin', NULL, NULL, NULL, NULL, NULL, NULL, NULL, NULL, NULL, NULL, NULL, 'es', 0, 0, NULL, NULL, NULL, NULL, NULL, NULL, NULL, NULL, NULL, NULL, NULL, NULL, NULL, NULL, NULL, NULL, 1, NULL, '2026-02-27 15:53:49', 1, '2026-02-27 15:53:49'),
(271, 1, NULL, NULL, 'Monica', NULL, NULL, NULL, NULL, NULL, NULL, NULL, NULL, NULL, NULL, NULL, 'es', 0, 0, NULL, NULL, NULL, NULL, NULL, NULL, NULL, NULL, NULL, NULL, NULL, NULL, NULL, NULL, NULL, NULL, 1, NULL, '2026-02-27 15:53:49', 1, '2026-02-27 15:53:49'),
(272, 1, NULL, NULL, 'Arturo', NULL, NULL, NULL, NULL, NULL, NULL, NULL, NULL, NULL, NULL, NULL, 'es', 0, 0, NULL, NULL, NULL, NULL, NULL, NULL, NULL, NULL, NULL, NULL, NULL, NULL, NULL, NULL, NULL, NULL, 1, NULL, '2026-02-27 15:53:49', 1, '2026-02-27 15:53:49'),
(273, 1, NULL, NULL, 'Erika', NULL, NULL, NULL, NULL, NULL, NULL, NULL, NULL, NULL, NULL, NULL, 'es', 0, 0, NULL, NULL, NULL, NULL, NULL, NULL, NULL, NULL, NULL, NULL, NULL, NULL, NULL, NULL, NULL, NULL, 1, NULL, '2026-02-27 15:53:49', 1, '2026-02-27 15:53:49'),
(274, 1, NULL, NULL, 'Jonathan', NULL, NULL, NULL, NULL, NULL, NULL, NULL, NULL, NULL, NULL, NULL, 'es', 0, 0, NULL, NULL, NULL, NULL, NULL, NULL, NULL, NULL, NULL, NULL, NULL, NULL, NULL, NULL, NULL, NULL, 1, NULL, '2026-02-27 15:53:49', 1, '2026-02-27 15:53:49'),
(275, 1, NULL, NULL, 'Valeria', NULL, NULL, NULL, NULL, NULL, NULL, NULL, NULL, NULL, NULL, NULL, 'es', 0, 0, NULL, NULL, NULL, NULL, NULL, NULL, NULL, NULL, NULL, NULL, NULL, NULL, NULL, NULL, NULL, NULL, 1, NULL, '2026-02-27 15:53:49', 1, '2026-02-27 15:53:49'),
(276, 1, NULL, NULL, 'Jaime', NULL, NULL, NULL, NULL, NULL, NULL, NULL, NULL, NULL, NULL, NULL, 'es', 0, 0, NULL, NULL, NULL, NULL, NULL, NULL, NULL, NULL, NULL, NULL, NULL, NULL, NULL, NULL, NULL, NULL, 1, NULL, '2026-02-27 15:53:49', 1, '2026-02-27 15:53:49'),
(277, 1, NULL, NULL, 'Dani', NULL, NULL, NULL, NULL, NULL, NULL, NULL, NULL, NULL, NULL, NULL, 'es', 0, 0, NULL, NULL, NULL, NULL, NULL, NULL, NULL, NULL, NULL, NULL, NULL, NULL, NULL, NULL, NULL, NULL, 1, NULL, '2026-02-27 15:53:49', 1, '2026-02-27 15:53:49'),
(278, 1, NULL, NULL, 'Dayana', NULL, NULL, NULL, NULL, NULL, NULL, NULL, NULL, NULL, NULL, NULL, 'es', 0, 0, NULL, NULL, NULL, NULL, NULL, NULL, NULL, NULL, NULL, NULL, NULL, NULL, NULL, NULL, NULL, NULL, 1, NULL, '2026-02-27 15:53:49', 1, '2026-02-27 15:53:49'),
(279, 1, NULL, NULL, 'Dafne', NULL, NULL, NULL, NULL, NULL, NULL, NULL, NULL, NULL, NULL, NULL, 'es', 0, 0, NULL, NULL, NULL, NULL, NULL, NULL, NULL, NULL, NULL, NULL, NULL, NULL, NULL, NULL, NULL, NULL, 1, NULL, '2026-02-27 15:53:49', 1, '2026-02-27 15:53:49'),
(280, 1, NULL, NULL, 'Alex', NULL, NULL, NULL, NULL, NULL, NULL, NULL, NULL, NULL, NULL, NULL, 'es', 0, 0, NULL, NULL, NULL, NULL, NULL, NULL, NULL, NULL, NULL, NULL, NULL, NULL, NULL, NULL, NULL, NULL, 1, NULL, '2026-02-27 15:53:49', 1, '2026-02-27 15:53:49'),
(281, 1, NULL, NULL, 'Briselda', NULL, NULL, NULL, NULL, NULL, NULL, NULL, NULL, NULL, NULL, NULL, 'es', 0, 0, NULL, NULL, NULL, NULL, NULL, NULL, NULL, NULL, NULL, NULL, NULL, NULL, NULL, NULL, NULL, NULL, 1, NULL, '2026-02-27 15:53:49', 1, '2026-02-27 15:53:49'),
(282, 1, NULL, NULL, 'Munsilf 878 Airb&b 2195 efectivo', NULL, NULL, NULL, NULL, NULL, NULL, NULL, NULL, NULL, NULL, NULL, 'es', 0, 0, NULL, NULL, NULL, NULL, NULL, NULL, NULL, NULL, NULL, NULL, NULL, NULL, NULL, NULL, NULL, NULL, 1, NULL, '2026-02-27 15:53:49', 1, '2026-02-27 15:53:49'),
(283, 1, NULL, NULL, 'Or', NULL, NULL, NULL, NULL, NULL, NULL, NULL, NULL, NULL, NULL, NULL, 'es', 0, 0, NULL, NULL, NULL, NULL, NULL, NULL, NULL, NULL, NULL, NULL, NULL, NULL, NULL, NULL, NULL, NULL, 1, NULL, '2026-02-27 15:53:49', 1, '2026-02-27 15:53:49'),
(284, 1, NULL, NULL, 'Arrieta', NULL, NULL, NULL, NULL, NULL, NULL, NULL, NULL, NULL, NULL, NULL, 'es', 0, 0, NULL, NULL, NULL, NULL, NULL, NULL, NULL, NULL, NULL, NULL, NULL, NULL, NULL, NULL, NULL, NULL, 1, NULL, '2026-02-27 15:53:49', 1, '2026-02-27 15:53:49'),
(285, 1, NULL, NULL, 'Emmanuel', NULL, NULL, NULL, NULL, NULL, NULL, NULL, NULL, NULL, NULL, NULL, 'es', 0, 0, NULL, NULL, NULL, NULL, NULL, NULL, NULL, NULL, NULL, NULL, NULL, NULL, NULL, NULL, NULL, NULL, 1, NULL, '2026-02-27 15:53:49', 1, '2026-02-27 15:53:49'),
(286, 1, NULL, NULL, 'Carlos', NULL, NULL, NULL, NULL, NULL, NULL, NULL, NULL, NULL, NULL, NULL, 'es', 0, 0, NULL, NULL, NULL, NULL, NULL, NULL, NULL, NULL, NULL, NULL, NULL, NULL, NULL, NULL, NULL, NULL, 1, NULL, '2026-02-27 15:53:49', 1, '2026-02-27 15:53:49'),
(287, 1, NULL, NULL, 'Carlos', NULL, NULL, NULL, NULL, NULL, NULL, NULL, NULL, NULL, NULL, NULL, 'es', 0, 0, NULL, NULL, NULL, NULL, NULL, NULL, NULL, NULL, NULL, NULL, NULL, NULL, NULL, NULL, NULL, NULL, 1, NULL, '2026-02-27 15:53:49', 1, '2026-02-27 15:53:49'),
(288, 1, NULL, NULL, 'Melissa', NULL, NULL, NULL, NULL, NULL, NULL, NULL, NULL, NULL, NULL, NULL, 'es', 0, 0, NULL, NULL, NULL, NULL, NULL, NULL, NULL, NULL, NULL, NULL, NULL, NULL, NULL, NULL, NULL, NULL, 1, NULL, '2026-02-27 15:53:49', 1, '2026-02-27 15:53:49'),
(289, 1, NULL, NULL, 'Omar', NULL, NULL, NULL, NULL, NULL, NULL, NULL, NULL, NULL, NULL, NULL, 'es', 0, 0, NULL, NULL, NULL, NULL, NULL, NULL, NULL, NULL, NULL, NULL, NULL, NULL, NULL, NULL, NULL, NULL, 1, NULL, '2026-02-27 15:53:49', 1, '2026-02-27 15:53:49'),
(290, 1, NULL, NULL, 'Roberto', NULL, NULL, NULL, NULL, NULL, NULL, NULL, NULL, NULL, NULL, NULL, 'es', 0, 0, NULL, NULL, NULL, NULL, NULL, NULL, NULL, NULL, NULL, NULL, NULL, NULL, NULL, NULL, NULL, NULL, 1, NULL, '2026-02-27 15:53:49', 1, '2026-02-27 15:53:49'),
(291, 1, NULL, NULL, 'Christian', NULL, NULL, NULL, NULL, NULL, NULL, NULL, NULL, NULL, NULL, NULL, 'es', 0, 0, NULL, NULL, NULL, NULL, NULL, NULL, NULL, NULL, NULL, NULL, NULL, NULL, NULL, NULL, NULL, NULL, 1, NULL, '2026-02-27 15:53:49', 1, '2026-02-27 15:53:49'),
(292, 1, NULL, NULL, 'Ziva', NULL, NULL, NULL, NULL, NULL, NULL, NULL, NULL, NULL, NULL, NULL, 'es', 0, 0, NULL, NULL, NULL, NULL, NULL, NULL, NULL, NULL, NULL, NULL, NULL, NULL, NULL, NULL, NULL, NULL, 1, NULL, '2026-02-27 15:53:49', 1, '2026-02-27 15:53:49'),
(293, 1, NULL, NULL, 'Cameron', NULL, NULL, NULL, NULL, NULL, NULL, NULL, NULL, NULL, NULL, NULL, 'es', 0, 0, NULL, NULL, NULL, NULL, NULL, NULL, NULL, NULL, NULL, NULL, NULL, NULL, NULL, NULL, NULL, NULL, 1, NULL, '2026-02-27 15:53:49', 1, '2026-02-27 15:53:49'),
(294, 1, NULL, NULL, 'Julie Hirtz', NULL, NULL, NULL, NULL, NULL, NULL, NULL, NULL, NULL, NULL, NULL, 'es', 0, 0, NULL, NULL, NULL, NULL, NULL, NULL, NULL, NULL, NULL, NULL, NULL, NULL, NULL, NULL, NULL, NULL, 1, NULL, '2026-02-27 15:53:49', 1, '2026-02-27 15:53:49'),
(295, 1, NULL, NULL, 'Laura', NULL, NULL, NULL, NULL, NULL, NULL, NULL, NULL, NULL, NULL, NULL, 'es', 0, 0, NULL, NULL, NULL, NULL, NULL, NULL, NULL, NULL, NULL, NULL, NULL, NULL, NULL, NULL, NULL, NULL, 1, NULL, '2026-02-27 15:53:49', 1, '2026-02-27 15:53:49'),
(296, 1, NULL, NULL, 'jose', NULL, NULL, NULL, NULL, NULL, NULL, NULL, NULL, NULL, NULL, NULL, 'es', 0, 0, NULL, NULL, NULL, NULL, NULL, NULL, NULL, NULL, NULL, NULL, NULL, NULL, NULL, NULL, NULL, NULL, 1, NULL, '2026-02-27 15:53:49', 1, '2026-02-27 15:53:49'),
(297, 1, NULL, NULL, 'Eliza', NULL, NULL, NULL, NULL, NULL, NULL, NULL, NULL, NULL, NULL, NULL, 'es', 0, 0, NULL, NULL, NULL, NULL, NULL, NULL, NULL, NULL, NULL, NULL, NULL, NULL, NULL, NULL, NULL, NULL, 1, NULL, '2026-02-27 15:53:49', 1, '2026-02-27 15:53:49'),
(298, 1, NULL, NULL, 'Martín', NULL, NULL, NULL, NULL, NULL, NULL, NULL, NULL, NULL, NULL, NULL, 'es', 0, 0, NULL, NULL, NULL, NULL, NULL, NULL, NULL, NULL, NULL, NULL, NULL, NULL, NULL, NULL, NULL, NULL, 1, NULL, '2026-02-27 15:53:49', 1, '2026-02-27 15:53:49'),
(299, 1, NULL, NULL, 'Kevin', NULL, NULL, NULL, NULL, NULL, NULL, NULL, NULL, NULL, NULL, NULL, 'es', 0, 0, NULL, NULL, NULL, NULL, NULL, NULL, NULL, NULL, NULL, NULL, NULL, NULL, NULL, NULL, NULL, NULL, 1, NULL, '2026-02-27 15:53:49', 1, '2026-02-27 15:53:49'),
(300, 1, NULL, NULL, 'Kevin', NULL, NULL, NULL, NULL, NULL, NULL, NULL, NULL, NULL, NULL, NULL, 'es', 0, 0, NULL, NULL, NULL, NULL, NULL, NULL, NULL, NULL, NULL, NULL, NULL, NULL, NULL, NULL, NULL, NULL, 1, NULL, '2026-02-27 15:53:49', 1, '2026-02-27 15:53:49'),
(301, 1, NULL, NULL, 'Alberto', NULL, NULL, NULL, NULL, NULL, NULL, NULL, NULL, NULL, NULL, NULL, 'es', 0, 0, NULL, NULL, NULL, NULL, NULL, NULL, NULL, NULL, NULL, NULL, NULL, NULL, NULL, NULL, NULL, NULL, 1, NULL, '2026-02-27 15:53:49', 1, '2026-02-27 15:53:49'),
(302, 1, NULL, NULL, 'Nico', NULL, NULL, NULL, NULL, NULL, NULL, NULL, NULL, NULL, NULL, NULL, 'es', 0, 0, NULL, NULL, NULL, NULL, NULL, NULL, NULL, NULL, NULL, NULL, NULL, NULL, NULL, NULL, NULL, NULL, 1, NULL, '2026-02-27 15:53:49', 1, '2026-02-27 15:53:49'),
(303, 1, NULL, NULL, 'Tonatiuh', NULL, NULL, NULL, NULL, NULL, NULL, NULL, NULL, NULL, NULL, NULL, 'es', 0, 0, NULL, NULL, NULL, NULL, NULL, NULL, NULL, NULL, NULL, NULL, NULL, NULL, NULL, NULL, NULL, NULL, 1, NULL, '2026-02-27 15:53:49', 1, '2026-02-27 15:53:49'),
(304, 1, NULL, NULL, 'Kennet', NULL, NULL, NULL, NULL, NULL, NULL, NULL, NULL, NULL, NULL, NULL, 'es', 0, 0, NULL, NULL, NULL, NULL, NULL, NULL, NULL, NULL, NULL, NULL, NULL, NULL, NULL, NULL, NULL, NULL, 1, NULL, '2026-02-27 15:53:49', 1, '2026-02-27 15:53:49'),
(305, 1, NULL, NULL, 'Daniel', NULL, NULL, NULL, NULL, NULL, NULL, NULL, NULL, NULL, NULL, NULL, 'es', 0, 0, NULL, NULL, NULL, NULL, NULL, NULL, NULL, NULL, NULL, NULL, NULL, NULL, NULL, NULL, NULL, NULL, 1, NULL, '2026-02-27 15:53:49', 1, '2026-02-27 15:53:49'),
(306, 1, NULL, NULL, 'Roberto', NULL, NULL, NULL, NULL, NULL, NULL, NULL, NULL, NULL, NULL, NULL, 'es', 0, 0, NULL, NULL, NULL, NULL, NULL, NULL, NULL, NULL, NULL, NULL, NULL, NULL, NULL, NULL, NULL, NULL, 1, NULL, '2026-02-27 15:53:49', 1, '2026-02-27 15:53:49'),
(307, 1, NULL, NULL, 'Arreba', NULL, NULL, NULL, NULL, NULL, NULL, NULL, NULL, NULL, NULL, NULL, 'es', 0, 0, NULL, NULL, NULL, NULL, NULL, NULL, NULL, NULL, NULL, NULL, NULL, NULL, NULL, NULL, NULL, NULL, 1, NULL, '2026-02-27 15:53:49', 1, '2026-02-27 15:53:49'),
(308, 1, NULL, NULL, 'Garza Juanita checar', NULL, NULL, NULL, NULL, NULL, NULL, NULL, NULL, NULL, NULL, NULL, 'es', 0, 0, NULL, NULL, NULL, NULL, NULL, NULL, NULL, NULL, NULL, NULL, NULL, NULL, NULL, NULL, NULL, NULL, 1, NULL, '2026-02-27 15:53:49', 1, '2026-02-27 15:53:49'),
(309, 1, NULL, NULL, 'Bert *', NULL, NULL, NULL, NULL, NULL, NULL, NULL, NULL, NULL, NULL, NULL, 'es', 0, 0, NULL, NULL, NULL, NULL, NULL, NULL, NULL, NULL, NULL, NULL, NULL, NULL, NULL, NULL, NULL, NULL, 1, NULL, '2026-02-27 15:53:49', 1, '2026-02-27 15:53:49'),
(310, 1, NULL, NULL, 'Munsfin', NULL, NULL, NULL, NULL, NULL, NULL, NULL, NULL, NULL, NULL, NULL, 'es', 0, 0, NULL, NULL, NULL, NULL, NULL, NULL, NULL, NULL, NULL, NULL, NULL, NULL, NULL, NULL, NULL, NULL, 1, NULL, '2026-02-27 15:53:49', 1, '2026-02-27 15:53:49'),
(311, 1, NULL, NULL, 'Munsfin', NULL, NULL, NULL, NULL, NULL, NULL, NULL, NULL, NULL, NULL, NULL, 'es', 0, 0, NULL, NULL, NULL, NULL, NULL, NULL, NULL, NULL, NULL, NULL, NULL, NULL, NULL, NULL, NULL, NULL, 1, NULL, '2026-02-27 15:53:49', 1, '2026-02-27 15:53:49'),
(312, 1, NULL, NULL, 'Claudia', NULL, NULL, NULL, NULL, NULL, NULL, NULL, NULL, NULL, NULL, NULL, 'es', 0, 0, NULL, NULL, NULL, NULL, NULL, NULL, NULL, NULL, NULL, NULL, NULL, NULL, NULL, NULL, NULL, NULL, 1, NULL, '2026-02-27 15:53:49', 1, '2026-02-27 15:53:49'),
(313, 1, NULL, NULL, 'Daniel', NULL, NULL, NULL, NULL, NULL, NULL, NULL, NULL, NULL, NULL, NULL, 'es', 0, 0, NULL, NULL, NULL, NULL, NULL, NULL, NULL, NULL, NULL, NULL, NULL, NULL, NULL, NULL, NULL, NULL, 1, NULL, '2026-02-27 15:53:49', 1, '2026-02-27 15:53:49'),
(314, 1, NULL, NULL, 'Diana', NULL, NULL, NULL, NULL, NULL, NULL, NULL, NULL, NULL, NULL, NULL, 'es', 0, 0, NULL, NULL, NULL, NULL, NULL, NULL, NULL, NULL, NULL, NULL, NULL, NULL, NULL, NULL, NULL, NULL, 1, NULL, '2026-02-27 15:53:49', 1, '2026-02-27 15:53:49'),
(315, 1, NULL, NULL, 'Martín', NULL, NULL, NULL, NULL, NULL, NULL, NULL, NULL, NULL, NULL, NULL, 'es', 0, 0, NULL, NULL, NULL, NULL, NULL, NULL, NULL, NULL, NULL, NULL, NULL, NULL, NULL, NULL, NULL, NULL, 1, NULL, '2026-02-27 15:53:49', 1, '2026-02-27 15:53:49'),
(316, 1, NULL, NULL, 'Enric del #', NULL, NULL, NULL, NULL, NULL, NULL, NULL, NULL, NULL, NULL, NULL, 'es', 0, 0, NULL, NULL, NULL, NULL, NULL, NULL, NULL, NULL, NULL, NULL, NULL, NULL, NULL, NULL, NULL, NULL, 1, NULL, '2026-02-27 15:53:49', 1, '2026-02-27 15:53:49'),
(317, 1, NULL, NULL, 'Marcos', NULL, NULL, NULL, NULL, NULL, NULL, NULL, NULL, NULL, NULL, NULL, 'es', 0, 0, NULL, NULL, NULL, NULL, NULL, NULL, NULL, NULL, NULL, NULL, NULL, NULL, NULL, NULL, NULL, NULL, 1, NULL, '2026-02-27 15:53:49', 1, '2026-02-27 15:53:49'),
(318, 1, NULL, NULL, 'simon', NULL, NULL, NULL, NULL, NULL, NULL, NULL, NULL, NULL, NULL, NULL, 'es', 0, 0, NULL, NULL, NULL, NULL, NULL, NULL, NULL, NULL, NULL, NULL, NULL, NULL, NULL, NULL, NULL, NULL, 1, NULL, '2026-02-27 15:53:49', 1, '2026-02-27 15:53:49'),
(319, 1, NULL, NULL, 'César', NULL, NULL, NULL, NULL, NULL, NULL, NULL, NULL, NULL, NULL, NULL, 'es', 0, 0, NULL, NULL, NULL, NULL, NULL, NULL, NULL, NULL, NULL, NULL, NULL, NULL, NULL, NULL, NULL, NULL, 1, NULL, '2026-02-27 15:53:49', 1, '2026-02-27 15:53:49'),
(320, 1, NULL, NULL, 'Thomas', NULL, NULL, NULL, NULL, NULL, NULL, NULL, NULL, NULL, NULL, NULL, 'es', 0, 0, NULL, NULL, NULL, NULL, NULL, NULL, NULL, NULL, NULL, NULL, NULL, NULL, NULL, NULL, NULL, NULL, 1, NULL, '2026-02-27 15:53:49', 1, '2026-02-27 15:53:49'),
(321, 1, NULL, NULL, 'Alejandro', NULL, NULL, NULL, NULL, NULL, NULL, NULL, NULL, NULL, NULL, NULL, 'es', 0, 0, NULL, NULL, NULL, NULL, NULL, NULL, NULL, NULL, NULL, NULL, NULL, NULL, NULL, NULL, NULL, NULL, 1, NULL, '2026-02-27 15:53:49', 1, '2026-02-27 15:53:49'),
(322, 1, NULL, NULL, 'Arturo', NULL, NULL, NULL, NULL, NULL, NULL, NULL, NULL, NULL, NULL, NULL, 'es', 0, 0, NULL, NULL, NULL, NULL, NULL, NULL, NULL, NULL, NULL, NULL, NULL, NULL, NULL, NULL, NULL, NULL, 1, NULL, '2026-02-27 15:53:49', 1, '2026-02-27 15:53:49'),
(323, 1, NULL, NULL, 'Christian', NULL, NULL, NULL, NULL, NULL, NULL, NULL, NULL, NULL, NULL, NULL, 'es', 0, 0, NULL, NULL, NULL, NULL, NULL, NULL, NULL, NULL, NULL, NULL, NULL, NULL, NULL, NULL, NULL, NULL, 1, NULL, '2026-02-27 15:53:49', 1, '2026-02-27 15:53:49'),
(324, 1, NULL, NULL, 'Daniel', NULL, NULL, NULL, NULL, NULL, NULL, NULL, NULL, NULL, NULL, NULL, 'es', 0, 0, NULL, NULL, NULL, NULL, NULL, NULL, NULL, NULL, NULL, NULL, NULL, NULL, NULL, NULL, NULL, NULL, 1, NULL, '2026-02-27 15:53:49', 1, '2026-02-27 15:53:49'),
(325, 1, NULL, NULL, 'Matthew', NULL, NULL, NULL, NULL, NULL, NULL, NULL, NULL, NULL, NULL, NULL, 'es', 0, 0, NULL, NULL, NULL, NULL, NULL, NULL, NULL, NULL, NULL, NULL, NULL, NULL, NULL, NULL, NULL, NULL, 1, NULL, '2026-02-27 15:53:49', 1, '2026-02-27 15:53:49'),
(326, 1, NULL, NULL, 'Pedro', NULL, NULL, NULL, NULL, NULL, NULL, NULL, NULL, NULL, NULL, NULL, 'es', 0, 0, NULL, NULL, NULL, NULL, NULL, NULL, NULL, NULL, NULL, NULL, NULL, NULL, NULL, NULL, NULL, NULL, 1, NULL, '2026-02-27 15:53:49', 1, '2026-02-27 15:53:49'),
(327, 1, NULL, NULL, 'Leonor', NULL, NULL, NULL, NULL, NULL, NULL, NULL, NULL, NULL, NULL, NULL, 'es', 0, 0, NULL, NULL, NULL, NULL, NULL, NULL, NULL, NULL, NULL, NULL, NULL, NULL, NULL, NULL, NULL, NULL, 1, NULL, '2026-02-27 15:53:49', 1, '2026-02-27 15:53:49'),
(328, 1, NULL, NULL, 'Luc', NULL, NULL, NULL, NULL, NULL, NULL, NULL, NULL, NULL, NULL, NULL, 'es', 0, 0, NULL, NULL, NULL, NULL, NULL, NULL, NULL, NULL, NULL, NULL, NULL, NULL, NULL, NULL, NULL, NULL, 1, NULL, '2026-02-27 15:53:49', 1, '2026-02-27 15:53:49'),
(329, 1, NULL, NULL, 'Cecilia', NULL, NULL, NULL, NULL, NULL, NULL, NULL, NULL, NULL, NULL, NULL, 'es', 0, 0, NULL, NULL, NULL, NULL, NULL, NULL, NULL, NULL, NULL, NULL, NULL, NULL, NULL, NULL, NULL, NULL, 1, NULL, '2026-02-27 15:53:49', 1, '2026-02-27 15:53:49'),
(330, 1, NULL, NULL, 'Octavio', NULL, NULL, NULL, NULL, NULL, NULL, NULL, NULL, NULL, NULL, NULL, 'es', 0, 0, NULL, NULL, NULL, NULL, NULL, NULL, NULL, NULL, NULL, NULL, NULL, NULL, NULL, NULL, NULL, NULL, 1, NULL, '2026-02-27 15:53:49', 1, '2026-02-27 15:53:49'),
(331, 1, NULL, NULL, 'Alfred', NULL, NULL, NULL, NULL, NULL, NULL, NULL, NULL, NULL, NULL, NULL, 'es', 0, 0, NULL, NULL, NULL, NULL, NULL, NULL, NULL, NULL, NULL, NULL, NULL, NULL, NULL, NULL, NULL, NULL, 1, NULL, '2026-02-27 15:53:49', 1, '2026-02-27 15:53:49'),
(332, 1, NULL, NULL, 'Nicholas', NULL, NULL, NULL, NULL, NULL, NULL, NULL, NULL, NULL, NULL, NULL, 'es', 0, 0, NULL, NULL, NULL, NULL, NULL, NULL, NULL, NULL, NULL, NULL, NULL, NULL, NULL, NULL, NULL, NULL, 1, NULL, '2026-02-27 15:53:49', 1, '2026-02-27 15:53:49'),
(333, 1, NULL, NULL, 'Fabián Nicola', NULL, NULL, NULL, NULL, NULL, NULL, NULL, NULL, NULL, NULL, NULL, 'es', 0, 0, NULL, NULL, NULL, NULL, NULL, NULL, NULL, NULL, NULL, NULL, NULL, NULL, NULL, NULL, NULL, NULL, 1, NULL, '2026-02-27 15:53:49', 1, '2026-02-27 15:53:49'),
(334, 1, NULL, NULL, 'Munsfin', NULL, NULL, NULL, NULL, NULL, NULL, NULL, NULL, NULL, NULL, NULL, 'es', 0, 0, NULL, NULL, NULL, NULL, NULL, NULL, NULL, NULL, NULL, NULL, NULL, NULL, NULL, NULL, NULL, NULL, 1, NULL, '2026-02-27 15:53:49', 1, '2026-02-27 15:53:49'),
(335, 1, NULL, NULL, 'Rijsbergen Sharon', NULL, NULL, NULL, NULL, NULL, NULL, NULL, NULL, NULL, NULL, NULL, 'es', 0, 0, NULL, NULL, NULL, NULL, NULL, NULL, NULL, NULL, NULL, NULL, NULL, NULL, NULL, NULL, NULL, NULL, 1, NULL, '2026-02-27 15:53:49', 1, '2026-02-27 15:53:49'),
(336, 1, NULL, NULL, 'Carolina', NULL, NULL, NULL, NULL, NULL, NULL, NULL, NULL, NULL, NULL, NULL, 'es', 0, 0, NULL, NULL, NULL, NULL, NULL, NULL, NULL, NULL, NULL, NULL, NULL, NULL, NULL, NULL, NULL, NULL, 1, NULL, '2026-02-27 15:53:49', 1, '2026-02-27 15:53:49'),
(337, 1, NULL, NULL, 'Niell', NULL, NULL, NULL, NULL, NULL, NULL, NULL, NULL, NULL, NULL, NULL, 'es', 0, 0, NULL, NULL, NULL, NULL, NULL, NULL, NULL, NULL, NULL, NULL, NULL, NULL, NULL, NULL, NULL, NULL, 1, NULL, '2026-02-27 15:53:49', 1, '2026-02-27 15:53:49'),
(338, 1, NULL, NULL, 'Ricardo', NULL, NULL, NULL, NULL, NULL, NULL, NULL, NULL, NULL, NULL, NULL, 'es', 0, 0, NULL, NULL, NULL, NULL, NULL, NULL, NULL, NULL, NULL, NULL, NULL, NULL, NULL, NULL, NULL, NULL, 1, NULL, '2026-02-27 15:53:49', 1, '2026-02-27 15:53:49'),
(339, 1, NULL, NULL, 'Thomas', NULL, NULL, NULL, NULL, NULL, NULL, NULL, NULL, NULL, NULL, NULL, 'es', 0, 0, NULL, NULL, NULL, NULL, NULL, NULL, NULL, NULL, NULL, NULL, NULL, NULL, NULL, NULL, NULL, NULL, 1, NULL, '2026-02-27 15:53:49', 1, '2026-02-27 15:53:49'),
(340, 1, NULL, NULL, 'Jonna', NULL, NULL, NULL, NULL, NULL, NULL, NULL, NULL, NULL, NULL, NULL, 'es', 0, 0, NULL, NULL, NULL, NULL, NULL, NULL, NULL, NULL, NULL, NULL, NULL, NULL, NULL, NULL, NULL, NULL, 1, NULL, '2026-02-27 15:53:49', 1, '2026-02-27 15:53:49'),
(341, 1, NULL, '+15873577533', 'Oria', 'Kujala', NULL, 'Oria Kujala', NULL, NULL, NULL, NULL, NULL, NULL, NULL, NULL, 'es', 0, 0, NULL, NULL, NULL, NULL, NULL, NULL, NULL, NULL, NULL, NULL, NULL, NULL, NULL, NULL, NULL, NULL, 1, NULL, '2026-02-27 15:53:49', 1, '2026-03-01 14:30:18'),
(342, 1, NULL, NULL, 'Mattew', NULL, NULL, NULL, NULL, NULL, NULL, NULL, NULL, NULL, NULL, NULL, 'es', 0, 0, NULL, NULL, NULL, NULL, NULL, NULL, NULL, NULL, NULL, NULL, NULL, NULL, NULL, NULL, NULL, NULL, 1, NULL, '2026-02-27 15:53:49', 1, '2026-02-27 15:53:49'),
(343, 1, NULL, NULL, 'Nina', NULL, NULL, NULL, NULL, NULL, NULL, NULL, NULL, NULL, NULL, NULL, 'es', 0, 0, NULL, NULL, NULL, NULL, NULL, NULL, NULL, NULL, NULL, NULL, NULL, NULL, NULL, NULL, NULL, NULL, 1, NULL, '2026-02-27 15:53:49', 1, '2026-02-27 15:53:49'),
(344, 1, NULL, NULL, 'Richard', NULL, NULL, NULL, NULL, NULL, NULL, NULL, NULL, NULL, NULL, NULL, 'es', 0, 0, NULL, NULL, NULL, NULL, NULL, NULL, NULL, NULL, NULL, NULL, NULL, NULL, NULL, NULL, NULL, NULL, 1, NULL, '2026-02-27 15:53:49', 1, '2026-02-27 15:53:49'),
(345, 1, NULL, NULL, 'Luis *', NULL, NULL, NULL, NULL, NULL, NULL, NULL, NULL, NULL, NULL, NULL, 'es', 0, 0, NULL, NULL, NULL, NULL, NULL, NULL, NULL, NULL, NULL, NULL, NULL, NULL, NULL, NULL, NULL, NULL, 1, NULL, '2026-02-27 15:53:49', 1, '2026-02-27 15:53:49'),
(346, 1, NULL, NULL, 'Melisa Acosta', NULL, NULL, NULL, NULL, NULL, NULL, NULL, NULL, NULL, NULL, NULL, 'es', 0, 0, NULL, NULL, NULL, NULL, NULL, NULL, NULL, NULL, NULL, NULL, NULL, NULL, NULL, NULL, NULL, NULL, 1, NULL, '2026-02-27 15:53:49', 1, '2026-02-27 15:53:49'),
(347, 1, NULL, NULL, 'Jose manuel', NULL, NULL, NULL, NULL, NULL, NULL, NULL, NULL, NULL, NULL, NULL, 'es', 0, 0, NULL, NULL, NULL, NULL, NULL, NULL, NULL, NULL, NULL, NULL, NULL, NULL, NULL, NULL, NULL, NULL, 1, NULL, '2026-02-27 15:53:49', 1, '2026-02-27 15:53:49'),
(348, 1, NULL, NULL, 'Enric', NULL, NULL, NULL, NULL, NULL, NULL, NULL, NULL, NULL, NULL, NULL, 'es', 0, 0, NULL, NULL, NULL, NULL, NULL, NULL, NULL, NULL, NULL, NULL, NULL, NULL, NULL, NULL, NULL, NULL, 1, NULL, '2026-02-27 15:53:49', 1, '2026-02-27 15:53:49'),
(349, 1, NULL, NULL, 'Pedro', NULL, NULL, NULL, NULL, NULL, NULL, NULL, NULL, NULL, NULL, NULL, 'es', 0, 0, NULL, NULL, NULL, NULL, NULL, NULL, NULL, NULL, NULL, NULL, NULL, NULL, NULL, NULL, NULL, NULL, 1, NULL, '2026-02-27 15:53:49', 1, '2026-02-27 15:53:49'),
(350, 1, NULL, NULL, 'Alberto del #', NULL, NULL, NULL, NULL, NULL, NULL, NULL, NULL, NULL, NULL, NULL, 'es', 0, 0, NULL, NULL, NULL, NULL, NULL, NULL, NULL, NULL, NULL, NULL, NULL, NULL, NULL, NULL, NULL, NULL, 1, NULL, '2026-02-27 15:53:49', 1, '2026-02-27 15:53:49'),
(351, 1, NULL, NULL, 'Alberto', NULL, NULL, NULL, NULL, NULL, NULL, NULL, NULL, NULL, NULL, NULL, 'es', 0, 0, NULL, NULL, NULL, NULL, NULL, NULL, NULL, NULL, NULL, NULL, NULL, NULL, NULL, NULL, NULL, NULL, 1, NULL, '2026-02-27 15:53:49', 1, '2026-02-27 15:53:49'),
(352, 1, NULL, NULL, 'Cecilia', NULL, NULL, NULL, NULL, NULL, NULL, NULL, NULL, NULL, NULL, NULL, 'es', 0, 0, NULL, NULL, NULL, NULL, NULL, NULL, NULL, NULL, NULL, NULL, NULL, NULL, NULL, NULL, NULL, NULL, 1, NULL, '2026-02-27 15:53:49', 1, '2026-02-27 15:53:49'),
(353, 1, NULL, NULL, 'Maria magdalena', NULL, NULL, NULL, NULL, NULL, NULL, NULL, NULL, NULL, NULL, NULL, 'es', 0, 0, NULL, NULL, NULL, NULL, NULL, NULL, NULL, NULL, NULL, NULL, NULL, NULL, NULL, NULL, NULL, NULL, 1, NULL, '2026-02-27 15:53:49', 1, '2026-02-27 15:53:49'),
(354, 1, NULL, NULL, 'Christian', NULL, NULL, NULL, NULL, NULL, NULL, NULL, NULL, NULL, NULL, NULL, 'es', 0, 0, NULL, NULL, NULL, NULL, NULL, NULL, NULL, NULL, NULL, NULL, NULL, NULL, NULL, NULL, NULL, NULL, 1, NULL, '2026-02-27 15:53:49', 1, '2026-02-27 15:53:49'),
(355, 1, NULL, NULL, 'Luis', NULL, NULL, NULL, NULL, NULL, NULL, NULL, NULL, NULL, NULL, NULL, 'es', 0, 0, NULL, NULL, NULL, NULL, NULL, NULL, NULL, NULL, NULL, NULL, NULL, NULL, NULL, NULL, NULL, NULL, 1, NULL, '2026-02-27 15:53:49', 1, '2026-02-27 15:53:49'),
(356, 1, NULL, NULL, 'Noel Mineli', NULL, NULL, NULL, NULL, NULL, NULL, NULL, NULL, NULL, NULL, NULL, 'es', 0, 0, NULL, NULL, NULL, NULL, NULL, NULL, NULL, NULL, NULL, NULL, NULL, NULL, NULL, NULL, NULL, NULL, 1, NULL, '2026-02-27 15:53:49', 1, '2026-02-27 15:53:49'),
(357, 1, NULL, NULL, 'Daniel', NULL, NULL, NULL, NULL, NULL, NULL, NULL, NULL, NULL, NULL, NULL, 'es', 0, 0, NULL, NULL, NULL, NULL, NULL, NULL, NULL, NULL, NULL, NULL, NULL, NULL, NULL, NULL, NULL, NULL, 1, NULL, '2026-02-27 15:53:49', 1, '2026-02-27 15:53:49'),
(358, 1, NULL, NULL, 'Eric', NULL, NULL, NULL, NULL, NULL, NULL, NULL, NULL, NULL, NULL, NULL, 'es', 0, 0, NULL, NULL, NULL, NULL, NULL, NULL, NULL, NULL, NULL, NULL, NULL, NULL, NULL, NULL, NULL, NULL, 1, NULL, '2026-02-27 15:53:49', 1, '2026-02-27 15:53:49'),
(359, 1, NULL, NULL, 'Enric', NULL, NULL, NULL, NULL, NULL, NULL, NULL, NULL, NULL, NULL, NULL, 'es', 0, 0, NULL, NULL, NULL, NULL, NULL, NULL, NULL, NULL, NULL, NULL, NULL, NULL, NULL, NULL, NULL, NULL, 1, NULL, '2026-02-27 15:53:49', 1, '2026-02-27 15:53:49'),
(360, 1, NULL, NULL, 'Alexander', NULL, NULL, NULL, NULL, NULL, NULL, NULL, NULL, NULL, NULL, NULL, 'es', 0, 0, NULL, NULL, NULL, NULL, NULL, NULL, NULL, NULL, NULL, NULL, NULL, NULL, NULL, NULL, NULL, NULL, 1, NULL, '2026-02-27 15:53:49', 1, '2026-02-27 15:53:49'),
(361, 1, NULL, NULL, 'María', NULL, NULL, NULL, NULL, NULL, NULL, NULL, NULL, NULL, NULL, NULL, 'es', 0, 0, NULL, NULL, NULL, NULL, NULL, NULL, NULL, NULL, NULL, NULL, NULL, NULL, NULL, NULL, NULL, NULL, 1, NULL, '2026-02-27 15:53:49', 1, '2026-02-27 15:53:49'),
(362, 1, NULL, NULL, 'Evelyn', NULL, NULL, NULL, NULL, NULL, NULL, NULL, NULL, NULL, NULL, NULL, 'es', 0, 0, NULL, NULL, NULL, NULL, NULL, NULL, NULL, NULL, NULL, NULL, NULL, NULL, NULL, NULL, NULL, NULL, 1, NULL, '2026-02-27 15:53:49', 1, '2026-02-27 15:53:49'),
(363, 1, NULL, NULL, 'Sonia', NULL, NULL, NULL, NULL, NULL, NULL, NULL, NULL, NULL, NULL, NULL, 'es', 0, 0, NULL, NULL, NULL, NULL, NULL, NULL, NULL, NULL, NULL, NULL, NULL, NULL, NULL, NULL, NULL, NULL, 1, NULL, '2026-02-27 15:53:49', 1, '2026-02-27 15:53:49'),
(364, 1, NULL, NULL, 'Sofía', NULL, NULL, NULL, NULL, NULL, NULL, NULL, NULL, NULL, NULL, NULL, 'es', 0, 0, NULL, NULL, NULL, NULL, NULL, NULL, NULL, NULL, NULL, NULL, NULL, NULL, NULL, NULL, NULL, NULL, 1, NULL, '2026-02-27 15:53:49', 1, '2026-02-27 15:53:49'),
(365, 1, NULL, NULL, 'Margarita', NULL, NULL, NULL, NULL, NULL, NULL, NULL, NULL, NULL, NULL, NULL, 'es', 0, 0, NULL, NULL, NULL, NULL, NULL, NULL, NULL, NULL, NULL, NULL, NULL, NULL, NULL, NULL, NULL, NULL, 1, NULL, '2026-02-27 15:53:49', 1, '2026-02-27 15:53:49'),
(366, 1, NULL, NULL, 'Cesar', NULL, NULL, NULL, NULL, NULL, NULL, NULL, NULL, NULL, NULL, NULL, 'es', 0, 0, NULL, NULL, NULL, NULL, NULL, NULL, NULL, NULL, NULL, NULL, NULL, NULL, NULL, NULL, NULL, NULL, 1, NULL, '2026-02-27 15:53:49', 1, '2026-02-27 15:53:49'),
(367, 1, NULL, NULL, 'Xime *555 Airb&b', NULL, NULL, NULL, NULL, NULL, NULL, NULL, NULL, NULL, NULL, NULL, 'es', 0, 0, NULL, NULL, NULL, NULL, NULL, NULL, NULL, NULL, NULL, NULL, NULL, NULL, NULL, NULL, NULL, NULL, 1, NULL, '2026-02-27 15:53:49', 1, '2026-02-27 15:53:49'),
(368, 1, NULL, NULL, 'Ximena', NULL, NULL, NULL, NULL, NULL, NULL, NULL, NULL, NULL, NULL, NULL, 'es', 0, 0, NULL, NULL, NULL, NULL, NULL, NULL, NULL, NULL, NULL, NULL, NULL, NULL, NULL, NULL, NULL, NULL, 1, NULL, '2026-02-27 15:53:49', 1, '2026-02-27 15:53:49'),
(369, 1, NULL, NULL, 'Robin', NULL, NULL, NULL, NULL, NULL, NULL, NULL, NULL, NULL, NULL, NULL, 'es', 0, 0, NULL, NULL, NULL, NULL, NULL, NULL, NULL, NULL, NULL, NULL, NULL, NULL, NULL, NULL, NULL, NULL, 1, NULL, '2026-02-27 15:53:49', 1, '2026-02-27 15:53:49'),
(370, 1, NULL, NULL, 'Sergio', NULL, NULL, NULL, NULL, NULL, NULL, NULL, NULL, NULL, NULL, NULL, 'es', 0, 0, NULL, NULL, NULL, NULL, NULL, NULL, NULL, NULL, NULL, NULL, NULL, NULL, NULL, NULL, NULL, NULL, 1, NULL, '2026-02-27 15:53:49', 1, '2026-02-27 15:53:49'),
(371, 1, NULL, NULL, 'Liz Santos', NULL, NULL, NULL, NULL, NULL, NULL, NULL, NULL, NULL, NULL, NULL, 'es', 0, 0, NULL, NULL, NULL, NULL, NULL, NULL, NULL, NULL, NULL, NULL, NULL, NULL, NULL, NULL, NULL, NULL, 1, NULL, '2026-02-27 15:53:49', 1, '2026-02-27 15:53:49'),
(372, 1, NULL, NULL, 'Mariela', NULL, NULL, NULL, NULL, NULL, NULL, NULL, NULL, NULL, NULL, NULL, 'es', 0, 0, NULL, NULL, NULL, NULL, NULL, NULL, NULL, NULL, NULL, NULL, NULL, NULL, NULL, NULL, NULL, NULL, 1, NULL, '2026-02-27 15:53:49', 1, '2026-02-27 15:53:49'),
(373, 1, NULL, NULL, 'Francesco *', NULL, NULL, NULL, NULL, NULL, NULL, NULL, NULL, NULL, NULL, NULL, 'es', 0, 0, NULL, NULL, NULL, NULL, NULL, NULL, NULL, NULL, NULL, NULL, NULL, NULL, NULL, NULL, NULL, NULL, 1, NULL, '2026-02-27 15:53:49', 1, '2026-02-27 15:53:49'),
(374, 1, NULL, NULL, 'David', NULL, NULL, NULL, NULL, NULL, NULL, NULL, NULL, NULL, NULL, NULL, 'es', 0, 0, NULL, NULL, NULL, NULL, NULL, NULL, NULL, NULL, NULL, NULL, NULL, NULL, NULL, NULL, NULL, NULL, 1, NULL, '2026-02-27 15:53:49', 1, '2026-02-27 15:53:49'),
(375, 1, NULL, NULL, 'Anja', NULL, NULL, NULL, NULL, NULL, NULL, NULL, NULL, NULL, NULL, NULL, 'es', 0, 0, NULL, NULL, NULL, NULL, NULL, NULL, NULL, NULL, NULL, NULL, NULL, NULL, NULL, NULL, NULL, NULL, 1, NULL, '2026-02-27 15:53:49', 1, '2026-02-27 15:53:49'),
(376, 1, NULL, NULL, 'Kevin salgado', NULL, NULL, NULL, NULL, NULL, NULL, NULL, NULL, NULL, NULL, NULL, 'es', 0, 0, NULL, NULL, NULL, NULL, NULL, NULL, NULL, NULL, NULL, NULL, NULL, NULL, NULL, NULL, NULL, NULL, 1, NULL, '2026-02-27 15:53:49', 1, '2026-02-27 15:53:49');
INSERT INTO `guest` (`id_guest`, `id_user`, `email`, `phone`, `names`, `last_name`, `maiden_name`, `full_name`, `nationality`, `country_residence`, `birthdate`, `gender`, `doc_type`, `doc_number`, `doc_country`, `doc_expiry`, `language`, `marketing_opt_in`, `blacklisted`, `blacklist_reason`, `loyalty_id`, `tags`, `cc_token`, `cc_brand`, `cc_last4`, `cc_exp`, `pci_vault_provider`, `address_line1`, `address_line2`, `city`, `state`, `postal_code`, `country`, `notes_internal`, `notes_guest`, `is_active`, `deleted_at`, `created_at`, `created_by`, `updated_at`) VALUES
(377, 1, NULL, NULL, 'Bryan', NULL, NULL, NULL, NULL, NULL, NULL, NULL, NULL, NULL, NULL, NULL, 'es', 0, 0, NULL, NULL, NULL, NULL, NULL, NULL, NULL, NULL, NULL, NULL, NULL, NULL, NULL, NULL, NULL, NULL, 1, NULL, '2026-02-27 15:53:49', 1, '2026-02-27 15:53:49'),
(378, 1, NULL, NULL, 'Mara', NULL, NULL, NULL, NULL, NULL, NULL, NULL, NULL, NULL, NULL, NULL, 'es', 0, 0, NULL, NULL, NULL, NULL, NULL, NULL, NULL, NULL, NULL, NULL, NULL, NULL, NULL, NULL, NULL, NULL, 1, NULL, '2026-02-27 15:53:49', 1, '2026-02-27 15:53:49'),
(379, 1, NULL, NULL, 'Eduardo', NULL, NULL, NULL, NULL, NULL, NULL, NULL, NULL, NULL, NULL, NULL, 'es', 0, 0, NULL, NULL, NULL, NULL, NULL, NULL, NULL, NULL, NULL, NULL, NULL, NULL, NULL, NULL, NULL, NULL, 1, NULL, '2026-02-27 15:53:49', 1, '2026-02-27 15:53:49'),
(380, 1, NULL, NULL, 'Saffron', NULL, NULL, NULL, NULL, NULL, NULL, NULL, NULL, NULL, NULL, NULL, 'es', 0, 0, NULL, NULL, NULL, NULL, NULL, NULL, NULL, NULL, NULL, NULL, NULL, NULL, NULL, NULL, NULL, NULL, 1, NULL, '2026-02-27 15:53:49', 1, '2026-02-27 15:53:49'),
(381, 1, NULL, NULL, 'Saffron', NULL, NULL, NULL, NULL, NULL, NULL, NULL, NULL, NULL, NULL, NULL, 'es', 0, 0, NULL, NULL, NULL, NULL, NULL, NULL, NULL, NULL, NULL, NULL, NULL, NULL, NULL, NULL, NULL, NULL, 1, NULL, '2026-02-27 15:53:49', 1, '2026-02-27 15:53:49'),
(382, 1, NULL, NULL, 'Guadalupe', NULL, NULL, NULL, NULL, NULL, NULL, NULL, NULL, NULL, NULL, NULL, 'es', 0, 0, NULL, NULL, NULL, NULL, NULL, NULL, NULL, NULL, NULL, NULL, NULL, NULL, NULL, NULL, NULL, NULL, 1, NULL, '2026-02-27 15:53:49', 1, '2026-02-27 15:53:49'),
(383, 1, NULL, NULL, 'Guadalupe', NULL, NULL, NULL, NULL, NULL, NULL, NULL, NULL, NULL, NULL, NULL, 'es', 0, 0, NULL, NULL, NULL, NULL, NULL, NULL, NULL, NULL, NULL, NULL, NULL, NULL, NULL, NULL, NULL, NULL, 1, NULL, '2026-02-27 15:53:49', 1, '2026-02-27 15:53:49'),
(384, 1, NULL, NULL, 'Chong', NULL, NULL, NULL, NULL, NULL, NULL, NULL, NULL, NULL, NULL, NULL, 'es', 0, 0, NULL, NULL, NULL, NULL, NULL, NULL, NULL, NULL, NULL, NULL, NULL, NULL, NULL, NULL, NULL, NULL, 1, NULL, '2026-02-27 15:53:49', 1, '2026-02-27 15:53:49'),
(385, 1, NULL, NULL, 'Didier', NULL, NULL, NULL, NULL, NULL, NULL, NULL, NULL, NULL, NULL, NULL, 'es', 0, 0, NULL, NULL, NULL, NULL, NULL, NULL, NULL, NULL, NULL, NULL, NULL, NULL, NULL, NULL, NULL, NULL, 1, NULL, '2026-02-27 15:53:49', 1, '2026-02-27 15:53:49'),
(386, 1, NULL, NULL, 'Kevin', NULL, NULL, NULL, NULL, NULL, NULL, NULL, NULL, NULL, NULL, NULL, 'es', 0, 0, NULL, NULL, NULL, NULL, NULL, NULL, NULL, NULL, NULL, NULL, NULL, NULL, NULL, NULL, NULL, NULL, 1, NULL, '2026-02-27 15:53:49', 1, '2026-02-27 15:53:49'),
(387, 1, NULL, NULL, 'Sandra', NULL, NULL, NULL, NULL, NULL, NULL, NULL, NULL, NULL, NULL, NULL, 'es', 0, 0, NULL, NULL, NULL, NULL, NULL, NULL, NULL, NULL, NULL, NULL, NULL, NULL, NULL, NULL, NULL, NULL, 1, NULL, '2026-02-27 15:53:49', 1, '2026-02-27 15:53:49'),
(388, 1, NULL, NULL, 'Citlalli', NULL, NULL, NULL, NULL, NULL, NULL, NULL, NULL, NULL, NULL, NULL, 'es', 0, 0, NULL, NULL, NULL, NULL, NULL, NULL, NULL, NULL, NULL, NULL, NULL, NULL, NULL, NULL, NULL, NULL, 1, NULL, '2026-02-27 15:53:49', 1, '2026-02-27 15:53:49'),
(389, 1, NULL, NULL, 'lucio', NULL, NULL, NULL, NULL, NULL, NULL, NULL, NULL, NULL, NULL, NULL, 'es', 0, 0, NULL, NULL, NULL, NULL, NULL, NULL, NULL, NULL, NULL, NULL, NULL, NULL, NULL, NULL, NULL, NULL, 1, NULL, '2026-02-27 15:53:49', 1, '2026-02-27 15:53:49'),
(390, 1, NULL, NULL, 'Elsa', NULL, NULL, NULL, NULL, NULL, NULL, NULL, NULL, NULL, NULL, NULL, 'es', 0, 0, NULL, NULL, NULL, NULL, NULL, NULL, NULL, NULL, NULL, NULL, NULL, NULL, NULL, NULL, NULL, NULL, 1, NULL, '2026-02-27 15:53:49', 1, '2026-02-27 15:53:49'),
(391, 1, NULL, NULL, 'Gabby paggado****', NULL, NULL, NULL, NULL, NULL, NULL, NULL, NULL, NULL, NULL, NULL, 'es', 0, 0, NULL, NULL, NULL, NULL, NULL, NULL, NULL, NULL, NULL, NULL, NULL, NULL, NULL, NULL, NULL, NULL, 1, NULL, '2026-02-27 15:53:49', 1, '2026-02-27 15:53:49'),
(392, 1, NULL, NULL, 'Ricardo', NULL, NULL, NULL, NULL, NULL, NULL, NULL, NULL, NULL, NULL, NULL, 'es', 0, 0, NULL, NULL, NULL, NULL, NULL, NULL, NULL, NULL, NULL, NULL, NULL, NULL, NULL, NULL, NULL, NULL, 1, NULL, '2026-02-27 15:53:49', 1, '2026-02-27 15:53:49'),
(393, 1, NULL, NULL, 'María', NULL, NULL, NULL, NULL, NULL, NULL, NULL, NULL, NULL, NULL, NULL, 'es', 0, 0, NULL, NULL, NULL, NULL, NULL, NULL, NULL, NULL, NULL, NULL, NULL, NULL, NULL, NULL, NULL, NULL, 1, NULL, '2026-02-27 15:53:49', 1, '2026-02-27 15:53:49'),
(394, 1, NULL, NULL, 'ALEX *642*', NULL, NULL, NULL, NULL, NULL, NULL, NULL, NULL, NULL, NULL, NULL, 'es', 0, 0, NULL, NULL, NULL, NULL, NULL, NULL, NULL, NULL, NULL, NULL, NULL, NULL, NULL, NULL, NULL, NULL, 1, NULL, '2026-02-27 15:53:49', 1, '2026-02-27 15:53:49'),
(395, 1, NULL, NULL, 'Jannet Garcia', NULL, NULL, NULL, NULL, NULL, NULL, NULL, NULL, NULL, NULL, NULL, 'es', 0, 0, NULL, NULL, NULL, NULL, NULL, NULL, NULL, NULL, NULL, NULL, NULL, NULL, NULL, NULL, NULL, NULL, 1, NULL, '2026-02-27 15:53:49', 1, '2026-02-27 15:53:49'),
(396, 1, NULL, NULL, 'Eduardo', NULL, NULL, NULL, NULL, NULL, NULL, NULL, NULL, NULL, NULL, NULL, 'es', 0, 0, NULL, NULL, NULL, NULL, NULL, NULL, NULL, NULL, NULL, NULL, NULL, NULL, NULL, NULL, NULL, NULL, 1, NULL, '2026-02-27 15:53:49', 1, '2026-02-27 15:53:49'),
(397, 1, NULL, NULL, 'Peter', NULL, NULL, NULL, NULL, NULL, NULL, NULL, NULL, NULL, NULL, NULL, 'es', 0, 0, NULL, NULL, NULL, NULL, NULL, NULL, NULL, NULL, NULL, NULL, NULL, NULL, NULL, NULL, NULL, NULL, 1, NULL, '2026-02-27 15:53:49', 1, '2026-02-27 15:53:49'),
(398, 1, NULL, NULL, 'Lidia', NULL, NULL, NULL, NULL, NULL, NULL, NULL, NULL, NULL, NULL, NULL, 'es', 0, 0, NULL, NULL, NULL, NULL, NULL, NULL, NULL, NULL, NULL, NULL, NULL, NULL, NULL, NULL, NULL, NULL, 1, NULL, '2026-02-27 15:53:49', 1, '2026-02-27 15:53:49'),
(399, 1, NULL, NULL, 'Jonna', NULL, NULL, NULL, NULL, NULL, NULL, NULL, NULL, NULL, NULL, NULL, 'es', 0, 0, NULL, NULL, NULL, NULL, NULL, NULL, NULL, NULL, NULL, NULL, NULL, NULL, NULL, NULL, NULL, NULL, 1, NULL, '2026-02-27 15:53:49', 1, '2026-02-27 15:53:49'),
(400, 1, NULL, NULL, 'David', NULL, NULL, NULL, NULL, NULL, NULL, NULL, NULL, NULL, NULL, NULL, 'es', 0, 0, NULL, NULL, NULL, NULL, NULL, NULL, NULL, NULL, NULL, NULL, NULL, NULL, NULL, NULL, NULL, NULL, 1, NULL, '2026-02-27 15:53:49', 1, '2026-02-27 15:53:49'),
(401, 1, NULL, NULL, 'David', NULL, NULL, NULL, NULL, NULL, NULL, NULL, NULL, NULL, NULL, NULL, 'es', 0, 0, NULL, NULL, NULL, NULL, NULL, NULL, NULL, NULL, NULL, NULL, NULL, NULL, NULL, NULL, NULL, NULL, 1, NULL, '2026-02-27 15:53:49', 1, '2026-02-27 15:53:49'),
(402, 1, NULL, NULL, 'Olesia *600*', NULL, NULL, NULL, NULL, NULL, NULL, NULL, NULL, NULL, NULL, NULL, 'es', 0, 0, NULL, NULL, NULL, NULL, NULL, NULL, NULL, NULL, NULL, NULL, NULL, NULL, NULL, NULL, NULL, NULL, 1, NULL, '2026-02-27 15:53:49', 1, '2026-02-27 15:53:49'),
(403, 1, NULL, NULL, 'Markle', NULL, NULL, NULL, NULL, NULL, NULL, NULL, NULL, NULL, NULL, NULL, 'es', 0, 0, NULL, NULL, NULL, NULL, NULL, NULL, NULL, NULL, NULL, NULL, NULL, NULL, NULL, NULL, NULL, NULL, 1, NULL, '2026-02-27 15:53:49', 1, '2026-02-27 15:53:49'),
(404, 1, NULL, NULL, 'Dulce', NULL, NULL, NULL, NULL, NULL, NULL, NULL, NULL, NULL, NULL, NULL, 'es', 0, 0, NULL, NULL, NULL, NULL, NULL, NULL, NULL, NULL, NULL, NULL, NULL, NULL, NULL, NULL, NULL, NULL, 1, NULL, '2026-02-27 15:53:49', 1, '2026-02-27 15:53:49'),
(405, 1, NULL, NULL, 'Alejandro', NULL, NULL, NULL, NULL, NULL, NULL, NULL, NULL, NULL, NULL, NULL, 'es', 0, 0, NULL, NULL, NULL, NULL, NULL, NULL, NULL, NULL, NULL, NULL, NULL, NULL, NULL, NULL, NULL, NULL, 1, NULL, '2026-02-27 15:53:49', 1, '2026-02-27 15:53:49'),
(406, 1, NULL, NULL, 'Daniel', NULL, NULL, NULL, NULL, NULL, NULL, NULL, NULL, NULL, NULL, NULL, 'es', 0, 0, NULL, NULL, NULL, NULL, NULL, NULL, NULL, NULL, NULL, NULL, NULL, NULL, NULL, NULL, NULL, NULL, 1, NULL, '2026-02-27 15:53:49', 1, '2026-02-27 15:53:49'),
(407, 1, NULL, NULL, 'Ery resta +786 Airb&b', NULL, NULL, NULL, NULL, NULL, NULL, NULL, NULL, NULL, NULL, NULL, 'es', 0, 0, NULL, NULL, NULL, NULL, NULL, NULL, NULL, NULL, NULL, NULL, NULL, NULL, NULL, NULL, NULL, NULL, 1, NULL, '2026-02-27 15:53:49', 1, '2026-02-27 15:53:49'),
(408, 1, NULL, NULL, 'Erika extensión', NULL, NULL, NULL, NULL, NULL, NULL, NULL, NULL, NULL, NULL, NULL, 'es', 0, 0, NULL, NULL, NULL, NULL, NULL, NULL, NULL, NULL, NULL, NULL, NULL, NULL, NULL, NULL, NULL, NULL, 1, NULL, '2026-02-27 15:53:49', 1, '2026-02-27 15:53:49'),
(409, 1, NULL, NULL, 'Miguel', NULL, NULL, NULL, NULL, NULL, NULL, NULL, NULL, NULL, NULL, NULL, 'es', 0, 0, NULL, NULL, NULL, NULL, NULL, NULL, NULL, NULL, NULL, NULL, NULL, NULL, NULL, NULL, NULL, NULL, 1, NULL, '2026-02-27 15:53:49', 1, '2026-02-27 15:53:49'),
(410, 1, NULL, NULL, 'José', NULL, NULL, NULL, NULL, NULL, NULL, NULL, NULL, NULL, NULL, NULL, 'es', 0, 0, NULL, NULL, NULL, NULL, NULL, NULL, NULL, NULL, NULL, NULL, NULL, NULL, NULL, NULL, NULL, NULL, 1, NULL, '2026-02-27 15:53:49', 1, '2026-02-27 15:53:49'),
(411, 1, NULL, NULL, 'Gustavo', NULL, NULL, NULL, NULL, NULL, NULL, NULL, NULL, NULL, NULL, NULL, 'es', 0, 0, NULL, NULL, NULL, NULL, NULL, NULL, NULL, NULL, NULL, NULL, NULL, NULL, NULL, NULL, NULL, NULL, 1, NULL, '2026-02-27 15:53:49', 1, '2026-02-27 15:53:49'),
(412, 1, NULL, NULL, 'Alex', NULL, NULL, NULL, NULL, NULL, NULL, NULL, NULL, NULL, NULL, NULL, 'es', 0, 0, NULL, NULL, NULL, NULL, NULL, NULL, NULL, NULL, NULL, NULL, NULL, NULL, NULL, NULL, NULL, NULL, 1, NULL, '2026-02-27 15:53:49', 1, '2026-02-27 15:53:49'),
(413, 1, NULL, NULL, 'Graham *880*', NULL, NULL, NULL, NULL, NULL, NULL, NULL, NULL, NULL, NULL, NULL, 'es', 0, 0, NULL, NULL, NULL, NULL, NULL, NULL, NULL, NULL, NULL, NULL, NULL, NULL, NULL, NULL, NULL, NULL, 1, NULL, '2026-02-27 15:53:49', 1, '2026-02-27 15:53:49'),
(414, 1, NULL, NULL, 'Sara', NULL, NULL, NULL, NULL, NULL, NULL, NULL, NULL, NULL, NULL, NULL, 'es', 0, 0, NULL, NULL, NULL, NULL, NULL, NULL, NULL, NULL, NULL, NULL, NULL, NULL, NULL, NULL, NULL, NULL, 1, NULL, '2026-02-27 15:53:49', 1, '2026-02-27 15:53:49'),
(415, 1, NULL, NULL, 'Edgar', NULL, NULL, NULL, NULL, NULL, NULL, NULL, NULL, NULL, NULL, NULL, 'es', 0, 0, NULL, NULL, NULL, NULL, NULL, NULL, NULL, NULL, NULL, NULL, NULL, NULL, NULL, NULL, NULL, NULL, 1, NULL, '2026-02-27 15:53:49', 1, '2026-02-27 15:53:49'),
(416, 1, NULL, NULL, 'Edgar', NULL, NULL, NULL, NULL, NULL, NULL, NULL, NULL, NULL, NULL, NULL, 'es', 0, 0, NULL, NULL, NULL, NULL, NULL, NULL, NULL, NULL, NULL, NULL, NULL, NULL, NULL, NULL, NULL, NULL, 1, NULL, '2026-02-27 15:53:49', 1, '2026-02-27 15:53:49'),
(417, 1, NULL, NULL, 'Edgar', NULL, NULL, NULL, NULL, NULL, NULL, NULL, NULL, NULL, NULL, NULL, 'es', 0, 0, NULL, NULL, NULL, NULL, NULL, NULL, NULL, NULL, NULL, NULL, NULL, NULL, NULL, NULL, NULL, NULL, 1, NULL, '2026-02-27 15:53:49', 1, '2026-02-27 15:53:49'),
(418, 1, NULL, NULL, 'José Manuel', NULL, NULL, NULL, NULL, NULL, NULL, NULL, NULL, NULL, NULL, NULL, 'es', 0, 0, NULL, NULL, NULL, NULL, NULL, NULL, NULL, NULL, NULL, NULL, NULL, NULL, NULL, NULL, NULL, NULL, 1, NULL, '2026-02-27 15:53:49', 1, '2026-02-27 15:53:49'),
(419, 1, NULL, NULL, 'Ximena', NULL, NULL, NULL, NULL, NULL, NULL, NULL, NULL, NULL, NULL, NULL, 'es', 0, 0, NULL, NULL, NULL, NULL, NULL, NULL, NULL, NULL, NULL, NULL, NULL, NULL, NULL, NULL, NULL, NULL, 1, NULL, '2026-02-27 15:53:49', 1, '2026-02-27 15:53:49'),
(420, 1, NULL, NULL, 'Rick', NULL, NULL, NULL, NULL, NULL, NULL, NULL, NULL, NULL, NULL, NULL, 'es', 0, 0, NULL, NULL, NULL, NULL, NULL, NULL, NULL, NULL, NULL, NULL, NULL, NULL, NULL, NULL, NULL, NULL, 1, NULL, '2026-02-27 15:53:49', 1, '2026-02-27 15:53:49'),
(421, 1, NULL, NULL, 'Janet', NULL, NULL, NULL, NULL, NULL, NULL, NULL, NULL, NULL, NULL, NULL, 'es', 0, 0, NULL, NULL, NULL, NULL, NULL, NULL, NULL, NULL, NULL, NULL, NULL, NULL, NULL, NULL, NULL, NULL, 1, NULL, '2026-02-27 15:53:49', 1, '2026-02-27 15:53:49'),
(422, 1, NULL, NULL, 'Jorge', NULL, NULL, NULL, NULL, NULL, NULL, NULL, NULL, NULL, NULL, NULL, 'es', 0, 0, NULL, NULL, NULL, NULL, NULL, NULL, NULL, NULL, NULL, NULL, NULL, NULL, NULL, NULL, NULL, NULL, 1, NULL, '2026-02-27 15:53:49', 1, '2026-02-27 15:53:49'),
(423, 1, NULL, NULL, 'Jorge', NULL, NULL, NULL, NULL, NULL, NULL, NULL, NULL, NULL, NULL, NULL, 'es', 0, 0, NULL, NULL, NULL, NULL, NULL, NULL, NULL, NULL, NULL, NULL, NULL, NULL, NULL, NULL, NULL, NULL, 1, NULL, '2026-02-27 15:53:49', 1, '2026-02-27 15:53:49'),
(424, 1, NULL, NULL, 'Janet', NULL, NULL, NULL, NULL, NULL, NULL, NULL, NULL, NULL, NULL, NULL, 'es', 0, 0, NULL, NULL, NULL, NULL, NULL, NULL, NULL, NULL, NULL, NULL, NULL, NULL, NULL, NULL, NULL, NULL, 1, NULL, '2026-02-27 15:53:49', 1, '2026-02-27 15:53:49'),
(425, 1, NULL, NULL, 'Maritza', NULL, NULL, NULL, NULL, NULL, NULL, NULL, NULL, NULL, NULL, NULL, 'es', 0, 0, NULL, NULL, NULL, NULL, NULL, NULL, NULL, NULL, NULL, NULL, NULL, NULL, NULL, NULL, NULL, NULL, 1, NULL, '2026-02-27 15:53:49', 1, '2026-02-27 15:53:49'),
(426, 1, NULL, NULL, 'Carlos', NULL, NULL, NULL, NULL, NULL, NULL, NULL, NULL, NULL, NULL, NULL, 'es', 0, 0, NULL, NULL, NULL, NULL, NULL, NULL, NULL, NULL, NULL, NULL, NULL, NULL, NULL, NULL, NULL, NULL, 1, NULL, '2026-02-27 15:53:49', 1, '2026-02-27 15:53:49'),
(427, 1, NULL, NULL, 'Heriberta', NULL, NULL, NULL, NULL, NULL, NULL, NULL, NULL, NULL, NULL, NULL, 'es', 0, 0, NULL, NULL, NULL, NULL, NULL, NULL, NULL, NULL, NULL, NULL, NULL, NULL, NULL, NULL, NULL, NULL, 1, NULL, '2026-02-27 15:53:49', 1, '2026-02-27 15:53:49'),
(428, 1, NULL, NULL, 'Mitzi', NULL, NULL, NULL, NULL, NULL, NULL, NULL, NULL, NULL, NULL, NULL, 'es', 0, 0, NULL, NULL, NULL, NULL, NULL, NULL, NULL, NULL, NULL, NULL, NULL, NULL, NULL, NULL, NULL, NULL, 1, NULL, '2026-02-27 15:53:49', 1, '2026-02-27 15:53:49'),
(429, 1, NULL, NULL, 'Luis', NULL, NULL, NULL, NULL, NULL, NULL, NULL, NULL, NULL, NULL, NULL, 'es', 0, 0, NULL, NULL, NULL, NULL, NULL, NULL, NULL, NULL, NULL, NULL, NULL, NULL, NULL, NULL, NULL, NULL, 1, NULL, '2026-02-27 15:53:49', 1, '2026-02-27 15:53:49'),
(430, 1, NULL, NULL, 'Mario', NULL, NULL, NULL, NULL, NULL, NULL, NULL, NULL, NULL, NULL, NULL, 'es', 0, 0, NULL, NULL, NULL, NULL, NULL, NULL, NULL, NULL, NULL, NULL, NULL, NULL, NULL, NULL, NULL, NULL, 1, NULL, '2026-02-27 15:53:49', 1, '2026-02-27 15:53:49'),
(431, 1, NULL, NULL, 'Camille', NULL, NULL, NULL, NULL, NULL, NULL, NULL, NULL, NULL, NULL, NULL, 'es', 0, 0, NULL, NULL, NULL, NULL, NULL, NULL, NULL, NULL, NULL, NULL, NULL, NULL, NULL, NULL, NULL, NULL, 1, NULL, '2026-02-27 15:53:49', 1, '2026-02-27 15:53:49'),
(432, 1, NULL, NULL, 'Dennis', NULL, NULL, NULL, NULL, NULL, NULL, NULL, NULL, NULL, NULL, NULL, 'es', 0, 0, NULL, NULL, NULL, NULL, NULL, NULL, NULL, NULL, NULL, NULL, NULL, NULL, NULL, NULL, NULL, NULL, 1, NULL, '2026-02-27 15:53:49', 1, '2026-02-27 15:53:49'),
(433, 1, NULL, NULL, 'Luisa *916 Airb&b 6,000 kike', NULL, NULL, NULL, NULL, NULL, NULL, NULL, NULL, NULL, NULL, NULL, 'es', 0, 0, NULL, NULL, NULL, NULL, NULL, NULL, NULL, NULL, NULL, NULL, NULL, NULL, NULL, NULL, NULL, NULL, 1, NULL, '2026-02-27 15:53:49', 1, '2026-02-27 15:53:49'),
(434, 1, NULL, NULL, 'Marisol efectivo', NULL, NULL, NULL, NULL, NULL, NULL, NULL, NULL, NULL, NULL, NULL, 'es', 0, 0, NULL, NULL, NULL, NULL, NULL, NULL, NULL, NULL, NULL, NULL, NULL, NULL, NULL, NULL, NULL, NULL, 1, NULL, '2026-02-27 15:53:49', 1, '2026-02-27 15:53:49'),
(435, 1, NULL, NULL, 'Bloqueado Kike', NULL, NULL, NULL, NULL, NULL, NULL, NULL, NULL, NULL, NULL, NULL, 'es', 0, 0, NULL, NULL, NULL, NULL, NULL, NULL, NULL, NULL, NULL, NULL, NULL, NULL, NULL, NULL, NULL, NULL, 1, NULL, '2026-02-27 15:53:49', 1, '2026-02-27 15:53:49'),
(436, 1, NULL, NULL, 'Idania', NULL, NULL, NULL, NULL, NULL, NULL, NULL, NULL, NULL, NULL, NULL, 'es', 0, 0, NULL, NULL, NULL, NULL, NULL, NULL, NULL, NULL, NULL, NULL, NULL, NULL, NULL, NULL, NULL, NULL, 1, NULL, '2026-02-27 15:53:49', 1, '2026-02-27 15:53:49'),
(437, 1, NULL, NULL, 'Idania', NULL, NULL, NULL, NULL, NULL, NULL, NULL, NULL, NULL, NULL, NULL, 'es', 0, 0, NULL, NULL, NULL, NULL, NULL, NULL, NULL, NULL, NULL, NULL, NULL, NULL, NULL, NULL, NULL, NULL, 1, NULL, '2026-02-27 15:53:49', 1, '2026-02-27 15:53:49'),
(438, 1, NULL, NULL, 'Oscar *resta 5600', NULL, NULL, NULL, NULL, NULL, NULL, NULL, NULL, NULL, NULL, NULL, 'es', 0, 0, NULL, NULL, NULL, NULL, NULL, NULL, NULL, NULL, NULL, NULL, NULL, NULL, NULL, NULL, NULL, NULL, 1, NULL, '2026-02-27 15:53:49', 1, '2026-02-27 15:53:49'),
(439, 1, NULL, NULL, 'Saúl (pago ABB, faltan cash) faltan 300 pesos, para revisarlo', NULL, NULL, NULL, NULL, NULL, NULL, NULL, NULL, NULL, NULL, NULL, 'es', 0, 0, NULL, NULL, NULL, NULL, NULL, NULL, NULL, NULL, NULL, NULL, NULL, NULL, NULL, NULL, NULL, NULL, 1, NULL, '2026-02-27 15:53:49', 1, '2026-02-27 15:53:49'),
(440, 1, NULL, NULL, 'Andrea', NULL, NULL, NULL, NULL, NULL, NULL, NULL, NULL, NULL, NULL, NULL, 'es', 0, 0, NULL, NULL, NULL, NULL, NULL, NULL, NULL, NULL, NULL, NULL, NULL, NULL, NULL, NULL, NULL, NULL, 1, NULL, '2026-02-27 15:53:49', 1, '2026-02-27 15:53:49'),
(441, 1, NULL, NULL, 'Valentin (342 AB&B -2600 cash)', NULL, NULL, NULL, NULL, NULL, NULL, NULL, NULL, NULL, NULL, NULL, 'es', 0, 0, NULL, NULL, NULL, NULL, NULL, NULL, NULL, NULL, NULL, NULL, NULL, NULL, NULL, NULL, NULL, NULL, 1, NULL, '2026-02-27 15:53:49', 1, '2026-02-27 15:53:49'),
(442, 1, NULL, NULL, 'Yoselin 366airb&b', NULL, NULL, NULL, NULL, NULL, NULL, NULL, NULL, NULL, NULL, NULL, 'es', 0, 0, NULL, NULL, NULL, NULL, NULL, NULL, NULL, NULL, NULL, NULL, NULL, NULL, NULL, NULL, NULL, NULL, 1, NULL, '2026-02-27 15:53:49', 1, '2026-02-27 15:53:49'),
(443, 1, NULL, NULL, 'Samantha *5500 tranferencia', NULL, NULL, NULL, NULL, NULL, NULL, NULL, NULL, NULL, NULL, NULL, 'es', 0, 0, NULL, NULL, NULL, NULL, NULL, NULL, NULL, NULL, NULL, NULL, NULL, NULL, NULL, NULL, NULL, NULL, 1, NULL, '2026-02-27 15:53:49', 1, '2026-02-27 15:53:49'),
(444, 1, NULL, NULL, 'Fracisco', NULL, NULL, NULL, NULL, NULL, NULL, NULL, NULL, NULL, NULL, NULL, 'es', 0, 0, NULL, NULL, NULL, NULL, NULL, NULL, NULL, NULL, NULL, NULL, NULL, NULL, NULL, NULL, NULL, NULL, 1, NULL, '2026-02-27 15:53:49', 1, '2026-02-27 15:53:49'),
(445, 1, NULL, NULL, 'Miriam', NULL, NULL, NULL, NULL, NULL, NULL, NULL, NULL, NULL, NULL, NULL, 'es', 0, 0, NULL, NULL, NULL, NULL, NULL, NULL, NULL, NULL, NULL, NULL, NULL, NULL, NULL, NULL, NULL, NULL, 1, NULL, '2026-02-27 15:53:49', 1, '2026-02-27 15:53:49'),
(446, 1, NULL, NULL, 'Miriam', NULL, NULL, NULL, NULL, NULL, NULL, NULL, NULL, NULL, NULL, NULL, 'es', 0, 0, NULL, NULL, NULL, NULL, NULL, NULL, NULL, NULL, NULL, NULL, NULL, NULL, NULL, NULL, NULL, NULL, 1, NULL, '2026-02-27 15:53:49', 1, '2026-02-27 15:53:49'),
(447, 1, NULL, NULL, 'Miriam', NULL, NULL, NULL, NULL, NULL, NULL, NULL, NULL, NULL, NULL, NULL, 'es', 0, 0, NULL, NULL, NULL, NULL, NULL, NULL, NULL, NULL, NULL, NULL, NULL, NULL, NULL, NULL, NULL, NULL, 1, NULL, '2026-02-27 15:53:49', 1, '2026-02-27 15:53:49'),
(448, 1, NULL, NULL, 'Félix', NULL, NULL, NULL, NULL, NULL, NULL, NULL, NULL, NULL, NULL, NULL, 'es', 0, 0, NULL, NULL, NULL, NULL, NULL, NULL, NULL, NULL, NULL, NULL, NULL, NULL, NULL, NULL, NULL, NULL, 1, NULL, '2026-02-27 15:53:49', 1, '2026-02-27 15:53:49'),
(449, 1, NULL, NULL, 'Sandra', NULL, NULL, NULL, NULL, NULL, NULL, NULL, NULL, NULL, NULL, NULL, 'es', 0, 0, NULL, NULL, NULL, NULL, NULL, NULL, NULL, NULL, NULL, NULL, NULL, NULL, NULL, NULL, NULL, NULL, 1, NULL, '2026-02-27 15:53:49', 1, '2026-02-27 15:53:49'),
(450, 1, NULL, NULL, 'Juan Carlos', NULL, NULL, NULL, NULL, NULL, NULL, NULL, NULL, NULL, NULL, NULL, 'es', 0, 0, NULL, NULL, NULL, NULL, NULL, NULL, NULL, NULL, NULL, NULL, NULL, NULL, NULL, NULL, NULL, NULL, 1, NULL, '2026-02-27 15:53:49', 1, '2026-02-27 15:53:49'),
(451, 1, NULL, NULL, 'Leydy', NULL, NULL, NULL, NULL, NULL, NULL, NULL, NULL, NULL, NULL, NULL, 'es', 0, 0, NULL, NULL, NULL, NULL, NULL, NULL, NULL, NULL, NULL, NULL, NULL, NULL, NULL, NULL, NULL, NULL, 1, NULL, '2026-02-27 15:53:49', 1, '2026-02-27 15:53:49'),
(452, 1, NULL, NULL, 'Corine', NULL, NULL, NULL, NULL, NULL, NULL, NULL, NULL, NULL, NULL, NULL, 'es', 0, 0, NULL, NULL, NULL, NULL, NULL, NULL, NULL, NULL, NULL, NULL, NULL, NULL, NULL, NULL, NULL, NULL, 1, NULL, '2026-02-27 15:53:49', 1, '2026-02-27 15:53:49'),
(453, 1, NULL, NULL, 'Ivan', NULL, NULL, NULL, NULL, NULL, NULL, NULL, NULL, NULL, NULL, NULL, 'es', 0, 0, NULL, NULL, NULL, NULL, NULL, NULL, NULL, NULL, NULL, NULL, NULL, NULL, NULL, NULL, NULL, NULL, 1, NULL, '2026-02-27 15:53:49', 1, '2026-02-27 15:53:49'),
(454, 1, NULL, NULL, 'Dante', NULL, NULL, NULL, NULL, NULL, NULL, NULL, NULL, NULL, NULL, NULL, 'es', 0, 0, NULL, NULL, NULL, NULL, NULL, NULL, NULL, NULL, NULL, NULL, NULL, NULL, NULL, NULL, NULL, NULL, 1, NULL, '2026-02-27 15:53:49', 1, '2026-02-27 15:53:49'),
(455, 1, NULL, NULL, 'Gustavo', NULL, NULL, NULL, NULL, NULL, NULL, NULL, NULL, NULL, NULL, NULL, 'es', 0, 0, NULL, NULL, NULL, NULL, NULL, NULL, NULL, NULL, NULL, NULL, NULL, NULL, NULL, NULL, NULL, NULL, 1, NULL, '2026-02-27 15:53:49', 1, '2026-02-27 15:53:49'),
(456, 1, NULL, NULL, 'Rosasiela', NULL, NULL, NULL, NULL, NULL, NULL, NULL, NULL, NULL, NULL, NULL, 'es', 0, 0, NULL, NULL, NULL, NULL, NULL, NULL, NULL, NULL, NULL, NULL, NULL, NULL, NULL, NULL, NULL, NULL, 1, NULL, '2026-02-27 15:53:49', 1, '2026-02-27 15:53:49'),
(457, 1, NULL, NULL, 'Renato', NULL, NULL, NULL, NULL, NULL, NULL, NULL, NULL, NULL, NULL, NULL, 'es', 0, 0, NULL, NULL, NULL, NULL, NULL, NULL, NULL, NULL, NULL, NULL, NULL, NULL, NULL, NULL, NULL, NULL, 1, NULL, '2026-02-27 15:53:49', 1, '2026-02-27 15:53:49'),
(458, 1, NULL, NULL, 'Laura', NULL, NULL, NULL, NULL, NULL, NULL, NULL, NULL, NULL, NULL, NULL, 'es', 0, 0, NULL, NULL, NULL, NULL, NULL, NULL, NULL, NULL, NULL, NULL, NULL, NULL, NULL, NULL, NULL, NULL, 1, NULL, '2026-02-27 15:53:49', 1, '2026-02-27 15:53:49'),
(459, 1, NULL, NULL, 'Erick', NULL, NULL, NULL, NULL, NULL, NULL, NULL, NULL, NULL, NULL, NULL, 'es', 0, 0, NULL, NULL, NULL, NULL, NULL, NULL, NULL, NULL, NULL, NULL, NULL, NULL, NULL, NULL, NULL, NULL, 1, NULL, '2026-02-27 15:53:49', 1, '2026-02-27 15:53:49'),
(460, 1, NULL, NULL, 'Carlos', NULL, NULL, NULL, NULL, NULL, NULL, NULL, NULL, NULL, NULL, NULL, 'es', 0, 0, NULL, NULL, NULL, NULL, NULL, NULL, NULL, NULL, NULL, NULL, NULL, NULL, NULL, NULL, NULL, NULL, 1, NULL, '2026-02-27 15:53:49', 1, '2026-02-27 15:53:49'),
(461, 1, NULL, NULL, 'Julia', NULL, NULL, NULL, NULL, NULL, NULL, NULL, NULL, NULL, NULL, NULL, 'es', 0, 0, NULL, NULL, NULL, NULL, NULL, NULL, NULL, NULL, NULL, NULL, NULL, NULL, NULL, NULL, NULL, NULL, 1, NULL, '2026-02-27 15:53:49', 1, '2026-02-27 15:53:49'),
(462, 1, NULL, NULL, 'Annika', NULL, NULL, NULL, NULL, NULL, NULL, NULL, NULL, NULL, NULL, NULL, 'es', 0, 0, NULL, NULL, NULL, NULL, NULL, NULL, NULL, NULL, NULL, NULL, NULL, NULL, NULL, NULL, NULL, NULL, 1, NULL, '2026-02-27 15:53:49', 1, '2026-02-27 15:53:49'),
(463, 1, NULL, NULL, 'Romo + 1800', NULL, NULL, NULL, NULL, NULL, NULL, NULL, NULL, NULL, NULL, NULL, 'es', 0, 0, NULL, NULL, NULL, NULL, NULL, NULL, NULL, NULL, NULL, NULL, NULL, NULL, NULL, NULL, NULL, NULL, 1, NULL, '2026-02-27 15:53:49', 1, '2026-02-27 15:53:49'),
(464, 1, NULL, NULL, 'Gaby', NULL, NULL, NULL, NULL, NULL, NULL, NULL, NULL, NULL, NULL, NULL, 'es', 0, 0, NULL, NULL, NULL, NULL, NULL, NULL, NULL, NULL, NULL, NULL, NULL, NULL, NULL, NULL, NULL, NULL, 1, NULL, '2026-02-27 15:53:49', 1, '2026-02-27 15:53:49'),
(465, 1, NULL, NULL, 'Erick', NULL, NULL, NULL, NULL, NULL, NULL, NULL, NULL, NULL, NULL, NULL, 'es', 0, 0, NULL, NULL, NULL, NULL, NULL, NULL, NULL, NULL, NULL, NULL, NULL, NULL, NULL, NULL, NULL, NULL, 1, NULL, '2026-02-27 15:53:49', 1, '2026-02-27 15:53:49'),
(466, 1, NULL, NULL, 'Sandra', NULL, NULL, NULL, NULL, NULL, NULL, NULL, NULL, NULL, NULL, NULL, 'es', 0, 0, NULL, NULL, NULL, NULL, NULL, NULL, NULL, NULL, NULL, NULL, NULL, NULL, NULL, NULL, NULL, NULL, 1, NULL, '2026-02-27 15:53:49', 1, '2026-02-27 15:53:49'),
(467, 1, NULL, NULL, 'Ezequiel', NULL, NULL, NULL, NULL, NULL, NULL, NULL, NULL, NULL, NULL, NULL, 'es', 0, 0, NULL, NULL, NULL, NULL, NULL, NULL, NULL, NULL, NULL, NULL, NULL, NULL, NULL, NULL, NULL, NULL, 1, NULL, '2026-02-27 15:53:49', 1, '2026-02-27 15:53:49'),
(468, 1, NULL, NULL, 'Ezequiel', NULL, NULL, NULL, NULL, NULL, NULL, NULL, NULL, NULL, NULL, NULL, 'es', 0, 0, NULL, NULL, NULL, NULL, NULL, NULL, NULL, NULL, NULL, NULL, NULL, NULL, NULL, NULL, NULL, NULL, 1, NULL, '2026-02-27 15:53:49', 1, '2026-02-27 15:53:49'),
(469, 1, NULL, NULL, 'Sam', NULL, NULL, NULL, NULL, NULL, NULL, NULL, NULL, NULL, NULL, NULL, 'es', 0, 0, NULL, NULL, NULL, NULL, NULL, NULL, NULL, NULL, NULL, NULL, NULL, NULL, NULL, NULL, NULL, NULL, 1, NULL, '2026-02-27 15:53:49', 1, '2026-02-27 15:53:49'),
(470, 1, NULL, NULL, 'Alan', NULL, NULL, NULL, NULL, NULL, NULL, NULL, NULL, NULL, NULL, NULL, 'es', 0, 0, NULL, NULL, NULL, NULL, NULL, NULL, NULL, NULL, NULL, NULL, NULL, NULL, NULL, NULL, NULL, NULL, 1, NULL, '2026-02-27 15:53:49', 1, '2026-02-27 15:53:49'),
(471, 1, NULL, NULL, 'Eliseo', NULL, NULL, NULL, NULL, NULL, NULL, NULL, NULL, NULL, NULL, NULL, 'es', 0, 0, NULL, NULL, NULL, NULL, NULL, NULL, NULL, NULL, NULL, NULL, NULL, NULL, NULL, NULL, NULL, NULL, 1, NULL, '2026-02-27 15:53:49', 1, '2026-02-27 15:53:49'),
(472, 1, NULL, NULL, 'Melany', NULL, NULL, NULL, NULL, NULL, NULL, NULL, NULL, NULL, NULL, NULL, 'es', 0, 0, NULL, NULL, NULL, NULL, NULL, NULL, NULL, NULL, NULL, NULL, NULL, NULL, NULL, NULL, NULL, NULL, 1, NULL, '2026-02-27 15:53:49', 1, '2026-02-27 15:53:49'),
(473, 1, NULL, NULL, 'Capucini', NULL, NULL, NULL, NULL, NULL, NULL, NULL, NULL, NULL, NULL, NULL, 'es', 0, 0, NULL, NULL, NULL, NULL, NULL, NULL, NULL, NULL, NULL, NULL, NULL, NULL, NULL, NULL, NULL, NULL, 1, NULL, '2026-02-27 15:53:49', 1, '2026-02-27 15:53:49'),
(474, 1, NULL, NULL, 'Julia', NULL, NULL, NULL, NULL, NULL, NULL, NULL, NULL, NULL, NULL, NULL, 'es', 0, 0, NULL, NULL, NULL, NULL, NULL, NULL, NULL, NULL, NULL, NULL, NULL, NULL, NULL, NULL, NULL, NULL, 1, NULL, '2026-02-27 15:53:49', 1, '2026-02-27 15:53:49'),
(475, 1, NULL, NULL, 'Saraí', NULL, NULL, NULL, NULL, NULL, NULL, NULL, NULL, NULL, NULL, NULL, 'es', 0, 0, NULL, NULL, NULL, NULL, NULL, NULL, NULL, NULL, NULL, NULL, NULL, NULL, NULL, NULL, NULL, NULL, 1, NULL, '2026-02-27 15:53:49', 1, '2026-02-27 15:53:49'),
(476, 1, NULL, NULL, 'Alejandro', NULL, NULL, NULL, NULL, NULL, NULL, NULL, NULL, NULL, NULL, NULL, 'es', 0, 0, NULL, NULL, NULL, NULL, NULL, NULL, NULL, NULL, NULL, NULL, NULL, NULL, NULL, NULL, NULL, NULL, 1, NULL, '2026-02-27 15:53:49', 1, '2026-02-27 15:53:49'),
(477, 1, NULL, NULL, 'Mirza', NULL, NULL, NULL, NULL, NULL, NULL, NULL, NULL, NULL, NULL, NULL, 'es', 0, 0, NULL, NULL, NULL, NULL, NULL, NULL, NULL, NULL, NULL, NULL, NULL, NULL, NULL, NULL, NULL, NULL, 1, NULL, '2026-02-27 15:53:49', 1, '2026-02-27 15:53:49'),
(478, 1, NULL, NULL, 'Eduard', NULL, NULL, NULL, NULL, NULL, NULL, NULL, NULL, NULL, NULL, NULL, 'es', 0, 0, NULL, NULL, NULL, NULL, NULL, NULL, NULL, NULL, NULL, NULL, NULL, NULL, NULL, NULL, NULL, NULL, 1, NULL, '2026-02-27 15:53:49', 1, '2026-02-27 15:53:49'),
(479, 1, NULL, NULL, 'Yovani', NULL, NULL, NULL, NULL, NULL, NULL, NULL, NULL, NULL, NULL, NULL, 'es', 0, 0, NULL, NULL, NULL, NULL, NULL, NULL, NULL, NULL, NULL, NULL, NULL, NULL, NULL, NULL, NULL, NULL, 1, NULL, '2026-02-27 15:53:49', 1, '2026-02-27 15:53:49'),
(480, 1, NULL, NULL, 'Elad', NULL, NULL, NULL, NULL, NULL, NULL, NULL, NULL, NULL, NULL, NULL, 'es', 0, 0, NULL, NULL, NULL, NULL, NULL, NULL, NULL, NULL, NULL, NULL, NULL, NULL, NULL, NULL, NULL, NULL, 1, NULL, '2026-02-27 15:53:49', 1, '2026-02-27 15:53:49'),
(481, 1, NULL, NULL, 'Dulce', NULL, NULL, NULL, NULL, NULL, NULL, NULL, NULL, NULL, NULL, NULL, 'es', 0, 0, NULL, NULL, NULL, NULL, NULL, NULL, NULL, NULL, NULL, NULL, NULL, NULL, NULL, NULL, NULL, NULL, 1, NULL, '2026-02-27 15:53:49', 1, '2026-02-27 15:53:49'),
(482, 1, NULL, NULL, 'Abner', NULL, NULL, NULL, NULL, NULL, NULL, NULL, NULL, NULL, NULL, NULL, 'es', 0, 0, NULL, NULL, NULL, NULL, NULL, NULL, NULL, NULL, NULL, NULL, NULL, NULL, NULL, NULL, NULL, NULL, 1, NULL, '2026-02-27 15:53:49', 1, '2026-02-27 15:53:49'),
(483, 1, NULL, NULL, 'Ezequiel', NULL, NULL, NULL, NULL, NULL, NULL, NULL, NULL, NULL, NULL, NULL, 'es', 0, 0, NULL, NULL, NULL, NULL, NULL, NULL, NULL, NULL, NULL, NULL, NULL, NULL, NULL, NULL, NULL, NULL, 1, NULL, '2026-02-27 15:53:49', 1, '2026-02-27 15:53:49'),
(484, 1, NULL, NULL, 'Erika Victor', NULL, NULL, NULL, NULL, NULL, NULL, NULL, NULL, NULL, NULL, NULL, 'es', 0, 0, NULL, NULL, NULL, NULL, NULL, NULL, NULL, NULL, NULL, NULL, NULL, NULL, NULL, NULL, NULL, NULL, 1, NULL, '2026-02-27 15:53:49', 1, '2026-02-27 15:53:49'),
(485, 1, NULL, NULL, 'Rosaisela', NULL, NULL, NULL, NULL, NULL, NULL, NULL, NULL, NULL, NULL, NULL, 'es', 0, 0, NULL, NULL, NULL, NULL, NULL, NULL, NULL, NULL, NULL, NULL, NULL, NULL, NULL, NULL, NULL, NULL, 1, NULL, '2026-02-27 15:53:49', 1, '2026-02-27 15:53:49'),
(486, 1, NULL, NULL, 'Merlin', NULL, NULL, NULL, NULL, NULL, NULL, NULL, NULL, NULL, NULL, NULL, 'es', 0, 0, NULL, NULL, NULL, NULL, NULL, NULL, NULL, NULL, NULL, NULL, NULL, NULL, NULL, NULL, NULL, NULL, 1, NULL, '2026-02-27 15:53:49', 1, '2026-02-27 15:53:49'),
(487, 1, NULL, NULL, 'Jonathan', NULL, NULL, NULL, NULL, NULL, NULL, NULL, NULL, NULL, NULL, NULL, 'es', 0, 0, NULL, NULL, NULL, NULL, NULL, NULL, NULL, NULL, NULL, NULL, NULL, NULL, NULL, NULL, NULL, NULL, 1, NULL, '2026-02-27 15:53:49', 1, '2026-02-27 15:53:49'),
(488, 1, NULL, NULL, 'Alejandro', NULL, NULL, NULL, NULL, NULL, NULL, NULL, NULL, NULL, NULL, NULL, 'es', 0, 0, NULL, NULL, NULL, NULL, NULL, NULL, NULL, NULL, NULL, NULL, NULL, NULL, NULL, NULL, NULL, NULL, 1, NULL, '2026-02-27 15:53:49', 1, '2026-02-27 15:53:49'),
(489, 1, NULL, NULL, 'Eduard', NULL, NULL, NULL, NULL, NULL, NULL, NULL, NULL, NULL, NULL, NULL, 'es', 0, 0, NULL, NULL, NULL, NULL, NULL, NULL, NULL, NULL, NULL, NULL, NULL, NULL, NULL, NULL, NULL, NULL, 1, NULL, '2026-02-27 15:53:49', 1, '2026-02-27 15:53:49'),
(490, 1, NULL, NULL, 'Alejandro', 'Barrera', NULL, 'Alejandro Barrera', NULL, NULL, NULL, NULL, NULL, NULL, NULL, NULL, 'es', 0, 0, NULL, NULL, NULL, NULL, NULL, NULL, NULL, NULL, NULL, NULL, NULL, NULL, NULL, NULL, NULL, NULL, 1, NULL, '2026-02-27 15:53:49', 1, '2026-03-02 12:46:08'),
(491, 1, NULL, '5611321683', 'Liliana', NULL, NULL, 'Liliana', NULL, NULL, NULL, NULL, NULL, NULL, NULL, NULL, 'es', 0, 0, NULL, NULL, NULL, NULL, NULL, NULL, NULL, NULL, NULL, NULL, NULL, NULL, NULL, NULL, NULL, NULL, 1, NULL, '2026-02-27 15:53:49', 1, '2026-02-28 15:44:41'),
(492, 1, NULL, NULL, 'Fernanda', NULL, NULL, NULL, NULL, NULL, NULL, NULL, NULL, NULL, NULL, NULL, 'es', 0, 0, NULL, NULL, NULL, NULL, NULL, NULL, NULL, NULL, NULL, NULL, NULL, NULL, NULL, NULL, NULL, NULL, 1, NULL, '2026-02-27 15:53:49', 1, '2026-02-27 15:53:49'),
(493, 1, NULL, NULL, 'Judith', NULL, NULL, NULL, NULL, NULL, NULL, NULL, NULL, NULL, NULL, NULL, 'es', 0, 0, NULL, NULL, NULL, NULL, NULL, NULL, NULL, NULL, NULL, NULL, NULL, NULL, NULL, NULL, NULL, NULL, 1, NULL, '2026-02-27 15:53:49', 1, '2026-02-27 15:53:49'),
(494, 1, NULL, NULL, 'Leyber', NULL, NULL, NULL, NULL, NULL, NULL, NULL, NULL, NULL, NULL, NULL, 'es', 0, 0, NULL, NULL, NULL, NULL, NULL, NULL, NULL, NULL, NULL, NULL, NULL, NULL, NULL, NULL, NULL, NULL, 1, NULL, '2026-02-27 15:53:49', 1, '2026-02-27 15:53:49'),
(495, 1, NULL, '+528342567334', 'Alejandra', NULL, NULL, 'Alejandra', NULL, NULL, NULL, NULL, NULL, NULL, NULL, NULL, 'es', 0, 0, NULL, NULL, NULL, NULL, NULL, NULL, NULL, NULL, NULL, NULL, NULL, NULL, NULL, NULL, NULL, NULL, 1, NULL, '2026-02-27 15:53:49', 1, '2026-02-28 16:32:16'),
(496, 1, NULL, NULL, 'Cutberto', NULL, NULL, NULL, NULL, NULL, NULL, NULL, NULL, NULL, NULL, NULL, 'es', 0, 0, NULL, NULL, NULL, NULL, NULL, NULL, NULL, NULL, NULL, NULL, NULL, NULL, NULL, NULL, NULL, NULL, 1, NULL, '2026-02-27 15:53:49', 1, '2026-02-27 15:53:49'),
(497, 1, NULL, '+523334013384', 'Mariana', NULL, NULL, 'Mariana', NULL, NULL, NULL, NULL, NULL, NULL, NULL, NULL, 'es', 0, 0, NULL, NULL, NULL, NULL, NULL, NULL, NULL, NULL, NULL, NULL, NULL, NULL, NULL, NULL, NULL, NULL, 1, NULL, '2026-02-27 15:53:49', 1, '2026-02-28 16:44:04'),
(498, 1, NULL, NULL, 'Yair', NULL, NULL, NULL, NULL, NULL, NULL, NULL, NULL, NULL, NULL, NULL, 'es', 0, 0, NULL, NULL, NULL, NULL, NULL, NULL, NULL, NULL, NULL, NULL, NULL, NULL, NULL, NULL, NULL, NULL, 1, NULL, '2026-02-27 15:53:49', 1, '2026-02-27 15:53:49'),
(499, 1, NULL, NULL, 'Pablo efectivo', NULL, NULL, NULL, NULL, NULL, NULL, NULL, NULL, NULL, NULL, NULL, 'es', 0, 0, NULL, NULL, NULL, NULL, NULL, NULL, NULL, NULL, NULL, NULL, NULL, NULL, NULL, NULL, NULL, NULL, 1, NULL, '2026-02-27 15:53:49', 1, '2026-02-27 15:53:49'),
(500, 1, NULL, NULL, 'Mariana Airb&b', NULL, NULL, NULL, NULL, NULL, NULL, NULL, NULL, NULL, NULL, NULL, 'es', 0, 0, NULL, NULL, NULL, NULL, NULL, NULL, NULL, NULL, NULL, NULL, NULL, NULL, NULL, NULL, NULL, NULL, 1, NULL, '2026-02-27 15:53:49', 1, '2026-02-27 15:53:49'),
(501, NULL, NULL, NULL, 'ORIA & MICHAEL', NULL, NULL, 'ORIA & MICHAEL', NULL, NULL, NULL, NULL, NULL, NULL, NULL, NULL, 'es', 0, 0, NULL, NULL, NULL, NULL, NULL, NULL, NULL, NULL, NULL, NULL, NULL, NULL, NULL, NULL, NULL, NULL, 1, NULL, '2026-02-27 10:32:49', NULL, '2026-02-27 10:32:49'),
(502, NULL, NULL, NULL, 'ORIA & MICHAEL', NULL, NULL, 'ORIA & MICHAEL', NULL, NULL, NULL, NULL, NULL, NULL, NULL, NULL, 'es', 0, 0, NULL, NULL, NULL, NULL, NULL, NULL, NULL, NULL, NULL, NULL, NULL, NULL, NULL, NULL, '( total) (500 pagados por ABB)', NULL, 1, NULL, '2026-02-27 10:33:18', NULL, '2026-02-27 10:33:18'),
(503, NULL, NULL, NULL, 'ORIA & MICHAEL', NULL, NULL, 'ORIA & MICHAEL', NULL, NULL, NULL, NULL, NULL, NULL, NULL, NULL, 'es', 0, 0, NULL, NULL, NULL, NULL, NULL, NULL, NULL, NULL, NULL, NULL, NULL, NULL, NULL, NULL, NULL, NULL, 1, NULL, '2026-02-27 10:33:34', NULL, '2026-02-27 10:33:34'),
(504, NULL, NULL, '+52 9541507175', 'Ricardo', 'Avilés', NULL, NULL, NULL, NULL, NULL, NULL, NULL, NULL, NULL, NULL, 'es', 0, 0, NULL, NULL, NULL, NULL, NULL, NULL, NULL, NULL, NULL, NULL, NULL, NULL, NULL, NULL, NULL, NULL, 1, NULL, '2026-02-28 15:15:01', NULL, '2026-02-28 15:15:01'),
(505, NULL, NULL, '+52 9541507175', 'Ricardo', 'Avilés', NULL, NULL, NULL, NULL, NULL, NULL, NULL, NULL, NULL, NULL, 'es', 0, 0, NULL, NULL, NULL, NULL, NULL, NULL, NULL, NULL, NULL, NULL, NULL, NULL, NULL, NULL, NULL, NULL, 1, NULL, '2026-02-28 15:15:46', NULL, '2026-02-28 15:15:46'),
(506, NULL, NULL, NULL, 'Alejandro', NULL, NULL, NULL, NULL, NULL, NULL, NULL, NULL, NULL, NULL, NULL, 'es', 0, 0, NULL, NULL, NULL, NULL, NULL, NULL, NULL, NULL, NULL, NULL, NULL, NULL, NULL, NULL, NULL, NULL, 1, NULL, '2026-03-02 12:54:07', NULL, '2026-03-02 12:54:07'),
(507, NULL, NULL, NULL, 'Emmanuel', NULL, NULL, NULL, NULL, NULL, NULL, NULL, NULL, NULL, NULL, NULL, 'es', 0, 0, NULL, NULL, NULL, NULL, NULL, NULL, NULL, NULL, NULL, NULL, NULL, NULL, NULL, NULL, NULL, NULL, 1, NULL, '2026-03-02 13:03:25', NULL, '2026-03-02 13:03:25'),
(508, NULL, NULL, NULL, 'TEST mover entre propiedades', NULL, NULL, 'TEST mover entre propiedades', NULL, NULL, NULL, NULL, NULL, NULL, NULL, NULL, 'es', 0, 0, NULL, NULL, NULL, NULL, NULL, NULL, NULL, NULL, NULL, NULL, NULL, NULL, NULL, NULL, NULL, NULL, 1, NULL, '2026-03-02 14:23:23', NULL, '2026-03-02 14:23:23'),
(509, NULL, NULL, NULL, 'asdsa', NULL, NULL, 'asdsa', NULL, NULL, NULL, NULL, NULL, NULL, NULL, NULL, 'es', 0, 0, NULL, NULL, NULL, NULL, NULL, NULL, NULL, NULL, NULL, NULL, NULL, NULL, NULL, NULL, NULL, NULL, 1, NULL, '2026-03-02 14:24:33', NULL, '2026-03-02 14:24:33'),
(510, NULL, NULL, NULL, 'testmil', NULL, NULL, NULL, NULL, NULL, NULL, NULL, NULL, NULL, NULL, NULL, 'es', 0, 0, NULL, NULL, NULL, NULL, NULL, NULL, NULL, NULL, NULL, NULL, NULL, NULL, NULL, NULL, NULL, NULL, 1, NULL, '2026-03-02 19:07:38', NULL, '2026-03-02 19:07:38'),
(511, NULL, NULL, NULL, 'Pancracio', NULL, NULL, NULL, NULL, NULL, NULL, NULL, NULL, NULL, NULL, NULL, 'es', 0, 0, NULL, NULL, NULL, NULL, NULL, NULL, NULL, NULL, NULL, NULL, NULL, NULL, NULL, NULL, NULL, NULL, 1, NULL, '2026-03-02 20:29:25', NULL, '2026-03-02 20:29:25'),
(512, NULL, NULL, NULL, 'jenson', NULL, NULL, NULL, NULL, NULL, NULL, NULL, NULL, NULL, NULL, NULL, 'es', 0, 0, NULL, NULL, NULL, NULL, NULL, NULL, NULL, NULL, NULL, NULL, NULL, NULL, NULL, NULL, NULL, NULL, 1, NULL, '2026-03-02 23:03:21', NULL, '2026-03-02 23:03:21');

--
-- Dumping data for table `line_item`
--

INSERT INTO `line_item` (`id_line_item`, `item_type`, `id_user`, `id_folio`, `id_line_item_catalog`, `description`, `service_date`, `quantity`, `unit_price_cents`, `amount_cents`, `currency`, `discount_amount_cents`, `revenue_account_code`, `status`, `external_ref`, `method`, `fx_rate`, `reference`, `card_authorized_at`, `card_captured_at`, `refunded_total_cents`, `paid_cents`, `notes`, `is_active`, `deleted_at`, `created_at`, `created_by`, `updated_at`) VALUES
(1, 'sale_item', 1, 1, 64, 'Reserva HMKYAMQDD4', '2026-03-02', 5.000000, 18000, 90000, 'MXN', 0, NULL, 'posted', NULL, NULL, NULL, NULL, NULL, NULL, 0, 0, NULL, 0, '2026-03-02 12:54:23', '2026-02-28 14:36:50', 1, '2026-03-02 12:54:23'),
(2, 'sale_item', 1, 1, 66, 'Total de estancia (noches + limpieza) / AB&B Provisionales (precio de noches)', '2026-03-02', 1.000000, 90000, 90000, 'MXN', 0, NULL, 'posted', NULL, NULL, NULL, NULL, NULL, NULL, 0, 0, NULL, 0, '2026-03-02 12:54:23', '2026-02-28 14:36:50', 1, '2026-03-02 12:54:23'),
(3, 'sale_item', 1, 1, 78, 'total en factura de OTA / AB&B Provisionales (precio de noches)', '2026-03-02', 1.000000, 90468, 90468, 'MXN', 0, NULL, 'posted', NULL, NULL, NULL, NULL, NULL, NULL, 0, 0, NULL, 0, '2026-03-02 12:54:23', '2026-02-28 14:36:50', 1, '2026-03-02 12:54:23'),
(4, 'sale_item', 1, 1, 97, 'Total (noches+limpieza) menos comisióm ABB / AB&B Provisionales (precio de noches)', '2026-03-02', 1.000000, 86868, 86868, 'MXN', 0, NULL, 'posted', NULL, NULL, NULL, NULL, NULL, NULL, 0, 0, NULL, 0, '2026-03-02 12:54:23', '2026-02-28 14:36:50', 1, '2026-03-02 12:54:23'),
(5, 'tax_item', 1, 1, 70, 'ISR / Total de estancia (noches + limpieza)', '2026-03-02', 1.000000, 3600, 3600, 'MXN', 0, NULL, 'posted', NULL, NULL, NULL, NULL, NULL, NULL, 0, 0, NULL, 0, '2026-03-02 12:54:23', '2026-02-28 14:36:50', 1, '2026-03-02 12:54:23'),
(6, 'sale_item', 1, 1, 74, 'IVA retenido (ABB) / Total de estancia (noches + limpieza)', '2026-03-02', 1.000000, 7200, 7200, 'MXN', 0, NULL, 'posted', NULL, NULL, NULL, NULL, NULL, NULL, 0, 0, NULL, 0, '2026-03-02 12:54:23', '2026-02-28 14:36:50', 1, '2026-03-02 12:54:23'),
(7, 'sale_item', 1, 1, 75, 'Cantidad a pagar a propietario ABB / Total de estancia (noches + limpieza)', '2026-03-02', 1.000000, 83268, 83268, 'MXN', 0, NULL, 'posted', NULL, NULL, NULL, NULL, NULL, NULL, 0, 0, NULL, 0, '2026-03-02 12:54:23', '2026-02-28 14:36:50', 1, '2026-03-02 12:54:23'),
(8, 'sale_item', 1, 1, 77, 'Tarifa por servicio al anfitrion / Total de estancia (noches + limpieza)', '2026-03-02', 1.000000, 2700, 2700, 'MXN', 0, NULL, 'posted', NULL, NULL, NULL, NULL, NULL, NULL, 0, 0, NULL, 0, '2026-03-02 12:54:23', '2026-02-28 14:36:50', 1, '2026-03-02 12:54:23'),
(9, 'sale_item', 1, 1, 80, '(calculo) pago de OTA x(-1) / total en factura de OTA', '2026-03-02', 1.000000, -90468, -90468, 'MXN', 0, NULL, 'posted', NULL, NULL, NULL, NULL, NULL, NULL, 0, 0, NULL, 0, '2026-03-02 12:54:23', '2026-02-28 14:36:50', 1, '2026-03-02 12:54:23'),
(10, 'payment', 1, 1, 81, 'Pago por estancia de AB&B / total en factura de OTA', '2026-03-02', 1.000000, 123639, 123639, 'MXN', 0, NULL, 'posted', NULL, 'Pago por estancia de AB&B', NULL, NULL, NULL, NULL, 0, 0, NULL, 0, '2026-03-02 12:54:23', '2026-02-28 14:36:50', 1, '2026-03-02 12:54:23'),
(11, 'sale_item', 1, 1, 82, 'precio total (cuenta de OTA + agregados) / total en factura de OTA', '2026-03-02', 1.000000, 123639, 123639, 'MXN', 0, NULL, 'posted', NULL, NULL, NULL, NULL, NULL, NULL, 0, 0, NULL, 0, '2026-03-02 12:54:23', '2026-02-28 14:36:50', 1, '2026-03-02 12:54:23'),
(12, 'sale_item', 1, 1, 76, 'VLV Comisión de renta a propietarios / Total (noches+limpieza) menos comisióm ABB', '2026-03-02', 1.000000, 12490, 12490, 'MXN', 0, NULL, 'posted', NULL, NULL, NULL, NULL, NULL, NULL, 0, 0, NULL, 0, '2026-03-02 12:54:23', '2026-02-28 14:36:50', 1, '2026-03-02 12:54:23'),
(13, 'obligation', 1, 1, 93, 'Pago de Impuestos / ISR', '2026-03-02', 1.000000, 3600, 3600, 'MXN', 0, NULL, 'posted', NULL, NULL, NULL, NULL, NULL, NULL, 0, 0, NULL, 0, '2026-03-02 12:54:23', '2026-02-28 14:36:50', 1, '2026-03-02 12:54:23'),
(14, 'obligation', 1, 1, 93, 'Pago de Impuestos / IVA retenido (ABB)', '2026-03-02', 1.000000, 7200, 7200, 'MXN', 0, NULL, 'posted', NULL, NULL, NULL, NULL, NULL, NULL, 0, 0, NULL, 0, '2026-03-02 12:54:23', '2026-02-28 14:36:50', 1, '2026-03-02 12:54:23'),
(15, 'sale_item', 1, 1, 85, 'Neto final propietario / Cantidad a pagar a propietario ABB', '2026-03-02', 1.000000, 49314, 49314, 'MXN', 0, NULL, 'posted', NULL, NULL, NULL, NULL, NULL, NULL, 0, 0, NULL, 0, '2026-03-02 12:54:23', '2026-02-28 14:36:50', 1, '2026-03-02 12:54:23'),
(16, 'obligation', 1, 1, 92, 'Pago a propietario / Cantidad a pagar a propietario ABB', '2026-03-02', 1.000000, 83268, 83268, 'MXN', 0, NULL, 'posted', NULL, NULL, NULL, NULL, NULL, NULL, 0, 0, NULL, 0, '2026-03-02 12:54:23', '2026-02-28 14:36:50', 1, '2026-03-02 12:54:23'),
(17, 'tax_item', 1, 1, 69, 'IVA / Tarifa por servicio al anfitrion', '2026-03-02', 1.000000, 432, 432, 'MXN', 0, NULL, 'posted', NULL, NULL, NULL, NULL, NULL, NULL, 0, 0, NULL, 0, '2026-03-02 12:54:23', '2026-02-28 14:36:50', 1, '2026-03-02 12:54:23'),
(18, 'sale_item', 1, 1, 96, '(calculo) TASEAN CERO / Tarifa por servicio al anfitrion', '2026-03-02', 1.000000, 0, 0, 'MXN', 0, NULL, 'posted', NULL, NULL, NULL, NULL, NULL, NULL, 0, 0, NULL, 0, '2026-03-02 12:54:23', '2026-02-28 14:36:50', 1, '2026-03-02 12:54:23'),
(19, 'obligation', 1, 1, 93, 'Pago de Impuestos / IVA', '2026-03-02', 1.000000, 432, 432, 'MXN', 0, NULL, 'posted', NULL, NULL, NULL, NULL, NULL, NULL, 0, 0, NULL, 0, '2026-03-02 12:54:23', '2026-02-28 14:36:50', 1, '2026-03-02 12:54:23'),
(20, 'obligation', 1, 1, 94, 'Pago de tarifa por servicio al anfitrión / (calculo) TASEAN CERO', '2026-03-02', 1.000000, 3132, 3132, 'MXN', 0, NULL, 'posted', NULL, NULL, NULL, NULL, NULL, NULL, 0, 0, NULL, 0, '2026-03-02 12:54:23', '2026-02-28 14:36:50', 1, '2026-03-02 12:54:23'),
(21, 'sale_item', 1, 1, 67, 'Gran total por hospedaje hibrido / AB&B Provisionales (precio de noches)', '2026-03-02', 1.000000, 350000, 350000, 'MXN', 0, NULL, 'posted', NULL, NULL, NULL, NULL, NULL, NULL, 0, 0, NULL, 0, '2026-03-02 12:54:23', '2026-02-28 14:36:51', 1, '2026-03-02 12:54:23'),
(22, 'sale_item', 1, 1, 90, 'Vive la Vibe (pago en mostrador) / Gran total por hospedaje hibrido', '2026-03-02', 1.000000, 226361, 226361, 'MXN', 0, NULL, 'posted', NULL, NULL, NULL, NULL, NULL, NULL, 0, 0, NULL, 0, '2026-03-02 12:54:23', '2026-02-28 14:36:51', 1, '2026-03-02 12:54:23'),
(23, 'sale_item', 1, 1, 91, 'Cantidad a pagar a propietario (pago en mostrador) / Vive la Vibe (pago en mostrador)', '2026-03-02', 1.000000, 226361, 226361, 'MXN', 0, NULL, 'posted', NULL, NULL, NULL, NULL, NULL, NULL, 0, 0, NULL, 0, '2026-03-02 12:54:23', '2026-02-28 14:36:51', 1, '2026-03-02 12:54:23'),
(24, 'sale_item', 1, 1, 76, 'VLV Comisión de renta a propietarios / Cantidad a pagar a propietario (pago en mostrador)', '2026-03-02', 1.000000, 33954, 33954, 'MXN', 0, NULL, 'posted', NULL, NULL, NULL, NULL, NULL, NULL, 0, 0, NULL, 0, '2026-03-02 12:54:23', '2026-02-28 14:36:51', 1, '2026-03-02 12:54:23'),
(25, 'sale_item', 1, 1, 85, 'Neto final propietario / Cantidad a pagar a propietario (pago en mostrador)', '2026-03-02', 1.000000, 226361, 226361, 'MXN', 0, NULL, 'posted', NULL, NULL, NULL, NULL, NULL, NULL, 0, 0, NULL, 0, '2026-03-02 12:54:23', '2026-02-28 14:36:51', 1, '2026-03-02 12:54:23'),
(26, 'obligation', 1, 1, 92, 'Pago a propietario / Cantidad a pagar a propietario (pago en mostrador)', '2026-03-02', 1.000000, 226361, 226361, 'MXN', 0, NULL, 'posted', NULL, NULL, NULL, NULL, NULL, NULL, 0, 0, NULL, 0, '2026-03-02 12:54:23', '2026-02-28 14:36:51', 1, '2026-03-02 12:54:23'),
(27, 'sale_item', 1, 1, 68, 'Pago del huesped a OTA en estancia hibrida / AB&B Provisionales (precio de noches)', '2026-03-02', 1.000000, 123639, 123639, 'MXN', 0, NULL, 'posted', NULL, NULL, NULL, NULL, NULL, NULL, 0, 0, NULL, 0, '2026-03-02 12:54:23', '2026-02-28 14:36:51', 1, '2026-03-02 12:54:23'),
(28, 'sale_item', 1, 1, 79, 'Cuotas e impuestos pagados por huesped a OTA en reservación híbrida / (calculo) pago de OTA x(-1)', '2026-03-02', 1.000000, 33171, 33171, 'MXN', 0, NULL, 'posted', NULL, NULL, NULL, NULL, NULL, NULL, 0, 0, NULL, 0, '2026-03-02 12:54:23', '2026-02-28 14:36:51', 1, '2026-03-02 12:54:23'),
(29, 'sale_item', 1, 2, 83, 'Reserva IMP-260227-000547-81DE', '2026-03-03', 2.000000, 80000, 160000, 'MXN', 0, NULL, 'void', NULL, NULL, NULL, NULL, NULL, NULL, 0, 0, NULL, 0, '2026-02-28 14:53:34', '2026-02-28 14:52:49', 1, '2026-02-28 14:53:34'),
(30, 'tax_item', 1, 2, 69, 'IVA / Vive la Vibe', '2026-03-03', 1.000000, 25600, 25600, 'MXN', 0, NULL, 'void', NULL, NULL, NULL, NULL, NULL, NULL, 0, 0, NULL, 0, '2026-02-28 14:53:34', '2026-02-28 14:52:49', 1, '2026-02-28 14:53:34'),
(31, 'tax_item', 1, 2, 72, 'ISH Oaxaca / Vive la Vibe', '2026-03-03', 1.000000, 4800, 4800, 'MXN', 0, NULL, 'void', NULL, NULL, NULL, NULL, NULL, NULL, 0, 0, NULL, 0, '2026-02-28 14:53:34', '2026-02-28 14:52:49', 1, '2026-02-28 14:53:34'),
(32, 'obligation', 1, 2, 93, 'Pago de Impuestos / IVA', '2026-03-03', 1.000000, 25600, 25600, 'MXN', 0, NULL, 'void', NULL, NULL, NULL, NULL, NULL, NULL, 0, 0, NULL, 0, '2026-02-28 14:53:34', '2026-02-28 14:52:49', 1, '2026-02-28 14:53:34'),
(33, 'obligation', 1, 2, 93, 'Pago de Impuestos / ISH Oaxaca', '2026-03-03', 1.000000, 4800, 4800, 'MXN', 0, NULL, 'void', NULL, NULL, NULL, NULL, NULL, NULL, 0, 0, NULL, 0, '2026-02-28 14:53:34', '2026-02-28 14:52:49', 1, '2026-02-28 14:53:34'),
(34, 'sale_item', 1, 2, 90, NULL, '2026-03-03', 2.000000, 80000, 160000, 'MXN', 0, NULL, 'void', NULL, NULL, NULL, NULL, NULL, NULL, 0, 0, NULL, 0, '2026-02-28 14:59:00', '2026-02-28 14:53:34', 1, '2026-02-28 14:59:00'),
(35, 'sale_item', 1, 2, 91, 'Cantidad a pagar a propietario (pago en mostrador) / Vive la Vibe (pago en mostrador)', '2026-03-03', 1.000000, 160000, 160000, 'MXN', 0, NULL, 'void', NULL, NULL, NULL, NULL, NULL, NULL, 0, 0, NULL, 0, '2026-02-28 14:59:00', '2026-02-28 14:53:34', 1, '2026-02-28 14:59:00'),
(36, 'sale_item', 1, 2, 76, 'VLV Comisión de renta a propietarios / Cantidad a pagar a propietario (pago en mostrador)', '2026-03-03', 1.000000, 24000, 24000, 'MXN', 0, NULL, 'void', NULL, NULL, NULL, NULL, NULL, NULL, 0, 0, NULL, 0, '2026-02-28 14:59:00', '2026-02-28 14:53:34', 1, '2026-02-28 14:59:00'),
(37, 'sale_item', 1, 2, 85, 'Neto final propietario / Cantidad a pagar a propietario (pago en mostrador)', '2026-03-03', 1.000000, 160000, 160000, 'MXN', 0, NULL, 'void', NULL, NULL, NULL, NULL, NULL, NULL, 0, 0, NULL, 0, '2026-02-28 14:59:00', '2026-02-28 14:53:34', 1, '2026-02-28 14:59:00'),
(38, 'obligation', 1, 2, 92, 'Pago a propietario / Cantidad a pagar a propietario (pago en mostrador)', '2026-03-03', 1.000000, 160000, 160000, 'MXN', 0, NULL, 'void', NULL, NULL, NULL, NULL, NULL, NULL, 0, 0, NULL, 0, '2026-02-28 14:58:59', '2026-02-28 14:53:34', 1, '2026-02-28 14:58:59'),
(39, 'sale_item', 1, 2, 83, NULL, '2026-03-03', 2.000000, 80000, 160000, 'MXN', 0, NULL, 'void', NULL, NULL, NULL, NULL, NULL, NULL, 0, 0, NULL, 0, '2026-02-28 15:04:03', '2026-02-28 14:59:00', 1, '2026-02-28 15:04:03'),
(40, 'tax_item', 1, 2, 69, 'IVA / Vive la Vibe', '2026-03-03', 1.000000, 25600, 25600, 'MXN', 0, NULL, 'void', NULL, NULL, NULL, NULL, NULL, NULL, 0, 0, NULL, 0, '2026-02-28 15:04:03', '2026-02-28 14:59:00', 1, '2026-02-28 15:04:03'),
(41, 'tax_item', 1, 2, 72, 'ISH Oaxaca / Vive la Vibe', '2026-03-03', 1.000000, 4800, 4800, 'MXN', 0, NULL, 'void', NULL, NULL, NULL, NULL, NULL, NULL, 0, 0, NULL, 0, '2026-02-28 15:04:03', '2026-02-28 14:59:00', 1, '2026-02-28 15:04:03'),
(42, 'obligation', 1, 2, 93, 'Pago de Impuestos / IVA', '2026-03-03', 1.000000, 25600, 25600, 'MXN', 0, NULL, 'void', NULL, NULL, NULL, NULL, NULL, NULL, 0, 0, NULL, 0, '2026-02-28 15:04:03', '2026-02-28 14:59:00', 1, '2026-02-28 15:04:03'),
(43, 'obligation', 1, 2, 93, 'Pago de Impuestos / ISH Oaxaca', '2026-03-03', 1.000000, 4800, 4800, 'MXN', 0, NULL, 'void', NULL, NULL, NULL, NULL, NULL, NULL, 0, 0, NULL, 0, '2026-02-28 15:04:03', '2026-02-28 14:59:00', 1, '2026-02-28 15:04:03'),
(44, 'sale_item', 1, 2, 83, NULL, '2026-03-03', 2.000000, 80000, 160000, 'MXN', 0, NULL, 'void', NULL, NULL, NULL, NULL, NULL, NULL, 0, 0, NULL, 0, '2026-02-28 15:43:24', '2026-02-28 15:04:03', 1, '2026-02-28 15:43:24'),
(45, 'tax_item', 1, 2, 69, 'IVA / Vive la Vibe', '2026-03-03', 1.000000, 25600, 25600, 'MXN', 0, NULL, 'void', NULL, NULL, NULL, NULL, NULL, NULL, 0, 0, NULL, 0, '2026-02-28 15:43:24', '2026-02-28 15:04:03', 1, '2026-02-28 15:43:24'),
(46, 'tax_item', 1, 2, 72, 'ISH Oaxaca / Vive la Vibe', '2026-03-03', 1.000000, 4800, 4800, 'MXN', 0, NULL, 'void', NULL, NULL, NULL, NULL, NULL, NULL, 0, 0, NULL, 0, '2026-02-28 15:43:24', '2026-02-28 15:04:03', 1, '2026-02-28 15:43:24'),
(47, 'obligation', 1, 2, 93, 'Pago de Impuestos / IVA', '2026-03-03', 1.000000, 25600, 25600, 'MXN', 0, NULL, 'void', NULL, NULL, NULL, NULL, NULL, NULL, 0, 0, NULL, 0, '2026-02-28 15:43:24', '2026-02-28 15:04:03', 1, '2026-02-28 15:43:24'),
(48, 'obligation', 1, 2, 93, 'Pago de Impuestos / ISH Oaxaca', '2026-03-03', 1.000000, 4800, 4800, 'MXN', 0, NULL, 'void', NULL, NULL, NULL, NULL, NULL, NULL, 0, 0, NULL, 0, '2026-02-28 15:43:24', '2026-02-28 15:04:03', 1, '2026-02-28 15:43:24'),
(49, 'sale_item', 1, 3, 90, 'Reserva SP-58699EC', '2026-03-03', 4.000000, 90000, 360000, 'MXN', 0, NULL, 'posted', NULL, NULL, NULL, NULL, NULL, NULL, 0, 0, NULL, 0, '2026-02-28 16:17:30', '2026-02-28 15:15:01', 1, '2026-02-28 16:17:30'),
(50, 'sale_item', 1, 3, 91, 'Cantidad a pagar a propietario (pago en mostrador) / Vive la Vibe (pago en mostrador)', '2026-03-03', 1.000000, 360000, 360000, 'MXN', 0, NULL, 'posted', NULL, NULL, NULL, NULL, NULL, NULL, 0, 0, NULL, 0, '2026-02-28 16:17:30', '2026-02-28 15:15:01', 1, '2026-02-28 16:17:30'),
(51, 'sale_item', 1, 3, 76, 'VLV Comisión de renta a propietarios / Cantidad a pagar a propietario (pago en mostrador)', '2026-03-03', 1.000000, 54000, 54000, 'MXN', 0, NULL, 'posted', NULL, NULL, NULL, NULL, NULL, NULL, 0, 0, NULL, 0, '2026-02-28 16:17:30', '2026-02-28 15:15:01', 1, '2026-02-28 16:17:30'),
(52, 'sale_item', 1, 3, 85, 'Neto final propietario / Cantidad a pagar a propietario (pago en mostrador)', '2026-03-03', 1.000000, 360000, 360000, 'MXN', 0, NULL, 'posted', NULL, NULL, NULL, NULL, NULL, NULL, 0, 0, NULL, 0, '2026-02-28 16:17:30', '2026-02-28 15:15:01', 1, '2026-02-28 16:17:30'),
(53, 'obligation', 1, 3, 92, 'Pago a propietario / Cantidad a pagar a propietario (pago en mostrador)', '2026-03-03', 1.000000, 360000, 360000, 'MXN', 0, NULL, 'posted', NULL, NULL, NULL, NULL, NULL, NULL, 0, 0, NULL, 0, '2026-02-28 16:17:30', '2026-02-28 15:15:01', 1, '2026-02-28 16:17:30'),
(54, 'sale_item', 1, 4, 83, 'Reserva SP-377556C', '2026-03-06', 3.000000, 90000, 270000, 'MXN', 0, NULL, 'posted', NULL, NULL, NULL, NULL, NULL, NULL, 0, 0, NULL, 0, '2026-02-28 16:17:36', '2026-02-28 15:15:46', 1, '2026-02-28 16:17:36'),
(55, 'tax_item', 1, 4, 69, 'IVA / Vive la Vibe', '2026-03-06', 1.000000, 43200, 43200, 'MXN', 0, NULL, 'posted', NULL, NULL, NULL, NULL, NULL, NULL, 0, 0, NULL, 0, '2026-02-28 16:17:36', '2026-02-28 15:15:46', 1, '2026-02-28 16:17:36'),
(56, 'tax_item', 1, 4, 72, 'ISH Oaxaca / Vive la Vibe', '2026-03-06', 1.000000, 8100, 8100, 'MXN', 0, NULL, 'posted', NULL, NULL, NULL, NULL, NULL, NULL, 0, 0, NULL, 0, '2026-02-28 16:17:36', '2026-02-28 15:15:46', 1, '2026-02-28 16:17:36'),
(57, 'obligation', 1, 4, 93, 'Pago de Impuestos / IVA', '2026-03-06', 1.000000, 43200, 43200, 'MXN', 0, NULL, 'posted', NULL, NULL, NULL, NULL, NULL, NULL, 0, 0, NULL, 0, '2026-02-28 16:17:36', '2026-02-28 15:15:46', 1, '2026-02-28 16:17:36'),
(58, 'obligation', 1, 4, 93, 'Pago de Impuestos / ISH Oaxaca', '2026-03-06', 1.000000, 8100, 8100, 'MXN', 0, NULL, 'posted', NULL, NULL, NULL, NULL, NULL, NULL, 0, 0, NULL, 0, '2026-02-28 16:17:36', '2026-02-28 15:15:46', 1, '2026-02-28 16:17:36'),
(59, 'sale_item', 1, 2, 90, NULL, '2026-03-03', 2.000000, 80000, 160000, 'MXN', 0, NULL, 'posted', NULL, NULL, NULL, NULL, NULL, NULL, 0, 0, NULL, 0, '2026-03-02 19:27:12', '2026-02-28 15:43:24', 1, '2026-03-02 19:27:12'),
(60, 'sale_item', 1, 2, 91, 'Cantidad a pagar a propietario (pago en mostrador) / Vive la Vibe (pago en mostrador)', '2026-03-03', 1.000000, 160000, 160000, 'MXN', 0, NULL, 'posted', NULL, NULL, NULL, NULL, NULL, NULL, 0, 0, NULL, 0, '2026-03-02 19:27:12', '2026-02-28 15:43:24', 1, '2026-03-02 19:27:12'),
(61, 'sale_item', 1, 2, 76, 'VLV Comisión de renta a propietarios / Cantidad a pagar a propietario (pago en mostrador)', '2026-03-03', 1.000000, 24000, 24000, 'MXN', 0, NULL, 'posted', NULL, NULL, NULL, NULL, NULL, NULL, 0, 0, NULL, 0, '2026-03-02 19:27:12', '2026-02-28 15:43:24', 1, '2026-03-02 19:27:12'),
(62, 'sale_item', 1, 2, 85, 'Neto final propietario / Cantidad a pagar a propietario (pago en mostrador)', '2026-03-03', 1.000000, 160000, 160000, 'MXN', 0, NULL, 'posted', NULL, NULL, NULL, NULL, NULL, NULL, 0, 0, NULL, 0, '2026-03-02 19:27:12', '2026-02-28 15:43:24', 1, '2026-03-02 19:27:12'),
(63, 'obligation', 1, 2, 92, 'Pago a propietario / Cantidad a pagar a propietario (pago en mostrador)', '2026-03-03', 1.000000, 160000, 160000, 'MXN', 0, NULL, 'posted', NULL, NULL, NULL, NULL, NULL, NULL, 0, 0, NULL, 0, '2026-03-02 19:27:12', '2026-02-28 15:43:24', 1, '2026-03-02 19:27:12'),
(64, 'sale_item', 1, 5, 64, 'Reserva IMP-260227-000402-81CF', '2026-02-28', 3.000000, 20000, 60000, 'MXN', 0, NULL, 'posted', NULL, NULL, NULL, NULL, NULL, NULL, 0, 0, NULL, 1, NULL, '2026-02-28 15:58:45', 1, '2026-02-28 15:58:45'),
(65, 'sale_item', 1, 5, 66, 'Total de estancia (noches + limpieza) / AB&B Provisionales (precio de noches)', '2026-02-28', 1.000000, 60000, 60000, 'MXN', 0, NULL, 'posted', NULL, NULL, NULL, NULL, NULL, NULL, 0, 0, NULL, 1, NULL, '2026-02-28 15:58:45', 1, '2026-02-28 15:58:45'),
(66, 'sale_item', 1, 5, 78, 'total en factura de OTA / AB&B Provisionales (precio de noches)', '2026-02-28', 1.000000, 60312, 60312, 'MXN', 0, NULL, 'posted', NULL, NULL, NULL, NULL, NULL, NULL, 0, 0, NULL, 1, NULL, '2026-02-28 15:58:45', 1, '2026-02-28 15:58:45'),
(67, 'sale_item', 1, 5, 97, 'Total (noches+limpieza) menos comisióm ABB / AB&B Provisionales (precio de noches)', '2026-02-28', 1.000000, 57912, 57912, 'MXN', 0, NULL, 'posted', NULL, NULL, NULL, NULL, NULL, NULL, 0, 0, NULL, 1, NULL, '2026-02-28 15:58:45', 1, '2026-02-28 15:58:45'),
(68, 'tax_item', 1, 5, 70, 'ISR / Total de estancia (noches + limpieza)', '2026-02-28', 1.000000, 2400, 2400, 'MXN', 0, NULL, 'posted', NULL, NULL, NULL, NULL, NULL, NULL, 0, 0, NULL, 1, NULL, '2026-02-28 15:58:45', 1, '2026-02-28 15:58:45'),
(69, 'sale_item', 1, 5, 74, 'IVA retenido (ABB) / Total de estancia (noches + limpieza)', '2026-02-28', 1.000000, 4800, 4800, 'MXN', 0, NULL, 'posted', NULL, NULL, NULL, NULL, NULL, NULL, 0, 0, NULL, 1, NULL, '2026-02-28 15:58:45', 1, '2026-02-28 15:58:45'),
(70, 'sale_item', 1, 5, 75, 'Cantidad a pagar a propietario ABB / Total de estancia (noches + limpieza)', '2026-02-28', 1.000000, 55512, 55512, 'MXN', 0, NULL, 'posted', NULL, NULL, NULL, NULL, NULL, NULL, 0, 0, NULL, 1, NULL, '2026-02-28 15:58:45', 1, '2026-02-28 15:58:45'),
(71, 'sale_item', 1, 5, 77, 'Tarifa por servicio al anfitrion / Total de estancia (noches + limpieza)', '2026-02-28', 1.000000, 1800, 1800, 'MXN', 0, NULL, 'posted', NULL, NULL, NULL, NULL, NULL, NULL, 0, 0, NULL, 1, NULL, '2026-02-28 15:58:45', 1, '2026-02-28 15:58:45'),
(72, 'sale_item', 1, 5, 80, '(calculo) pago de OTA x(-1) / total en factura de OTA', '2026-02-28', 1.000000, -60312, -60312, 'MXN', 0, NULL, 'posted', NULL, NULL, NULL, NULL, NULL, NULL, 0, 0, NULL, 1, NULL, '2026-02-28 15:58:45', 1, '2026-02-28 15:58:45'),
(73, 'payment', 1, 5, 81, 'Pago por estancia de AB&B / total en factura de OTA', '2026-02-28', 1.000000, 82426, 82426, 'MXN', 0, NULL, 'posted', NULL, 'Pago por estancia de AB&B', NULL, NULL, NULL, NULL, 0, 0, NULL, 1, NULL, '2026-02-28 15:58:45', 1, '2026-02-28 15:58:45'),
(74, 'sale_item', 1, 5, 82, 'precio total (cuenta de OTA + agregados) / total en factura de OTA', '2026-02-28', 1.000000, 82426, 82426, 'MXN', 0, NULL, 'posted', NULL, NULL, NULL, NULL, NULL, NULL, 0, 0, NULL, 1, NULL, '2026-02-28 15:58:45', 1, '2026-02-28 15:58:45'),
(75, 'sale_item', 1, 5, 76, 'VLV Comisión de renta a propietarios / Total (noches+limpieza) menos comisióm ABB', '2026-02-28', 1.000000, 8327, 8327, 'MXN', 0, NULL, 'posted', NULL, NULL, NULL, NULL, NULL, NULL, 0, 0, NULL, 1, NULL, '2026-02-28 15:58:45', 1, '2026-02-28 15:58:45'),
(76, 'obligation', 1, 5, 93, 'Pago de Impuestos / ISR', '2026-02-28', 1.000000, 2400, 2400, 'MXN', 0, NULL, 'posted', NULL, NULL, NULL, NULL, NULL, NULL, 0, 0, NULL, 1, NULL, '2026-02-28 15:58:45', 1, '2026-02-28 15:58:45'),
(77, 'obligation', 1, 5, 93, 'Pago de Impuestos / IVA retenido (ABB)', '2026-02-28', 1.000000, 4800, 4800, 'MXN', 0, NULL, 'posted', NULL, NULL, NULL, NULL, NULL, NULL, 0, 0, NULL, 1, NULL, '2026-02-28 15:58:45', 1, '2026-02-28 15:58:45'),
(78, 'sale_item', 1, 5, 85, 'Neto final propietario / Cantidad a pagar a propietario ABB', '2026-02-28', 1.000000, 27376, 27376, 'MXN', 0, NULL, 'posted', NULL, NULL, NULL, NULL, NULL, NULL, 0, 0, NULL, 1, NULL, '2026-02-28 15:58:45', 1, '2026-02-28 15:58:45'),
(79, 'obligation', 1, 5, 92, 'Pago a propietario / Cantidad a pagar a propietario ABB', '2026-02-28', 1.000000, 55512, 55512, 'MXN', 0, NULL, 'posted', NULL, NULL, NULL, NULL, NULL, NULL, 0, 0, NULL, 1, NULL, '2026-02-28 15:58:45', 1, '2026-02-28 15:58:45'),
(80, 'tax_item', 1, 5, 69, 'IVA / Tarifa por servicio al anfitrion', '2026-02-28', 1.000000, 288, 288, 'MXN', 0, NULL, 'posted', NULL, NULL, NULL, NULL, NULL, NULL, 0, 0, NULL, 1, NULL, '2026-02-28 15:58:45', 1, '2026-02-28 15:58:45'),
(81, 'sale_item', 1, 5, 96, '(calculo) TASEAN CERO / Tarifa por servicio al anfitrion', '2026-02-28', 1.000000, 0, 0, 'MXN', 0, NULL, 'posted', NULL, NULL, NULL, NULL, NULL, NULL, 0, 0, NULL, 1, NULL, '2026-02-28 15:58:45', 1, '2026-02-28 15:58:45'),
(82, 'obligation', 1, 5, 93, 'Pago de Impuestos / IVA', '2026-02-28', 1.000000, 288, 288, 'MXN', 0, NULL, 'posted', NULL, NULL, NULL, NULL, NULL, NULL, 0, 0, NULL, 1, NULL, '2026-02-28 15:58:45', 1, '2026-02-28 15:58:45'),
(83, 'obligation', 1, 5, 94, 'Pago de tarifa por servicio al anfitrión / (calculo) TASEAN CERO', '2026-02-28', 1.000000, 2088, 2088, 'MXN', 0, NULL, 'posted', NULL, NULL, NULL, NULL, NULL, NULL, 0, 0, NULL, 1, NULL, '2026-02-28 15:58:45', 1, '2026-02-28 15:58:45'),
(84, 'sale_item', 1, 5, 67, 'Gran total por hospedaje hibrido / AB&B Provisionales (precio de noches)', '2026-02-28', 1.000000, 270000, 270000, 'MXN', 0, NULL, 'posted', NULL, NULL, NULL, NULL, NULL, NULL, 0, 0, NULL, 1, NULL, '2026-02-28 15:58:45', 1, '2026-02-28 15:58:45'),
(85, 'sale_item', 1, 5, 90, 'Vive la Vibe (pago en mostrador) / Gran total por hospedaje hibrido', '2026-02-28', 1.000000, 187574, 187574, 'MXN', 0, NULL, 'posted', NULL, NULL, NULL, NULL, NULL, NULL, 0, 0, NULL, 1, NULL, '2026-02-28 15:58:45', 1, '2026-02-28 15:58:45'),
(86, 'sale_item', 1, 5, 91, 'Cantidad a pagar a propietario (pago en mostrador) / Vive la Vibe (pago en mostrador)', '2026-02-28', 1.000000, 187574, 187574, 'MXN', 0, NULL, 'posted', NULL, NULL, NULL, NULL, NULL, NULL, 0, 0, NULL, 1, NULL, '2026-02-28 15:58:45', 1, '2026-02-28 15:58:45'),
(87, 'sale_item', 1, 5, 76, 'VLV Comisión de renta a propietarios / Cantidad a pagar a propietario (pago en mostrador)', '2026-02-28', 1.000000, 28136, 28136, 'MXN', 0, NULL, 'posted', NULL, NULL, NULL, NULL, NULL, NULL, 0, 0, NULL, 1, NULL, '2026-02-28 15:58:45', 1, '2026-02-28 15:58:45'),
(88, 'sale_item', 1, 5, 85, 'Neto final propietario / Cantidad a pagar a propietario (pago en mostrador)', '2026-02-28', 1.000000, 187574, 187574, 'MXN', 0, NULL, 'posted', NULL, NULL, NULL, NULL, NULL, NULL, 0, 0, NULL, 1, NULL, '2026-02-28 15:58:45', 1, '2026-02-28 15:58:45'),
(89, 'obligation', 1, 5, 92, 'Pago a propietario / Cantidad a pagar a propietario (pago en mostrador)', '2026-02-28', 1.000000, 187574, 187574, 'MXN', 0, NULL, 'posted', NULL, NULL, NULL, NULL, NULL, NULL, 0, 0, NULL, 1, NULL, '2026-02-28 15:58:45', 1, '2026-02-28 15:58:45'),
(90, 'sale_item', 1, 5, 68, 'Pago del huesped a OTA en estancia hibrida / AB&B Provisionales (precio de noches)', '2026-02-28', 1.000000, 82426, 82426, 'MXN', 0, NULL, 'posted', NULL, NULL, NULL, NULL, NULL, NULL, 0, 0, NULL, 1, NULL, '2026-02-28 15:58:45', 1, '2026-02-28 15:58:45'),
(91, 'sale_item', 1, 5, 79, 'Cuotas e impuestos pagados por huesped a OTA en reservación híbrida / (calculo) pago de OTA x(-1)', '2026-02-28', 1.000000, 22114, 22114, 'MXN', 0, NULL, 'posted', NULL, NULL, NULL, NULL, NULL, NULL, 0, 0, NULL, 1, NULL, '2026-02-28 15:58:45', 1, '2026-02-28 15:58:45'),
(92, 'sale_item', 1, 6, 90, 'Reserva IMP-260227-000553-81DE', '2026-03-03', 1.000000, 130000, 130000, 'MXN', 0, NULL, 'posted', NULL, NULL, NULL, NULL, NULL, NULL, 0, 0, NULL, 1, NULL, '2026-02-28 16:30:48', 1, '2026-02-28 16:30:48'),
(93, 'sale_item', 1, 6, 91, 'Cantidad a pagar a propietario (pago en mostrador) / Vive la Vibe (pago en mostrador)', '2026-03-03', 1.000000, 130000, 130000, 'MXN', 0, NULL, 'posted', NULL, NULL, NULL, NULL, NULL, NULL, 0, 0, NULL, 1, NULL, '2026-02-28 16:30:48', 1, '2026-02-28 16:30:48'),
(94, 'sale_item', 1, 6, 76, 'VLV Comisión de renta a propietarios / Cantidad a pagar a propietario (pago en mostrador)', '2026-03-03', 1.000000, 19500, 19500, 'MXN', 0, NULL, 'posted', NULL, NULL, NULL, NULL, NULL, NULL, 0, 0, NULL, 1, NULL, '2026-02-28 16:30:48', 1, '2026-02-28 16:30:48'),
(95, 'sale_item', 1, 6, 85, 'Neto final propietario / Cantidad a pagar a propietario (pago en mostrador)', '2026-03-03', 1.000000, 130000, 130000, 'MXN', 0, NULL, 'posted', NULL, NULL, NULL, NULL, NULL, NULL, 0, 0, NULL, 1, NULL, '2026-02-28 16:30:48', 1, '2026-02-28 16:30:48'),
(96, 'obligation', 1, 6, 92, 'Pago a propietario / Cantidad a pagar a propietario (pago en mostrador)', '2026-03-03', 1.000000, 130000, 130000, 'MXN', 0, NULL, 'posted', NULL, NULL, NULL, NULL, NULL, NULL, 0, 0, NULL, 1, NULL, '2026-02-28 16:30:48', 1, '2026-02-28 16:30:48'),
(97, 'sale_item', 1, 7, 64, 'Reserva HMRWHKHQM2', '2026-03-06', 2.000000, 9500, 19000, 'MXN', 0, NULL, 'posted', NULL, NULL, NULL, NULL, NULL, NULL, 0, 0, NULL, 1, NULL, '2026-02-28 16:41:03', 1, '2026-02-28 16:41:03'),
(98, 'sale_item', 1, 7, 66, 'Total de estancia (noches + limpieza) / AB&B Provisionales (precio de noches)', '2026-03-06', 1.000000, 19000, 19000, 'MXN', 0, NULL, 'posted', NULL, NULL, NULL, NULL, NULL, NULL, 0, 0, NULL, 1, NULL, '2026-02-28 16:41:03', 1, '2026-02-28 16:41:03'),
(99, 'sale_item', 1, 7, 78, 'total en factura de OTA / AB&B Provisionales (precio de noches)', '2026-03-06', 1.000000, 19099, 19099, 'MXN', 0, NULL, 'posted', NULL, NULL, NULL, NULL, NULL, NULL, 0, 0, NULL, 1, NULL, '2026-02-28 16:41:03', 1, '2026-02-28 16:41:03'),
(100, 'sale_item', 1, 7, 97, 'Total (noches+limpieza) menos comisióm ABB / AB&B Provisionales (precio de noches)', '2026-03-06', 1.000000, 18339, 18339, 'MXN', 0, NULL, 'posted', NULL, NULL, NULL, NULL, NULL, NULL, 0, 0, NULL, 1, NULL, '2026-02-28 16:41:03', 1, '2026-02-28 16:41:03'),
(101, 'tax_item', 1, 7, 70, 'ISR / Total de estancia (noches + limpieza)', '2026-03-06', 1.000000, 760, 760, 'MXN', 0, NULL, 'posted', NULL, NULL, NULL, NULL, NULL, NULL, 0, 0, NULL, 1, NULL, '2026-02-28 16:41:03', 1, '2026-02-28 16:41:03'),
(102, 'sale_item', 1, 7, 74, 'IVA retenido (ABB) / Total de estancia (noches + limpieza)', '2026-03-06', 1.000000, 1520, 1520, 'MXN', 0, NULL, 'posted', NULL, NULL, NULL, NULL, NULL, NULL, 0, 0, NULL, 1, NULL, '2026-02-28 16:41:03', 1, '2026-02-28 16:41:03'),
(103, 'sale_item', 1, 7, 75, 'Cantidad a pagar a propietario ABB / Total de estancia (noches + limpieza)', '2026-03-06', 1.000000, 17579, 17579, 'MXN', 0, NULL, 'posted', NULL, NULL, NULL, NULL, NULL, NULL, 0, 0, NULL, 1, NULL, '2026-02-28 16:41:03', 1, '2026-02-28 16:41:03'),
(104, 'sale_item', 1, 7, 77, 'Tarifa por servicio al anfitrion / Total de estancia (noches + limpieza)', '2026-03-06', 1.000000, 570, 570, 'MXN', 0, NULL, 'posted', NULL, NULL, NULL, NULL, NULL, NULL, 0, 0, NULL, 1, NULL, '2026-02-28 16:41:03', 1, '2026-02-28 16:41:03'),
(105, 'sale_item', 1, 7, 80, '(calculo) pago de OTA x(-1) / total en factura de OTA', '2026-03-06', 1.000000, -19099, -19099, 'MXN', 0, NULL, 'posted', NULL, NULL, NULL, NULL, NULL, NULL, 0, 0, NULL, 1, NULL, '2026-02-28 16:41:03', 1, '2026-02-28 16:41:03'),
(106, 'payment', 1, 7, 81, 'Pago por estancia de AB&B / total en factura de OTA', '2026-03-06', 1.000000, 26596, 26596, 'MXN', 0, NULL, 'posted', NULL, 'Pago por estancia de AB&B', NULL, NULL, NULL, NULL, 0, 0, NULL, 1, NULL, '2026-02-28 16:41:03', 1, '2026-02-28 16:41:03'),
(107, 'sale_item', 1, 7, 82, 'precio total (cuenta de OTA + agregados) / total en factura de OTA', '2026-03-06', 1.000000, 26596, 26596, 'MXN', 0, NULL, 'posted', NULL, NULL, NULL, NULL, NULL, NULL, 0, 0, NULL, 1, NULL, '2026-02-28 16:41:03', 1, '2026-02-28 16:41:03'),
(108, 'sale_item', 1, 7, 76, 'VLV Comisión de renta a propietarios / Total (noches+limpieza) menos comisióm ABB', '2026-03-06', 1.000000, 2637, 2637, 'MXN', 0, NULL, 'posted', NULL, NULL, NULL, NULL, NULL, NULL, 0, 0, NULL, 1, NULL, '2026-02-28 16:41:03', 1, '2026-02-28 16:41:03'),
(109, 'obligation', 1, 7, 93, 'Pago de Impuestos / ISR', '2026-03-06', 1.000000, 760, 760, 'MXN', 0, NULL, 'posted', NULL, NULL, NULL, NULL, NULL, NULL, 0, 0, NULL, 1, NULL, '2026-02-28 16:41:03', 1, '2026-02-28 16:41:03'),
(110, 'obligation', 1, 7, 93, 'Pago de Impuestos / IVA retenido (ABB)', '2026-03-06', 1.000000, 1520, 1520, 'MXN', 0, NULL, 'posted', NULL, NULL, NULL, NULL, NULL, NULL, 0, 0, NULL, 1, NULL, '2026-02-28 16:41:03', 1, '2026-02-28 16:41:03'),
(111, 'sale_item', 1, 7, 85, 'Neto final propietario / Cantidad a pagar a propietario ABB', '2026-03-06', 1.000000, 14942, 14942, 'MXN', 0, NULL, 'void', NULL, NULL, NULL, NULL, NULL, NULL, 0, 0, NULL, 0, '2026-02-28 16:41:03', '2026-02-28 16:41:03', 1, '2026-02-28 16:41:03'),
(112, 'obligation', 1, 7, 92, 'Pago a propietario / Cantidad a pagar a propietario ABB', '2026-03-06', 1.000000, 17579, 17579, 'MXN', 0, NULL, 'posted', NULL, NULL, NULL, NULL, NULL, NULL, 0, 0, NULL, 1, NULL, '2026-02-28 16:41:03', 1, '2026-02-28 16:41:03'),
(113, 'tax_item', 1, 7, 69, 'IVA / Tarifa por servicio al anfitrion', '2026-03-06', 1.000000, 91, 91, 'MXN', 0, NULL, 'posted', NULL, NULL, NULL, NULL, NULL, NULL, 0, 0, NULL, 1, NULL, '2026-02-28 16:41:03', 1, '2026-02-28 16:41:03'),
(114, 'sale_item', 1, 7, 96, '(calculo) TASEAN CERO / Tarifa por servicio al anfitrion', '2026-03-06', 1.000000, 0, 0, 'MXN', 0, NULL, 'posted', NULL, NULL, NULL, NULL, NULL, NULL, 0, 0, NULL, 1, NULL, '2026-02-28 16:41:03', 1, '2026-02-28 16:41:03'),
(115, 'obligation', 1, 7, 93, 'Pago de Impuestos / IVA', '2026-03-06', 1.000000, 91, 91, 'MXN', 0, NULL, 'posted', NULL, NULL, NULL, NULL, NULL, NULL, 0, 0, NULL, 1, NULL, '2026-02-28 16:41:03', 1, '2026-02-28 16:41:03'),
(116, 'obligation', 1, 7, 94, 'Pago de tarifa por servicio al anfitrión / (calculo) TASEAN CERO', '2026-03-06', 1.000000, 661, 661, 'MXN', 0, NULL, 'posted', NULL, NULL, NULL, NULL, NULL, NULL, 0, 0, NULL, 1, NULL, '2026-02-28 16:41:03', 1, '2026-02-28 16:41:03'),
(117, 'sale_item', 1, 7, 67, 'Gran total por hospedaje hibrido / AB&B Provisionales (precio de noches)', '2026-03-06', 1.000000, 220000, 220000, 'MXN', 0, NULL, 'posted', NULL, NULL, NULL, NULL, NULL, NULL, 0, 0, NULL, 1, NULL, '2026-02-28 16:41:03', 1, '2026-02-28 16:41:03'),
(118, 'sale_item', 1, 7, 90, 'Vive la Vibe (pago en mostrador) / Gran total por hospedaje hibrido', '2026-03-06', 1.000000, 193404, 193404, 'MXN', 0, NULL, 'posted', NULL, NULL, NULL, NULL, NULL, NULL, 0, 0, NULL, 1, NULL, '2026-02-28 16:41:03', 1, '2026-02-28 16:41:03'),
(119, 'sale_item', 1, 7, 91, 'Cantidad a pagar a propietario (pago en mostrador) / Vive la Vibe (pago en mostrador)', '2026-03-06', 1.000000, 193404, 193404, 'MXN', 0, NULL, 'posted', NULL, NULL, NULL, NULL, NULL, NULL, 0, 0, NULL, 1, NULL, '2026-02-28 16:41:03', 1, '2026-02-28 16:41:03'),
(120, 'sale_item', 1, 7, 76, 'VLV Comisión de renta a propietarios / Cantidad a pagar a propietario (pago en mostrador)', '2026-03-06', 1.000000, 29011, 29011, 'MXN', 0, NULL, 'posted', NULL, NULL, NULL, NULL, NULL, NULL, 0, 0, NULL, 1, NULL, '2026-02-28 16:41:03', 1, '2026-02-28 16:41:03'),
(121, 'sale_item', 1, 7, 85, 'Neto final propietario / Cantidad a pagar a propietario (pago en mostrador)', '2026-03-06', 1.000000, 193404, 193404, 'MXN', 0, NULL, 'posted', NULL, NULL, NULL, NULL, NULL, NULL, 0, 0, NULL, 1, NULL, '2026-02-28 16:41:03', 1, '2026-02-28 16:41:03'),
(122, 'obligation', 1, 7, 92, 'Pago a propietario / Cantidad a pagar a propietario (pago en mostrador)', '2026-03-06', 1.000000, 193404, 193404, 'MXN', 0, NULL, 'posted', NULL, NULL, NULL, NULL, NULL, NULL, 0, 0, NULL, 1, NULL, '2026-02-28 16:41:03', 1, '2026-02-28 16:41:03'),
(123, 'sale_item', 1, 7, 68, 'Pago del huesped a OTA en estancia hibrida / AB&B Provisionales (precio de noches)', '2026-03-06', 1.000000, 26596, 26596, 'MXN', 0, NULL, 'posted', NULL, NULL, NULL, NULL, NULL, NULL, 0, 0, NULL, 1, NULL, '2026-02-28 16:41:03', 1, '2026-02-28 16:41:03'),
(124, 'sale_item', 1, 7, 79, 'Cuotas e impuestos pagados por huesped a OTA en reservación híbrida / (calculo) pago de OTA x(-1)', '2026-03-06', 1.000000, 7497, 7497, 'MXN', 0, NULL, 'posted', NULL, NULL, NULL, NULL, NULL, NULL, 0, 0, NULL, 1, NULL, '2026-02-28 16:41:03', 1, '2026-02-28 16:41:03'),
(125, 'sale_item', 1, 8, 90, 'Reserva IMP-260227-000555-81DF', '2026-03-07', 3.000000, 80000, 240000, 'MXN', 0, NULL, 'posted', NULL, NULL, NULL, NULL, NULL, NULL, 0, 0, NULL, 1, NULL, '2026-02-28 16:45:52', 1, '2026-02-28 16:45:52'),
(126, 'sale_item', 1, 8, 91, 'Cantidad a pagar a propietario (pago en mostrador) / Vive la Vibe (pago en mostrador)', '2026-03-07', 1.000000, 240000, 240000, 'MXN', 0, NULL, 'posted', NULL, NULL, NULL, NULL, NULL, NULL, 0, 0, NULL, 1, NULL, '2026-02-28 16:45:52', 1, '2026-02-28 16:45:52'),
(127, 'sale_item', 1, 8, 76, 'VLV Comisión de renta a propietarios / Cantidad a pagar a propietario (pago en mostrador)', '2026-03-07', 1.000000, 36000, 36000, 'MXN', 0, NULL, 'posted', NULL, NULL, NULL, NULL, NULL, NULL, 0, 0, NULL, 1, NULL, '2026-02-28 16:45:52', 1, '2026-02-28 16:45:52'),
(128, 'sale_item', 1, 8, 85, 'Neto final propietario / Cantidad a pagar a propietario (pago en mostrador)', '2026-03-07', 1.000000, 240000, 240000, 'MXN', 0, NULL, 'posted', NULL, NULL, NULL, NULL, NULL, NULL, 0, 0, NULL, 1, NULL, '2026-02-28 16:45:52', 1, '2026-02-28 16:45:52'),
(129, 'obligation', 1, 8, 92, 'Pago a propietario / Cantidad a pagar a propietario (pago en mostrador)', '2026-03-07', 1.000000, 240000, 240000, 'MXN', 0, NULL, 'posted', NULL, NULL, NULL, NULL, NULL, NULL, 0, 0, NULL, 1, NULL, '2026-02-28 16:45:52', 1, '2026-02-28 16:45:52'),
(130, 'sale_item', 1, 9, 90, 'Reserva SP-112EA31', '2026-03-02', 5.000000, 70000, 350000, 'MXN', 0, NULL, 'posted', NULL, NULL, NULL, NULL, NULL, NULL, 0, 0, NULL, 0, '2026-03-02 12:54:23', '2026-03-02 12:54:07', 1, '2026-03-02 12:54:23'),
(131, 'sale_item', 1, 9, 91, 'Cantidad a pagar a propietario (pago en mostrador) / Vive la Vibe (pago en mostrador)', '2026-03-02', 1.000000, 350000, 350000, 'MXN', 0, NULL, 'posted', NULL, NULL, NULL, NULL, NULL, NULL, 0, 0, NULL, 0, '2026-03-02 12:54:23', '2026-03-02 12:54:07', 1, '2026-03-02 12:54:23'),
(132, 'sale_item', 1, 9, 76, 'VLV Comisión de renta a propietarios / Cantidad a pagar a propietario (pago en mostrador)', '2026-03-02', 1.000000, 52500, 52500, 'MXN', 0, NULL, 'posted', NULL, NULL, NULL, NULL, NULL, NULL, 0, 0, NULL, 0, '2026-03-02 12:54:23', '2026-03-02 12:54:07', 1, '2026-03-02 12:54:23'),
(133, 'sale_item', 1, 9, 85, 'Neto final propietario / Cantidad a pagar a propietario (pago en mostrador)', '2026-03-02', 1.000000, 350000, 350000, 'MXN', 0, NULL, 'posted', NULL, NULL, NULL, NULL, NULL, NULL, 0, 0, NULL, 0, '2026-03-02 12:54:23', '2026-03-02 12:54:07', 1, '2026-03-02 12:54:23'),
(134, 'obligation', 1, 9, 92, 'Pago a propietario / Cantidad a pagar a propietario (pago en mostrador)', '2026-03-02', 1.000000, 350000, 350000, 'MXN', 0, NULL, 'posted', NULL, NULL, NULL, NULL, NULL, NULL, 0, 0, NULL, 0, '2026-03-02 12:54:23', '2026-03-02 12:54:07', 1, '2026-03-02 12:54:23'),
(135, 'sale_item', 1, 10, 83, 'Reserva SP-5D134C6', '2026-03-14', 2.000000, 900, 1800, 'MXN', 0, NULL, 'posted', NULL, NULL, NULL, NULL, NULL, NULL, 0, 0, NULL, 1, NULL, '2026-03-02 13:03:25', 1, '2026-03-02 13:03:25'),
(136, 'tax_item', 1, 10, 69, 'IVA / Vive la Vibe', '2026-03-14', 1.000000, 288, 288, 'MXN', 0, NULL, 'posted', NULL, NULL, NULL, NULL, NULL, NULL, 0, 0, NULL, 1, NULL, '2026-03-02 13:03:25', 1, '2026-03-02 13:03:25'),
(137, 'tax_item', 1, 10, 72, 'ISH Oaxaca / Vive la Vibe', '2026-03-14', 1.000000, 54, 54, 'MXN', 0, NULL, 'posted', NULL, NULL, NULL, NULL, NULL, NULL, 0, 0, NULL, 1, NULL, '2026-03-02 13:03:25', 1, '2026-03-02 13:03:25'),
(138, 'obligation', 1, 10, 93, 'Pago de Impuestos / IVA', '2026-03-14', 1.000000, 288, 288, 'MXN', 0, NULL, 'posted', NULL, NULL, NULL, NULL, NULL, NULL, 0, 0, NULL, 1, NULL, '2026-03-02 13:03:25', 1, '2026-03-02 13:03:25'),
(139, 'obligation', 1, 10, 93, 'Pago de Impuestos / ISH Oaxaca', '2026-03-14', 1.000000, 54, 54, 'MXN', 0, NULL, 'posted', NULL, NULL, NULL, NULL, NULL, NULL, 0, 0, NULL, 1, NULL, '2026-03-02 13:03:25', 1, '2026-03-02 13:03:25'),
(140, 'sale_item', 1, 11, 90, 'Reserva SP-1B5EAA6', '2026-03-02', 2.000000, 90000, 180000, 'MXN', 0, NULL, 'posted', NULL, NULL, NULL, NULL, NULL, NULL, 0, 0, NULL, 0, '2026-03-02 19:27:12', '2026-03-02 19:07:38', 1, '2026-03-02 19:27:12'),
(141, 'sale_item', 1, 11, 91, 'Cantidad a pagar a propietario (pago en mostrador) / Vive la Vibe (pago en mostrador)', '2026-03-02', 1.000000, 180000, 180000, 'MXN', 0, NULL, 'posted', NULL, NULL, NULL, NULL, NULL, NULL, 0, 0, NULL, 0, '2026-03-02 19:27:12', '2026-03-02 19:07:38', 1, '2026-03-02 19:27:12'),
(142, 'sale_item', 1, 11, 76, 'VLV Comisión de renta a propietarios / Cantidad a pagar a propietario (pago en mostrador)', '2026-03-02', 1.000000, 27000, 27000, 'MXN', 0, NULL, 'posted', NULL, NULL, NULL, NULL, NULL, NULL, 0, 0, NULL, 0, '2026-03-02 19:27:12', '2026-03-02 19:07:38', 1, '2026-03-02 19:27:12'),
(143, 'sale_item', 1, 11, 85, 'Neto final propietario / Cantidad a pagar a propietario (pago en mostrador)', '2026-03-02', 1.000000, 180000, 180000, 'MXN', 0, NULL, 'posted', NULL, NULL, NULL, NULL, NULL, NULL, 0, 0, NULL, 0, '2026-03-02 19:27:12', '2026-03-02 19:07:38', 1, '2026-03-02 19:27:12'),
(144, 'obligation', 1, 11, 92, 'Pago a propietario / Cantidad a pagar a propietario (pago en mostrador)', '2026-03-02', 1.000000, 180000, 180000, 'MXN', 0, NULL, 'posted', NULL, NULL, NULL, NULL, NULL, NULL, 0, 0, NULL, 0, '2026-03-02 19:27:12', '2026-03-02 19:07:38', 1, '2026-03-02 19:27:12'),
(145, 'payment', 1, 11, 101, NULL, '2026-03-02', 1.000000, 180000, 180000, 'MXN', 0, NULL, 'captured', NULL, 'Pago en Efectivo', NULL, NULL, NULL, NULL, 0, 0, NULL, 0, '2026-03-02 19:27:12', '2026-03-02 19:18:38', 1, '2026-03-02 19:27:12'),
(146, 'payment', 1, 11, 101, NULL, '2026-03-02', 1.000000, 180000, 180000, 'MXN', 0, NULL, 'captured', NULL, 'Pago en Efectivo', NULL, NULL, NULL, NULL, 0, 0, NULL, 0, '2026-03-02 19:27:12', '2026-03-02 19:25:10', 1, '2026-03-02 19:27:12'),
(147, 'sale_item', 1, 12, 83, 'Reserva SP-529F7C2', '2026-03-08', 1.000000, 90000, 90000, 'MXN', 0, NULL, 'posted', NULL, NULL, NULL, NULL, NULL, NULL, 0, 0, NULL, 0, '2026-03-02 20:29:38', '2026-03-02 20:29:25', 1, '2026-03-02 20:29:38'),
(148, 'tax_item', 1, 12, 69, 'IVA / Vive la Vibe', '2026-03-08', 1.000000, 14400, 14400, 'MXN', 0, NULL, 'posted', NULL, NULL, NULL, NULL, NULL, NULL, 0, 0, NULL, 0, '2026-03-02 20:29:38', '2026-03-02 20:29:25', 1, '2026-03-02 20:29:38'),
(149, 'tax_item', 1, 12, 72, 'ISH Oaxaca / Vive la Vibe', '2026-03-08', 1.000000, 2700, 2700, 'MXN', 0, NULL, 'posted', NULL, NULL, NULL, NULL, NULL, NULL, 0, 0, NULL, 0, '2026-03-02 20:29:38', '2026-03-02 20:29:25', 1, '2026-03-02 20:29:38'),
(150, 'obligation', 1, 12, 93, 'Pago de Impuestos / IVA', '2026-03-08', 1.000000, 14400, 14400, 'MXN', 0, NULL, 'posted', NULL, NULL, NULL, NULL, NULL, NULL, 0, 0, NULL, 0, '2026-03-02 20:29:38', '2026-03-02 20:29:25', 1, '2026-03-02 20:29:38'),
(151, 'obligation', 1, 12, 93, 'Pago de Impuestos / ISH Oaxaca', '2026-03-08', 1.000000, 2700, 2700, 'MXN', 0, NULL, 'posted', NULL, NULL, NULL, NULL, NULL, NULL, 0, 0, NULL, 0, '2026-03-02 20:29:38', '2026-03-02 20:29:25', 1, '2026-03-02 20:29:38'),
(152, 'payment', 1, 12, 101, NULL, '2026-03-02', 1.000000, 107100, 107100, 'MXN', 0, NULL, 'captured', NULL, 'Pago en Efectivo', NULL, NULL, NULL, NULL, 0, 0, NULL, 0, '2026-03-02 20:29:38', '2026-03-02 20:29:25', 1, '2026-03-02 20:29:38'),
(153, 'sale_item', 1, 13, 83, 'Reserva SP-1350D5A', '2026-03-08', 2.000000, 90000, 180000, 'MXN', 0, NULL, 'posted', NULL, NULL, NULL, NULL, NULL, NULL, 0, 0, NULL, 0, '2026-03-02 23:03:56', '2026-03-02 23:03:21', 1, '2026-03-02 23:03:56'),
(154, 'tax_item', 1, 13, 69, 'IVA / Vive la Vibe', '2026-03-08', 1.000000, 28800, 28800, 'MXN', 0, NULL, 'posted', NULL, NULL, NULL, NULL, NULL, NULL, 0, 0, NULL, 0, '2026-03-02 23:03:56', '2026-03-02 23:03:21', 1, '2026-03-02 23:03:56'),
(155, 'tax_item', 1, 13, 72, 'ISH Oaxaca / Vive la Vibe', '2026-03-08', 1.000000, 5400, 5400, 'MXN', 0, NULL, 'posted', NULL, NULL, NULL, NULL, NULL, NULL, 0, 0, NULL, 0, '2026-03-02 23:03:56', '2026-03-02 23:03:21', 1, '2026-03-02 23:03:56'),
(156, 'obligation', 1, 13, 93, 'Pago de Impuestos / IVA', '2026-03-08', 1.000000, 28800, 28800, 'MXN', 0, NULL, 'posted', NULL, NULL, NULL, NULL, NULL, NULL, 0, 0, NULL, 0, '2026-03-02 23:03:56', '2026-03-02 23:03:21', 1, '2026-03-02 23:03:56'),
(157, 'obligation', 1, 13, 93, 'Pago de Impuestos / ISH Oaxaca', '2026-03-08', 1.000000, 5400, 5400, 'MXN', 0, NULL, 'posted', NULL, NULL, NULL, NULL, NULL, NULL, 0, 0, NULL, 0, '2026-03-02 23:03:56', '2026-03-02 23:03:21', 1, '2026-03-02 23:03:56'),
(158, 'payment', 1, 13, 103, NULL, '2026-03-02', 1.000000, 214200, 214200, 'MXN', 0, NULL, 'captured', NULL, 'Pago por terminal Mercado Pago', NULL, NULL, NULL, NULL, 0, 0, NULL, 0, '2026-03-02 23:03:56', '2026-03-02 23:03:21', 1, '2026-03-02 23:03:56');

--
-- Dumping data for table `line_item_catalog`
--

INSERT INTO `line_item_catalog` (`id_line_item_catalog`, `catalog_type`, `id_category`, `item_name`, `description`, `default_unit_price_cents`, `show_in_folio`, `allow_negative`, `default_amount_cents`, `is_active`, `deleted_at`, `created_at`, `created_by`, `updated_at`) VALUES
(64, 'sale_item', 46, 'AB&B Oaxaca (precio de noches)', '', 0, 0, 0, 0, 1, NULL, '2026-02-16 18:20:51', 1, '2026-03-02 18:17:36'),
(65, 'sale_item', 49, 'Cuota de limpieza', '', 0, 0, 0, 0, 1, NULL, '2026-02-16 18:23:05', 1, '2026-02-16 18:23:05'),
(66, 'sale_item', 49, 'Total de estancia (noches + limpieza)', '', 0, 0, 0, 0, 1, NULL, '2026-02-16 18:24:25', 1, '2026-02-16 18:24:25'),
(67, 'sale_item', 54, 'Gran total por hospedaje hibrido', 'Total a pagar en estancia hibrida', 0, 0, 0, 0, 1, NULL, '2026-02-16 18:27:24', 1, '2026-02-17 01:57:49'),
(68, 'sale_item', 54, 'Pago del huesped a OTA en estancia hibrida', '', 0, 0, 0, 0, 1, NULL, '2026-02-16 18:28:29', 1, '2026-02-16 18:28:29'),
(69, 'tax_rule', 55, 'IVA', '', 0, 0, 0, 0, 1, NULL, '2026-02-16 18:33:48', 1, '2026-02-22 15:51:50'),
(70, 'tax_rule', 55, 'ISR', '', 0, 0, 0, 0, 1, NULL, '2026-02-16 18:33:58', 1, '2026-02-22 16:48:30'),
(71, 'tax_rule', 55, 'ISR RESICO', '', 0, 1, 0, 0, 1, NULL, '2026-02-16 18:34:08', 1, '2026-02-22 16:48:15'),
(72, 'tax_rule', 55, 'ISH Oaxaca', '', 0, 0, 0, 0, 1, NULL, '2026-02-16 18:34:20', 1, '2026-02-22 16:47:45'),
(73, 'tax_rule', 55, 'ISH Cuernavaca', '', 0, 0, 0, 0, 1, NULL, '2026-02-16 18:34:30', 1, '2026-02-21 20:44:14'),
(74, 'sale_item', 55, 'IVA retenido (ABB)', '', 0, 0, 0, 0, 1, NULL, '2026-02-16 18:34:42', 1, '2026-02-16 19:06:37'),
(75, 'sale_item', 53, 'Cantidad a pagar a propietario ABB', '', 0, 0, 0, 0, 1, NULL, '2026-02-16 18:35:09', 1, '2026-02-18 05:46:38'),
(76, 'sale_item', 56, 'VLV Comisión de renta a propietarios', '', 0, 0, 0, 0, 1, NULL, '2026-02-16 18:36:13', 1, '2026-02-21 20:28:27'),
(77, 'sale_item', 54, 'Tarifa por servicio al anfitrion', '', 0, 0, 0, 0, 1, NULL, '2026-02-16 18:36:52', 1, '2026-02-17 19:26:39'),
(78, 'sale_item', 54, 'total en factura de OTA', '', 0, 0, 0, 0, 1, NULL, '2026-02-16 19:03:20', 1, '2026-02-21 20:49:42'),
(79, 'sale_item', 49, 'Cuotas e impuestos pagados por huesped a OTA en reservación híbrida', '', 0, 0, 0, 0, 1, NULL, '2026-02-16 19:52:24', 1, '2026-02-18 01:15:09'),
(80, 'sale_item', 49, '(calculo) pago de OTA x(-1)', '', 0, 0, 1, 0, 1, NULL, '2026-02-16 20:00:18', 1, '2026-02-17 14:29:20'),
(81, 'payment', 59, 'Pago por estancia de AB&B', '', 0, 0, 0, 0, 1, NULL, '2026-02-16 20:38:12', 1, '2026-02-21 20:38:13'),
(82, 'sale_item', 54, 'precio total (cuenta de OTA + agregados)', '', 0, 0, 0, 0, 1, NULL, '2026-02-16 21:21:32', 1, '2026-02-21 20:12:37'),
(83, 'sale_item', 46, 'Vive la Vibe', '', 0, 1, 0, 0, 1, NULL, '2026-02-16 22:27:30', 1, '2026-02-22 13:57:55'),
(84, 'sale_item', 46, 'AB&B Definitivos (precio de noches) ', '', 0, 0, 0, 0, 1, NULL, '2026-02-17 14:31:13', 1, '2026-02-17 14:41:08'),
(85, 'sale_item', 53, 'Neto final propietario', '', 0, 0, 0, 0, 1, NULL, '2026-02-17 16:08:58', 1, '2026-02-18 05:28:02'),
(86, 'sale_item', 46, 'Booking (precio de noches)', '', 0, 1, 0, 0, 1, NULL, '2026-02-17 17:03:29', 1, '2026-02-17 19:37:10'),
(87, 'sale_item', 53, 'Neto final propietario RESICO', '', 0, 0, 0, 0, 0, '2026-02-18 01:33:07', '2026-02-18 00:22:58', 1, '2026-02-18 01:33:07'),
(88, 'sale_item', 53, 'Cantidad a pagar a propietario BK/EXP', '', 0, 0, 0, 0, 1, NULL, '2026-02-18 01:33:18', 1, '2026-02-18 01:35:30'),
(89, 'sale_item', 46, 'Expedia (precio de noches)', '', 0, 1, 0, 0, 1, NULL, '2026-02-18 01:41:48', 1, '2026-02-18 01:41:57'),
(90, 'sale_item', 46, 'Vive la Vibe (pago en mostrador)', '', 0, 1, 0, 0, 1, NULL, '2026-02-18 05:18:50', 1, '2026-02-18 05:22:48'),
(91, 'sale_item', 53, 'Cantidad a pagar a propietario (pago en mostrador)', '', 0, 0, 0, 0, 1, NULL, '2026-02-18 05:25:49', 1, '2026-02-18 05:27:24'),
(92, 'obligation', 61, 'Pago a propietario', '', 0, 0, 0, 0, 1, NULL, '2026-02-18 06:15:04', 1, '2026-02-18 06:37:18'),
(93, 'obligation', 61, 'Pago de Impuestos', '', 0, 0, 0, 0, 1, NULL, '2026-02-18 06:33:59', 1, '2026-02-20 13:48:42'),
(94, 'obligation', 61, 'Pago de tarifa por servicio al anfitrión ', '', 0, 0, 0, 0, 1, NULL, '2026-02-18 06:54:08', 1, '2026-02-18 07:11:04'),
(95, 'sale_item', 49, '(calculo) noches BK/EXP x(-1)', '', 0, 0, 1, 0, 0, '2026-02-18 06:58:41', '2026-02-18 06:55:47', 1, '2026-02-18 06:58:41'),
(96, 'sale_item', 54, '(calculo) TASEAN CERO', '', 0, 0, 1, 0, 1, NULL, '2026-02-18 07:09:53', 1, '2026-02-18 07:09:53'),
(97, 'sale_item', 49, 'Total (noches+limpieza) menos comisióm ABB', 'para calcular comision VLV en ABB', 0, 0, 0, 0, 1, NULL, '2026-02-20 15:07:56', 1, '2026-02-20 15:07:56'),
(98, 'sale_item', 55, 'Tour', '', 0, 1, 0, 0, 0, '2026-02-21 10:08:34', '2026-02-21 09:54:50', 1, '2026-02-21 10:08:34'),
(99, 'sale_item', 63, 'Bioluminiscencia', '', 0, 1, 0, 0, 1, NULL, '2026-02-21 18:31:25', 1, '2026-02-21 18:31:25'),
(100, 'sale_item', 47, 'AB&B Provisionales Cuernavaca (precio de noches) ', '', 0, 0, 0, 0, 1, NULL, '2026-02-21 20:40:52', 1, '2026-03-02 18:18:05'),
(101, 'payment', 60, 'Pago en Efectivo', '', 0, 1, 1, 0, 1, NULL, '2026-02-22 12:50:32', 1, '2026-02-22 12:50:32'),
(102, 'payment', 60, 'Pago por Transferencia', '', 0, 1, 1, 0, 1, NULL, '2026-02-22 12:51:20', 1, '2026-02-22 12:51:46'),
(103, 'payment', 60, 'Pago por terminal Mercado Pago', '', 0, 1, 1, 0, 1, NULL, '2026-02-22 12:52:25', 1, '2026-02-22 12:52:25'),
(104, 'payment', 60, 'Pago por Link', '', 0, 1, 1, 0, 1, NULL, '2026-02-22 12:54:03', 1, '2026-02-22 12:54:03'),
(105, 'sale_item', 64, 'Transporte BEACH al centro', 'transporte de ola beach, los recoj', 30000, 1, 0, 30000, 1, NULL, '2026-02-28 14:41:09', 1, '2026-02-28 14:41:09'),
(106, 'sale_item', 64, 'Transporte BEACH a Punta', 'transporte de ola beach, los recojen en aeropuesto con letrero con su nombre, se asignan 50 pesos como ingreso por comisión', 35000, 1, 0, 35000, 1, NULL, '2026-02-28 14:41:18', 1, '2026-02-28 14:42:09');

--
-- Dumping data for table `line_item_catalog_calc`
--

INSERT INTO `line_item_catalog_calc` (`id_line_item_catalog`, `id_parent_line_item_catalog`, `id_component_line_item_catalog`, `is_positive`, `is_active`, `deleted_at`, `created_at`, `created_by`, `updated_at`) VALUES
(66, 64, 65, 1, 1, NULL, '2026-02-16 18:24:25', 1, '2026-02-16 18:24:25'),
(66, 84, 65, 1, 1, NULL, '2026-02-17 14:31:13', 1, '2026-02-17 14:31:13'),
(66, 100, 65, 1, 1, NULL, '2026-02-21 20:40:52', 1, '2026-02-21 20:40:52'),
(67, 64, 68, 0, 1, NULL, '2026-02-16 22:44:35', 1, '2026-02-17 01:57:49'),
(67, 84, 68, 0, 1, NULL, '2026-02-17 14:31:13', 1, '2026-02-17 14:31:13'),
(67, 100, 68, 0, 1, NULL, '2026-02-21 20:40:52', 1, '2026-02-21 20:40:52'),
(75, 66, 70, 0, 1, NULL, '2026-02-18 01:56:58', 1, '2026-02-18 05:46:38'),
(75, 66, 77, 0, 1, NULL, '2026-02-17 19:31:17', 1, '2026-02-18 05:46:38'),
(75, 82, 77, 0, 1, NULL, '2026-02-17 15:07:39', 1, '2026-02-18 05:46:38'),
(75, 86, 77, 0, 1, NULL, '2026-02-17 19:02:01', 1, '2026-02-18 05:46:38'),
(75, 89, 77, 0, 1, NULL, '2026-02-18 01:41:48', 1, '2026-02-18 05:46:38'),
(76, 97, 70, 0, 1, NULL, '2026-02-21 20:28:27', 1, '2026-02-21 20:28:27'),
(78, 64, 65, 1, 1, NULL, '2026-02-17 14:49:36', 1, '2026-02-21 20:49:42'),
(78, 64, 70, 0, 1, NULL, '2026-02-17 14:49:36', 1, '2026-02-21 20:49:42'),
(78, 64, 74, 1, 1, NULL, '2026-02-17 14:49:36', 1, '2026-02-21 20:49:42'),
(78, 64, 77, 0, 1, NULL, '2026-02-18 00:43:53', 1, '2026-02-21 20:49:42'),
(78, 64, 79, 1, 0, '2026-02-18 01:25:43', '2026-02-17 14:49:36', 1, '2026-02-18 01:25:43'),
(78, 66, 70, 0, 1, NULL, '2026-02-16 19:09:58', 1, '2026-02-21 20:49:42'),
(78, 66, 74, 1, 1, NULL, '2026-02-16 19:07:22', 1, '2026-02-21 20:49:42'),
(78, 66, 77, 0, 1, NULL, '2026-02-16 19:05:58', 1, '2026-02-21 20:49:42'),
(78, 84, 68, 0, 1, NULL, '2026-02-17 14:49:36', 1, '2026-02-21 20:49:42'),
(78, 84, 70, 1, 1, NULL, '2026-02-17 14:49:36', 1, '2026-02-21 20:49:42'),
(78, 84, 77, 0, 1, NULL, '2026-02-17 14:49:36', 1, '2026-02-21 20:49:42'),
(78, 86, 69, 1, 1, NULL, '2026-02-20 14:03:12', 1, '2026-02-21 20:49:42'),
(78, 86, 72, 1, 1, NULL, '2026-02-20 14:03:12', 1, '2026-02-21 20:49:42'),
(78, 89, 69, 1, 1, NULL, '2026-02-20 14:03:12', 1, '2026-02-21 20:49:42'),
(78, 89, 72, 1, 1, NULL, '2026-02-20 14:03:12', 1, '2026-02-21 20:49:42'),
(78, 100, 65, 1, 1, NULL, '2026-02-21 20:40:52', 1, '2026-02-21 20:49:42'),
(78, 100, 70, 0, 1, NULL, '2026-02-21 20:40:52', 1, '2026-02-21 20:49:42'),
(78, 100, 73, 1, 1, NULL, '2026-02-21 20:49:42', 1, '2026-02-21 20:49:42'),
(78, 100, 74, 1, 1, NULL, '2026-02-21 20:40:52', 1, '2026-02-21 20:49:42'),
(78, 100, 77, 0, 1, NULL, '2026-02-21 20:40:52', 1, '2026-02-21 20:49:42'),
(79, 68, 78, 0, 1, NULL, '2026-02-16 19:52:24', 1, '2026-02-18 01:15:09'),
(79, 80, 67, 1, 0, '2026-02-18 01:15:09', '2026-02-18 01:09:11', 1, '2026-02-18 01:15:09'),
(79, 80, 68, 1, 1, NULL, '2026-02-16 20:01:13', 1, '2026-02-18 01:15:09'),
(81, 78, 79, 1, 1, NULL, '2026-02-16 22:18:57', 1, '2026-02-21 20:38:13'),
(82, 78, 79, 1, 1, NULL, '2026-02-16 21:21:32', 1, '2026-02-21 20:12:37'),
(82, 86, 69, 1, 0, '2026-02-17 19:52:28', '2026-02-17 18:50:42', 1, '2026-02-17 19:52:28'),
(82, 86, 72, 1, 0, '2026-02-17 19:52:28', '2026-02-17 18:50:42', 1, '2026-02-17 19:52:28'),
(83, 67, 68, 0, 1, NULL, '2026-02-16 22:42:17', 1, '2026-02-22 13:57:55'),
(85, 75, 70, 0, 0, '2026-02-18 01:58:06', '2026-02-17 16:08:58', 1, '2026-02-18 01:58:06'),
(85, 75, 76, 0, 1, NULL, '2026-02-17 16:08:58', 1, '2026-02-18 05:28:02'),
(85, 88, 70, 0, 0, '2026-02-18 01:36:13', '2026-02-18 01:33:18', 1, '2026-02-18 01:36:13'),
(85, 88, 71, 0, 1, NULL, '2026-02-18 01:36:13', 1, '2026-02-18 05:28:02'),
(85, 88, 76, 0, 1, NULL, '2026-02-18 01:33:18', 1, '2026-02-18 05:28:02'),
(85, 91, 76, 0, 0, '2026-02-18 05:28:02', '2026-02-18 05:25:49', 1, '2026-02-18 05:28:02'),
(87, 75, 70, 0, 1, NULL, '2026-02-18 00:22:58', 1, '2026-02-18 00:23:09'),
(87, 75, 76, 0, 1, NULL, '2026-02-18 00:22:58', 1, '2026-02-18 00:23:09'),
(88, 66, 77, 0, 1, NULL, '2026-02-18 01:33:18', 1, '2026-02-18 01:35:30'),
(88, 82, 77, 0, 1, NULL, '2026-02-18 01:33:18', 1, '2026-02-18 01:35:30'),
(88, 86, 77, 0, 1, NULL, '2026-02-18 01:33:18', 1, '2026-02-18 01:35:30'),
(88, 89, 77, 0, 1, NULL, '2026-02-18 01:41:48', 1, '2026-02-18 01:41:48'),
(90, 67, 68, 0, 1, NULL, '2026-02-18 05:18:50', 1, '2026-02-18 05:22:48'),
(91, 66, 70, 0, 1, NULL, '2026-02-18 05:25:49', 1, '2026-02-18 05:27:24'),
(91, 66, 77, 0, 1, NULL, '2026-02-18 05:25:49', 1, '2026-02-18 05:27:24'),
(91, 82, 77, 0, 1, NULL, '2026-02-18 05:25:49', 1, '2026-02-18 05:27:24'),
(91, 86, 77, 0, 1, NULL, '2026-02-18 05:25:49', 1, '2026-02-18 05:27:24'),
(91, 89, 77, 0, 1, NULL, '2026-02-18 05:25:49', 1, '2026-02-18 05:27:24'),
(94, 86, 77, 1, 1, NULL, '2026-02-18 06:54:08', 1, '2026-02-18 07:11:04'),
(94, 86, 95, 1, 1, NULL, '2026-02-18 06:56:56', 1, '2026-02-18 07:11:04'),
(94, 88, 77, 1, 1, NULL, '2026-02-18 06:54:08', 1, '2026-02-18 07:11:04'),
(94, 89, 77, 1, 1, NULL, '2026-02-18 06:54:08', 1, '2026-02-18 07:11:04'),
(94, 89, 95, 1, 1, NULL, '2026-02-18 06:56:56', 1, '2026-02-18 07:11:04'),
(94, 96, 77, 1, 1, NULL, '2026-02-18 07:11:04', 1, '2026-02-18 07:11:04'),
(97, 64, 94, 0, 1, NULL, '2026-02-20 15:07:56', 1, '2026-02-20 15:07:56'),
(97, 100, 94, 0, 1, NULL, '2026-02-21 20:40:52', 1, '2026-02-21 20:40:52');

--
-- Dumping data for table `line_item_catalog_parent`
--

INSERT INTO `line_item_catalog_parent` (`id_sale_item_catalog`, `id_parent_sale_item_catalog`, `add_to_father_total`, `show_in_folio_relation`, `percent_value`, `is_active`, `deleted_at`, `created_at`, `created_by`, `updated_at`) VALUES
(65, 64, 0, NULL, NULL, 1, NULL, '2026-02-16 18:23:05', 1, '2026-02-16 18:23:05'),
(65, 84, 0, NULL, NULL, 1, NULL, '2026-02-17 14:31:13', 1, '2026-02-17 14:31:13'),
(65, 100, 0, NULL, NULL, 1, NULL, '2026-02-21 20:40:52', 1, '2026-02-21 20:40:52'),
(66, 64, 0, NULL, 100.000000, 1, NULL, '2026-02-16 18:24:25', 1, '2026-02-16 18:24:25'),
(66, 84, 0, NULL, 100.000000, 1, NULL, '2026-02-17 14:31:13', 1, '2026-02-17 14:31:13'),
(66, 100, 0, NULL, 100.000000, 1, NULL, '2026-02-21 20:40:52', 1, '2026-02-21 20:40:52'),
(67, 64, 0, 0, NULL, 1, NULL, '2026-02-16 18:27:24', 1, '2026-02-17 01:57:49'),
(67, 84, 0, 0, NULL, 1, NULL, '2026-02-17 14:31:13', 1, '2026-02-17 14:31:13'),
(67, 100, 0, 0, NULL, 1, NULL, '2026-02-21 20:40:52', 1, '2026-02-21 20:40:52'),
(68, 64, 0, NULL, NULL, 1, NULL, '2026-02-16 18:28:29', 1, '2026-02-16 18:28:29'),
(68, 84, 0, NULL, NULL, 1, NULL, '2026-02-17 14:31:13', 1, '2026-02-17 14:31:13'),
(68, 100, 0, NULL, NULL, 1, NULL, '2026-02-21 20:40:52', 1, '2026-02-21 20:40:52'),
(69, 77, 1, 1, 16.000000, 1, NULL, '2026-02-16 18:45:58', 1, '2026-02-22 15:51:50'),
(69, 83, 1, 1, 16.000000, 1, NULL, '2026-02-22 13:44:03', 1, '2026-02-22 15:51:50'),
(69, 86, 1, 1, 16.000000, 1, NULL, '2026-02-17 17:49:14', 1, '2026-02-22 15:51:50'),
(69, 89, 1, 1, 16.000000, 1, NULL, '2026-02-18 01:41:48', 1, '2026-02-22 15:51:50'),
(70, 66, 0, 0, 4.000000, 1, NULL, '2026-02-16 19:08:00', 1, '2026-02-22 16:48:30'),
(71, 86, 0, 0, 2.000000, 1, NULL, '2026-02-17 19:52:28', 1, '2026-02-22 16:48:15'),
(71, 89, 0, 0, 2.000000, 1, NULL, '2026-02-18 01:41:48', 1, '2026-02-22 16:48:15'),
(72, 83, 1, 1, 3.000000, 1, NULL, '2026-02-22 13:44:03', 1, '2026-02-22 16:47:45'),
(72, 86, 1, 1, 3.000000, 1, NULL, '2026-02-17 17:48:23', 1, '2026-02-22 16:47:45'),
(72, 89, 1, 1, 3.000000, 1, NULL, '2026-02-18 01:41:48', 1, '2026-02-22 16:47:45'),
(73, 100, 1, 0, 3.750000, 1, NULL, '2026-02-21 20:44:07', 1, '2026-02-21 20:44:14'),
(74, 66, 0, NULL, 8.000000, 1, NULL, '2026-02-16 19:06:37', 1, '2026-02-16 19:06:37'),
(75, 66, 0, 0, 100.000000, 1, NULL, '2026-02-17 19:31:17', 1, '2026-02-18 05:46:38'),
(75, 82, 0, 0, 100.000000, 0, '2026-02-18 05:46:38', '2026-02-17 15:07:39', 1, '2026-02-18 05:46:38'),
(75, 86, 0, 0, 100.000000, 0, '2026-02-18 05:46:38', '2026-02-17 19:02:01', 1, '2026-02-18 05:46:38'),
(75, 90, 0, 0, 100.000000, 0, '2026-02-18 05:46:38', '2026-02-18 05:20:27', 1, '2026-02-18 05:46:38'),
(76, 75, 0, 0, 15.000000, 0, '2026-02-21 20:28:27', '2026-02-17 15:18:12', 1, '2026-02-21 20:28:27'),
(76, 88, 0, 0, 15.000000, 1, NULL, '2026-02-18 01:33:18', 1, '2026-02-21 20:28:27'),
(76, 91, 0, 0, 15.000000, 1, NULL, '2026-02-18 05:25:49', 1, '2026-02-21 20:28:27'),
(76, 97, 0, 0, 15.000000, 1, NULL, '2026-02-20 15:12:46', 1, '2026-02-21 20:28:27'),
(77, 66, 0, 0, 3.000000, 1, NULL, '2026-02-16 19:04:04', 1, '2026-02-17 19:26:39'),
(77, 86, 0, 0, 15.000000, 1, NULL, '2026-02-17 19:26:39', 1, '2026-02-17 19:52:28'),
(77, 89, 0, 0, 15.000000, 1, NULL, '2026-02-18 01:41:48', 1, '2026-02-18 01:41:48'),
(78, 64, 0, 0, 100.000000, 1, NULL, '2026-02-17 14:49:36', 1, '2026-02-21 20:49:42'),
(78, 66, 0, NULL, 100.000000, 0, '2026-02-21 20:49:42', '2026-02-16 19:03:20', 1, '2026-02-21 20:49:42'),
(78, 84, 0, 0, 100.000000, 1, NULL, '2026-02-17 14:49:36', 1, '2026-02-21 20:49:42'),
(78, 86, 0, 0, 100.000000, 1, NULL, '2026-02-20 14:03:12', 1, '2026-02-21 20:49:42'),
(78, 89, 0, 0, 100.000000, 1, NULL, '2026-02-20 14:03:12', 1, '2026-02-21 20:49:42'),
(78, 100, 0, 0, 100.000000, 1, NULL, '2026-02-21 20:40:52', 1, '2026-02-21 20:49:42'),
(79, 68, 0, NULL, 100.000000, 0, '2026-02-18 01:15:09', '2026-02-16 19:52:24', 1, '2026-02-18 01:15:09'),
(79, 78, 1, NULL, 100.000000, 0, '2026-02-18 01:15:09', '2026-02-16 19:59:08', 1, '2026-02-18 01:15:09'),
(79, 80, 0, 0, 100.000000, 1, NULL, '2026-02-16 20:01:13', 1, '2026-02-18 01:15:09'),
(80, 78, 0, 0, -100.000000, 1, NULL, '2026-02-16 20:00:18', 1, '2026-02-17 14:29:20'),
(81, 67, 1, 1, NULL, 0, '2026-02-21 20:38:13', '2026-02-16 21:49:05', 1, '2026-02-21 20:38:13'),
(81, 78, 0, 0, 100.000000, 1, NULL, '2026-02-16 20:38:12', 1, '2026-02-21 20:38:13'),
(81, 82, 0, 1, 100.000000, 0, '2026-02-21 20:38:13', '2026-02-16 22:00:57', 1, '2026-02-21 20:38:13'),
(82, 78, 0, 0, 100.000000, 1, NULL, '2026-02-16 21:21:32', 1, '2026-02-21 20:12:37'),
(82, 86, 0, 0, 100.000000, 0, '2026-02-21 20:12:37', '2026-02-17 17:39:48', 1, '2026-02-21 20:12:37'),
(83, 67, 0, 1, 100.000000, 0, '2026-02-22 13:57:55', '2026-02-16 22:42:17', 1, '2026-02-22 13:57:55'),
(83, 69, 1, 1, 16.000000, 0, '2026-02-22 13:57:55', '2026-02-22 13:45:57', 1, '2026-02-22 13:57:55'),
(83, 72, 1, 1, 3.000000, 0, '2026-02-22 13:57:55', '2026-02-22 13:45:57', 1, '2026-02-22 13:57:55'),
(85, 75, 0, 0, 100.000000, 1, NULL, '2026-02-17 16:08:58', 1, '2026-02-18 05:28:02'),
(85, 88, 0, 0, 100.000000, 1, NULL, '2026-02-18 01:33:18', 1, '2026-02-18 05:28:02'),
(85, 91, 0, 0, 100.000000, 1, NULL, '2026-02-18 05:25:49', 1, '2026-02-18 05:28:02'),
(87, 75, 0, 0, 100.000000, 0, '2026-02-18 01:33:07', '2026-02-18 00:22:58', 1, '2026-02-18 01:33:07'),
(88, 66, 0, 0, 100.000000, 0, '2026-02-18 01:35:30', '2026-02-18 01:33:18', 1, '2026-02-18 01:35:30'),
(88, 86, 0, 0, 100.000000, 1, NULL, '2026-02-18 01:35:30', 1, '2026-02-18 01:35:30'),
(88, 89, 0, 0, 100.000000, 1, NULL, '2026-02-18 01:41:48', 1, '2026-02-18 01:41:48'),
(90, 67, 0, 1, 100.000000, 1, NULL, '2026-02-18 05:18:50', 1, '2026-02-18 05:22:48'),
(91, 66, 0, 0, 100.000000, 0, '2026-02-18 05:27:24', '2026-02-18 05:25:49', 1, '2026-02-18 05:27:24'),
(91, 90, 0, 0, 100.000000, 1, NULL, '2026-02-18 05:25:49', 1, '2026-02-18 05:27:24'),
(92, 75, 0, 0, 100.000000, 1, NULL, '2026-02-18 06:15:04', 1, '2026-02-18 06:37:18'),
(92, 88, 0, 0, 100.000000, 1, NULL, '2026-02-18 06:15:04', 1, '2026-02-18 06:37:18'),
(92, 91, 0, 0, 100.000000, 1, NULL, '2026-02-18 06:15:04', 1, '2026-02-18 06:37:18'),
(93, 69, 0, 0, 100.000000, 1, NULL, '2026-02-20 13:48:38', 1, '2026-02-20 13:48:42'),
(93, 70, 0, 0, 100.000000, 1, NULL, '2026-02-18 06:33:59', 1, '2026-02-20 13:48:42'),
(93, 71, 0, 0, 100.000000, 1, NULL, '2026-02-18 06:33:59', 1, '2026-02-20 13:48:42'),
(93, 72, 0, 0, 100.000000, 1, NULL, '2026-02-20 13:48:38', 1, '2026-02-20 13:48:42'),
(93, 73, 0, 0, 100.000000, 1, NULL, '2026-02-20 13:48:38', 1, '2026-02-20 13:48:42'),
(93, 74, 0, 0, 100.000000, 1, NULL, '2026-02-18 06:33:59', 1, '2026-02-20 13:48:42'),
(94, 77, 0, 0, 100.000000, 0, '2026-02-18 07:11:04', '2026-02-18 06:58:28', 1, '2026-02-18 07:11:04'),
(94, 86, 0, 0, 100.000000, 0, '2026-02-18 07:11:04', '2026-02-18 06:54:08', 1, '2026-02-18 07:11:04'),
(94, 89, 0, 0, 100.000000, 0, '2026-02-18 07:11:04', '2026-02-18 06:54:08', 1, '2026-02-18 07:11:04'),
(94, 96, 0, 0, 100.000000, 1, NULL, '2026-02-18 07:11:04', 1, '2026-02-18 07:11:04'),
(95, 86, 0, 0, -100.000000, 0, '2026-02-18 06:58:41', '2026-02-18 06:55:47', 1, '2026-02-18 06:58:41'),
(95, 89, 0, 0, -100.000000, 0, '2026-02-18 06:58:41', '2026-02-18 06:55:47', 1, '2026-02-18 06:58:41'),
(96, 77, 0, 0, 0.000000, 1, NULL, '2026-02-18 07:09:53', 1, '2026-02-18 07:09:53'),
(97, 64, 0, 0, 100.000000, 1, NULL, '2026-02-20 15:07:56', 1, '2026-02-20 15:07:56'),
(97, 84, 0, 0, 100.000000, 1, NULL, '2026-02-20 15:07:56', 1, '2026-02-20 15:07:56'),
(97, 100, 0, 0, 100.000000, 1, NULL, '2026-02-21 20:40:52', 1, '2026-02-21 20:40:52');

--
-- Dumping data for table `line_item_hierarchy`
--

INSERT INTO `line_item_hierarchy` (`id_line_item_hierarchy`, `id_line_item_child`, `id_line_item_parent`, `relation_kind`, `is_active`, `deleted_at`, `created_at`, `created_by`, `updated_at`, `updated_by`) VALUES
(1, 2, 1, 'derived_percent', 1, NULL, '2026-02-28 14:36:50', 1, '2026-02-28 14:36:51', 1),
(2, 3, 1, 'derived_percent', 1, NULL, '2026-02-28 14:36:50', 1, '2026-02-28 14:36:51', 1),
(3, 4, 1, 'derived_percent', 1, NULL, '2026-02-28 14:36:50', 1, '2026-02-28 14:36:51', 1),
(4, 5, 2, 'derived_percent', 1, NULL, '2026-02-28 14:36:50', 1, '2026-02-28 14:36:51', 1),
(5, 6, 2, 'derived_percent', 1, NULL, '2026-02-28 14:36:50', 1, '2026-02-28 14:36:51', 1),
(6, 7, 2, 'derived_percent', 1, NULL, '2026-02-28 14:36:50', 1, '2026-02-28 14:36:51', 1),
(7, 8, 2, 'derived_percent', 1, NULL, '2026-02-28 14:36:50', 1, '2026-02-28 14:36:51', 1),
(8, 9, 3, 'derived_percent', 1, NULL, '2026-02-28 14:36:50', 1, '2026-02-28 14:36:51', 1),
(9, 10, 3, 'derived_percent', 1, NULL, '2026-02-28 14:36:50', 1, '2026-02-28 14:36:51', 1),
(10, 11, 3, 'derived_percent', 1, NULL, '2026-02-28 14:36:50', 1, '2026-02-28 14:36:51', 1),
(11, 12, 4, 'derived_percent', 1, NULL, '2026-02-28 14:36:50', 1, '2026-02-28 14:36:51', 1),
(12, 13, 5, 'derived_percent', 1, NULL, '2026-02-28 14:36:50', 1, '2026-02-28 14:36:51', 1),
(13, 14, 6, 'derived_percent', 1, NULL, '2026-02-28 14:36:50', 1, '2026-02-28 14:36:51', 1),
(14, 15, 7, 'derived_percent', 1, NULL, '2026-02-28 14:36:50', 1, '2026-02-28 14:36:51', 1),
(15, 16, 7, 'derived_percent', 1, NULL, '2026-02-28 14:36:50', 1, '2026-02-28 14:36:51', 1),
(16, 17, 8, 'derived_percent', 1, NULL, '2026-02-28 14:36:50', 1, '2026-02-28 14:36:51', 1),
(17, 18, 8, 'derived_percent', 1, NULL, '2026-02-28 14:36:50', 1, '2026-02-28 14:36:51', 1),
(18, 19, 17, 'derived_percent', 1, NULL, '2026-02-28 14:36:50', 1, '2026-02-28 14:36:51', 1),
(19, 20, 18, 'derived_percent', 1, NULL, '2026-02-28 14:36:50', 1, '2026-02-28 14:36:51', 1),
(115, 22, 21, 'derived_percent', 1, NULL, '2026-02-28 14:36:51', 1, '2026-02-28 14:36:51', 1),
(116, 23, 22, 'derived_percent', 1, NULL, '2026-02-28 14:36:51', 1, '2026-02-28 14:36:51', 1),
(117, 24, 23, 'derived_percent', 1, NULL, '2026-02-28 14:36:51', 1, '2026-02-28 14:36:51', 1),
(118, 25, 23, 'derived_percent', 1, NULL, '2026-02-28 14:36:51', 1, '2026-02-28 14:36:51', 1),
(119, 26, 23, 'derived_percent', 1, NULL, '2026-02-28 14:36:51', 1, '2026-02-28 14:36:51', 1),
(162, 28, 9, 'derived_percent', 1, NULL, '2026-02-28 14:36:51', 1, '2026-02-28 14:36:51', 1),
(283, 30, 29, 'derived_percent', 1, NULL, '2026-02-28 14:52:49', 1, '2026-02-28 14:52:49', 1),
(284, 31, 29, 'derived_percent', 1, NULL, '2026-02-28 14:52:49', 1, '2026-02-28 14:52:49', 1),
(285, 32, 30, 'derived_percent', 1, NULL, '2026-02-28 14:52:49', 1, '2026-02-28 14:52:49', 1),
(286, 33, 31, 'derived_percent', 1, NULL, '2026-02-28 14:52:49', 1, '2026-02-28 14:52:49', 1),
(307, 35, 34, 'derived_percent', 1, NULL, '2026-02-28 14:53:34', 1, '2026-02-28 14:53:34', 1),
(308, 36, 35, 'derived_percent', 1, NULL, '2026-02-28 14:53:34', 1, '2026-02-28 14:53:34', 1),
(309, 37, 35, 'derived_percent', 1, NULL, '2026-02-28 14:53:34', 1, '2026-02-28 14:53:34', 1),
(310, 38, 35, 'derived_percent', 1, NULL, '2026-02-28 14:53:34', 1, '2026-02-28 14:53:34', 1),
(331, 40, 39, 'derived_percent', 1, NULL, '2026-02-28 14:59:00', 1, '2026-02-28 14:59:00', 1),
(332, 41, 39, 'derived_percent', 1, NULL, '2026-02-28 14:59:00', 1, '2026-02-28 14:59:00', 1),
(333, 42, 40, 'derived_percent', 1, NULL, '2026-02-28 14:59:00', 1, '2026-02-28 14:59:00', 1),
(334, 43, 41, 'derived_percent', 1, NULL, '2026-02-28 14:59:00', 1, '2026-02-28 14:59:00', 1),
(355, 45, 44, 'derived_percent', 1, NULL, '2026-02-28 15:04:03', 1, '2026-02-28 15:04:03', 1),
(356, 46, 44, 'derived_percent', 1, NULL, '2026-02-28 15:04:03', 1, '2026-02-28 15:04:03', 1),
(357, 47, 45, 'derived_percent', 1, NULL, '2026-02-28 15:04:03', 1, '2026-02-28 15:04:03', 1),
(358, 48, 46, 'derived_percent', 1, NULL, '2026-02-28 15:04:03', 1, '2026-02-28 15:04:03', 1),
(379, 50, 49, 'derived_percent', 1, NULL, '2026-02-28 15:15:01', 1, '2026-02-28 15:15:01', 1),
(380, 51, 50, 'derived_percent', 1, NULL, '2026-02-28 15:15:01', 1, '2026-02-28 15:15:01', 1),
(381, 52, 50, 'derived_percent', 1, NULL, '2026-02-28 15:15:01', 1, '2026-02-28 15:15:01', 1),
(382, 53, 50, 'derived_percent', 1, NULL, '2026-02-28 15:15:01', 1, '2026-02-28 15:15:01', 1),
(403, 55, 54, 'derived_percent', 1, NULL, '2026-02-28 15:15:46', 1, '2026-02-28 15:15:46', 1),
(404, 56, 54, 'derived_percent', 1, NULL, '2026-02-28 15:15:46', 1, '2026-02-28 15:15:46', 1),
(405, 57, 55, 'derived_percent', 1, NULL, '2026-02-28 15:15:46', 1, '2026-02-28 15:15:46', 1),
(406, 58, 56, 'derived_percent', 1, NULL, '2026-02-28 15:15:46', 1, '2026-02-28 15:15:46', 1),
(427, 60, 59, 'derived_percent', 1, NULL, '2026-02-28 15:43:24', 1, '2026-02-28 15:43:24', 1),
(428, 61, 60, 'derived_percent', 1, NULL, '2026-02-28 15:43:24', 1, '2026-02-28 15:43:24', 1),
(429, 62, 60, 'derived_percent', 1, NULL, '2026-02-28 15:43:24', 1, '2026-02-28 15:43:24', 1),
(430, 63, 60, 'derived_percent', 1, NULL, '2026-02-28 15:43:24', 1, '2026-02-28 15:43:24', 1),
(451, 65, 64, 'derived_percent', 1, NULL, '2026-02-28 15:58:45', 1, '2026-02-28 15:58:45', 1),
(452, 66, 64, 'derived_percent', 1, NULL, '2026-02-28 15:58:45', 1, '2026-02-28 15:58:45', 1),
(453, 67, 64, 'derived_percent', 1, NULL, '2026-02-28 15:58:45', 1, '2026-02-28 15:58:45', 1),
(454, 68, 65, 'derived_percent', 1, NULL, '2026-02-28 15:58:45', 1, '2026-02-28 15:58:45', 1),
(455, 69, 65, 'derived_percent', 1, NULL, '2026-02-28 15:58:45', 1, '2026-02-28 15:58:45', 1),
(456, 70, 65, 'derived_percent', 1, NULL, '2026-02-28 15:58:45', 1, '2026-02-28 15:58:45', 1),
(457, 71, 65, 'derived_percent', 1, NULL, '2026-02-28 15:58:45', 1, '2026-02-28 15:58:45', 1),
(458, 72, 66, 'derived_percent', 1, NULL, '2026-02-28 15:58:45', 1, '2026-02-28 15:58:45', 1),
(459, 73, 66, 'derived_percent', 1, NULL, '2026-02-28 15:58:45', 1, '2026-02-28 15:58:45', 1),
(460, 74, 66, 'derived_percent', 1, NULL, '2026-02-28 15:58:45', 1, '2026-02-28 15:58:45', 1),
(461, 75, 67, 'derived_percent', 1, NULL, '2026-02-28 15:58:45', 1, '2026-02-28 15:58:45', 1),
(462, 76, 68, 'derived_percent', 1, NULL, '2026-02-28 15:58:45', 1, '2026-02-28 15:58:45', 1),
(463, 77, 69, 'derived_percent', 1, NULL, '2026-02-28 15:58:45', 1, '2026-02-28 15:58:45', 1),
(464, 78, 70, 'derived_percent', 1, NULL, '2026-02-28 15:58:45', 1, '2026-02-28 15:58:45', 1),
(465, 79, 70, 'derived_percent', 1, NULL, '2026-02-28 15:58:45', 1, '2026-02-28 15:58:45', 1),
(466, 80, 71, 'derived_percent', 1, NULL, '2026-02-28 15:58:45', 1, '2026-02-28 15:58:45', 1),
(467, 81, 71, 'derived_percent', 1, NULL, '2026-02-28 15:58:45', 1, '2026-02-28 15:58:45', 1),
(468, 82, 80, 'derived_percent', 1, NULL, '2026-02-28 15:58:45', 1, '2026-02-28 15:58:45', 1),
(469, 83, 81, 'derived_percent', 1, NULL, '2026-02-28 15:58:45', 1, '2026-02-28 15:58:45', 1),
(565, 85, 84, 'derived_percent', 1, NULL, '2026-02-28 15:58:45', 1, '2026-02-28 15:58:45', 1),
(566, 86, 85, 'derived_percent', 1, NULL, '2026-02-28 15:58:45', 1, '2026-02-28 15:58:45', 1),
(567, 87, 86, 'derived_percent', 1, NULL, '2026-02-28 15:58:45', 1, '2026-02-28 15:58:45', 1),
(568, 88, 86, 'derived_percent', 1, NULL, '2026-02-28 15:58:45', 1, '2026-02-28 15:58:45', 1),
(569, 89, 86, 'derived_percent', 1, NULL, '2026-02-28 15:58:45', 1, '2026-02-28 15:58:45', 1),
(612, 91, 72, 'derived_percent', 1, NULL, '2026-02-28 15:58:45', 1, '2026-02-28 15:58:45', 1),
(733, 93, 92, 'derived_percent', 1, NULL, '2026-02-28 16:30:48', 1, '2026-02-28 16:30:48', 1),
(734, 94, 93, 'derived_percent', 1, NULL, '2026-02-28 16:30:48', 1, '2026-02-28 16:30:48', 1),
(735, 95, 93, 'derived_percent', 1, NULL, '2026-02-28 16:30:48', 1, '2026-02-28 16:30:48', 1),
(736, 96, 93, 'derived_percent', 1, NULL, '2026-02-28 16:30:48', 1, '2026-02-28 16:30:48', 1),
(757, 98, 97, 'derived_percent', 1, NULL, '2026-02-28 16:41:03', 1, '2026-02-28 16:41:03', 1),
(758, 99, 97, 'derived_percent', 1, NULL, '2026-02-28 16:41:03', 1, '2026-02-28 16:41:03', 1),
(759, 100, 97, 'derived_percent', 1, NULL, '2026-02-28 16:41:03', 1, '2026-02-28 16:41:03', 1),
(760, 101, 98, 'derived_percent', 1, NULL, '2026-02-28 16:41:03', 1, '2026-02-28 16:41:03', 1),
(761, 102, 98, 'derived_percent', 1, NULL, '2026-02-28 16:41:03', 1, '2026-02-28 16:41:03', 1),
(762, 103, 98, 'derived_percent', 1, NULL, '2026-02-28 16:41:03', 1, '2026-02-28 16:41:03', 1),
(763, 104, 98, 'derived_percent', 1, NULL, '2026-02-28 16:41:03', 1, '2026-02-28 16:41:03', 1),
(764, 105, 99, 'derived_percent', 1, NULL, '2026-02-28 16:41:03', 1, '2026-02-28 16:41:03', 1),
(765, 106, 99, 'derived_percent', 1, NULL, '2026-02-28 16:41:03', 1, '2026-02-28 16:41:03', 1),
(766, 107, 99, 'derived_percent', 1, NULL, '2026-02-28 16:41:03', 1, '2026-02-28 16:41:03', 1),
(767, 108, 100, 'derived_percent', 1, NULL, '2026-02-28 16:41:03', 1, '2026-02-28 16:41:03', 1),
(768, 109, 101, 'derived_percent', 1, NULL, '2026-02-28 16:41:03', 1, '2026-02-28 16:41:03', 1),
(769, 110, 102, 'derived_percent', 1, NULL, '2026-02-28 16:41:03', 1, '2026-02-28 16:41:03', 1),
(770, 111, 103, 'derived_percent', 0, '2026-02-28 16:41:03', '2026-02-28 16:41:03', 1, '2026-02-28 16:41:03', 1),
(771, 112, 103, 'derived_percent', 1, NULL, '2026-02-28 16:41:03', 1, '2026-02-28 16:41:03', 1),
(772, 113, 104, 'derived_percent', 1, NULL, '2026-02-28 16:41:03', 1, '2026-02-28 16:41:03', 1),
(773, 114, 104, 'derived_percent', 1, NULL, '2026-02-28 16:41:03', 1, '2026-02-28 16:41:03', 1),
(774, 115, 113, 'derived_percent', 1, NULL, '2026-02-28 16:41:03', 1, '2026-02-28 16:41:03', 1),
(775, 116, 114, 'derived_percent', 1, NULL, '2026-02-28 16:41:03', 1, '2026-02-28 16:41:03', 1),
(871, 118, 117, 'derived_percent', 1, NULL, '2026-02-28 16:41:03', 1, '2026-02-28 16:41:03', 1),
(872, 119, 118, 'derived_percent', 1, NULL, '2026-02-28 16:41:03', 1, '2026-02-28 16:41:03', 1),
(873, 120, 119, 'derived_percent', 1, NULL, '2026-02-28 16:41:03', 1, '2026-02-28 16:41:03', 1),
(874, 121, 119, 'derived_percent', 1, NULL, '2026-02-28 16:41:03', 1, '2026-02-28 16:41:03', 1),
(875, 122, 119, 'derived_percent', 1, NULL, '2026-02-28 16:41:03', 1, '2026-02-28 16:41:03', 1),
(917, 124, 105, 'derived_percent', 1, NULL, '2026-02-28 16:41:03', 1, '2026-02-28 16:41:03', 1),
(1033, 126, 125, 'derived_percent', 1, NULL, '2026-02-28 16:45:52', 1, '2026-02-28 16:45:52', 1),
(1034, 127, 126, 'derived_percent', 1, NULL, '2026-02-28 16:45:52', 1, '2026-02-28 16:45:52', 1),
(1035, 128, 126, 'derived_percent', 1, NULL, '2026-02-28 16:45:52', 1, '2026-02-28 16:45:52', 1),
(1036, 129, 126, 'derived_percent', 1, NULL, '2026-02-28 16:45:52', 1, '2026-02-28 16:45:52', 1),
(1057, 131, 130, 'derived_percent', 1, NULL, '2026-03-02 12:54:07', 1, '2026-03-02 12:54:07', 1),
(1058, 132, 131, 'derived_percent', 1, NULL, '2026-03-02 12:54:07', 1, '2026-03-02 12:54:07', 1),
(1059, 133, 131, 'derived_percent', 1, NULL, '2026-03-02 12:54:07', 1, '2026-03-02 12:54:07', 1),
(1060, 134, 131, 'derived_percent', 1, NULL, '2026-03-02 12:54:07', 1, '2026-03-02 12:54:07', 1),
(1081, 136, 135, 'derived_percent', 1, NULL, '2026-03-02 13:03:25', 1, '2026-03-02 13:03:25', 1),
(1082, 137, 135, 'derived_percent', 1, NULL, '2026-03-02 13:03:25', 1, '2026-03-02 13:03:25', 1),
(1083, 138, 136, 'derived_percent', 1, NULL, '2026-03-02 13:03:25', 1, '2026-03-02 13:03:25', 1),
(1084, 139, 137, 'derived_percent', 1, NULL, '2026-03-02 13:03:25', 1, '2026-03-02 13:03:25', 1),
(1105, 141, 140, 'derived_percent', 1, NULL, '2026-03-02 19:07:38', 1, '2026-03-02 19:07:38', 1),
(1106, 142, 141, 'derived_percent', 1, NULL, '2026-03-02 19:07:38', 1, '2026-03-02 19:07:38', 1),
(1107, 143, 141, 'derived_percent', 1, NULL, '2026-03-02 19:07:38', 1, '2026-03-02 19:07:38', 1),
(1108, 144, 141, 'derived_percent', 1, NULL, '2026-03-02 19:07:38', 1, '2026-03-02 19:07:38', 1),
(1129, 148, 147, 'derived_percent', 1, NULL, '2026-03-02 20:29:25', 1, '2026-03-02 20:29:25', 1),
(1130, 149, 147, 'derived_percent', 1, NULL, '2026-03-02 20:29:25', 1, '2026-03-02 20:29:25', 1),
(1131, 150, 148, 'derived_percent', 1, NULL, '2026-03-02 20:29:25', 1, '2026-03-02 20:29:25', 1),
(1132, 151, 149, 'derived_percent', 1, NULL, '2026-03-02 20:29:25', 1, '2026-03-02 20:29:25', 1),
(1153, 154, 153, 'derived_percent', 1, NULL, '2026-03-02 23:03:21', 1, '2026-03-02 23:03:21', 1),
(1154, 155, 153, 'derived_percent', 1, NULL, '2026-03-02 23:03:21', 1, '2026-03-02 23:03:21', 1),
(1155, 156, 154, 'derived_percent', 1, NULL, '2026-03-02 23:03:21', 1, '2026-03-02 23:03:21', 1),
(1156, 157, 155, 'derived_percent', 1, NULL, '2026-03-02 23:03:21', 1, '2026-03-02 23:03:21', 1);

--
-- Dumping data for table `ota_account`
--

INSERT INTO `ota_account` (`id_ota_account`, `id_company`, `id_property`, `platform`, `ota_name`, `color_hex`, `external_code`, `contact_email`, `timezone`, `notes`, `id_service_fee_payment_catalog`, `is_active`, `deleted_at`, `created_at`, `created_by`, `updated_at`, `updated_by`) VALUES
(1, 2, 3, 'booking', 'Booking', NULL, NULL, NULL, 'America/Mexico_City', NULL, NULL, 0, '2026-02-18 19:42:49', '2026-02-16 16:00:42', NULL, '2026-02-18 19:42:49', 1),
(2, 2, 3, 'other', 'Directo/Otro', NULL, NULL, NULL, 'America/Mexico_City', NULL, NULL, 0, '2026-02-18 19:42:54', '2026-02-16 16:00:42', NULL, '2026-02-18 19:42:54', 1),
(3, 2, 1, 'other', 'Directo/Otro', NULL, NULL, NULL, 'America/Mexico_City', NULL, NULL, 0, '2026-02-18 19:42:43', '2026-02-16 16:00:42', NULL, '2026-02-18 19:42:43', 1),
(4, 2, 3, 'airbnb', 'Airbnb', NULL, NULL, NULL, 'America/Mexico_City', NULL, NULL, 0, '2026-02-18 19:42:47', '2026-02-16 16:00:42', NULL, '2026-02-18 19:42:47', 1),
(8, 2, 1, 'booking', 'Booking', '#006AFF', NULL, NULL, 'America/Mexico_City', NULL, 94, 1, NULL, '2026-02-18 19:58:59', 1, '2026-02-21 13:49:52', 1),
(9, 2, 1, 'other', 'AirB&B', '#FF630F', 'ABB', NULL, 'America/Mexico_City', 'dasd', 94, 1, NULL, '2026-02-18 20:02:37', 1, '2026-02-21 21:07:25', 1),
(10, 2, 1, 'expedia', 'Expedia', NULL, NULL, NULL, 'America/Mexico_City', NULL, NULL, 0, '2026-02-18 21:50:00', '2026-02-18 20:05:42', 1, '2026-02-18 21:50:00', 1),
(11, 2, 1, 'expedia', 'Expedia', NULL, NULL, NULL, 'America/Mexico_City', NULL, NULL, 0, '2026-02-18 21:49:54', '2026-02-18 21:49:42', 1, '2026-02-18 21:49:54', 1),
(12, 2, 1, 'expedia', 'Expedia', '#E000CE', 'EXP', NULL, 'America/Mexico_City', NULL, 94, 1, NULL, '2026-02-18 21:49:45', 1, '2026-02-24 18:17:29', 1),
(13, 2, 1, 'other', 'Local Bird', NULL, NULL, NULL, 'America/Mexico_City', NULL, NULL, 0, '2026-02-23 09:19:10', '2026-02-19 10:58:26', 1, '2026-02-23 09:19:10', 1),
(14, 2, 1, 'other', 'Local Bird', NULL, NULL, NULL, 'America/Mexico_City', NULL, NULL, 0, '2026-02-19 13:32:37', '2026-02-19 11:06:06', 1, '2026-02-19 13:32:37', 1),
(15, 2, 3, 'booking', 'Booking', NULL, NULL, NULL, 'America/Mexico_City', NULL, NULL, 0, '2026-02-19 20:44:46', '2026-02-20 02:38:55', NULL, '2026-02-19 20:44:46', 1),
(16, 2, 3, 'other', 'Directo/Otro', NULL, NULL, NULL, 'America/Mexico_City', NULL, NULL, 0, '2026-02-19 21:09:19', '2026-02-20 02:38:55', NULL, '2026-02-19 21:09:19', 1),
(17, 2, 3, 'airbnb', 'Airbnb', NULL, NULL, NULL, 'America/Mexico_City', NULL, NULL, 0, '2026-02-19 20:43:54', '2026-02-20 02:38:55', NULL, '2026-02-19 20:43:54', 1);

--
-- Dumping data for table `ota_account_info_catalog`
--

INSERT INTO `ota_account_info_catalog` (`id_ota_account_info_catalog`, `id_ota_account`, `id_line_item_catalog`, `sort_order`, `display_alias`, `is_active`, `deleted_at`, `created_at`, `updated_at`) VALUES
(1, 9, 67, 2, 'Pago total en reservación híbrida', 1, NULL, '2026-02-18 22:00:46', '2026-02-21 21:07:25'),
(2, 9, 68, 3, 'Total ya pagado por huesped a OTA', 1, NULL, '2026-02-18 22:00:46', '2026-02-21 21:07:25'),
(3, 9, 64, 0, NULL, 0, '2026-02-18 22:24:42', '2026-02-18 22:00:46', '2026-02-18 22:24:42'),
(4, 9, 91, 0, NULL, 0, '2026-02-18 22:24:42', '2026-02-18 22:00:46', '2026-02-18 22:24:42'),
(8, 9, 75, 1, 'Pago a propietario', 1, NULL, '2026-02-19 00:02:06', '2026-02-21 21:07:25'),
(9, 9, 90, 4, 'Restante a pagar en efectivo', 1, NULL, '2026-02-21 13:47:50', '2026-02-21 21:07:25'),
(10, 8, 88, 1, 'Pago a propietario', 1, NULL, '2026-02-21 13:49:52', '2026-02-21 13:49:52'),
(11, 12, 88, 1, 'Pago a propietario', 1, NULL, '2026-02-21 13:50:12', '2026-02-24 18:17:29');

--
-- Dumping data for table `ota_account_lodging_catalog`
--

INSERT INTO `ota_account_lodging_catalog` (`id_ota_account_lodging_catalog`, `id_ota_account`, `id_line_item_catalog`, `sort_order`, `is_active`, `deleted_at`, `created_at`, `updated_at`) VALUES
(1, 8, 86, 0, 1, NULL, '2026-02-18 19:59:12', '2026-02-21 13:49:52'),
(2, 9, 64, 0, 1, NULL, '2026-02-18 20:02:37', '2026-02-21 21:07:25'),
(3, 9, 100, 0, 1, NULL, '2026-02-21 21:07:25', '2026-02-21 21:07:25'),
(4, 12, 89, 0, 1, NULL, '2026-02-21 21:27:21', '2026-02-24 18:17:29');

--
-- Dumping data for table `pms_company_theme`
--

INSERT INTO `pms_company_theme` (`id_company`, `theme_code`, `created_at`, `updated_at`) VALUES
(2, 'ocean', '2026-02-17 14:38:56', '2026-02-17 14:38:56');

--
-- Dumping data for table `pms_settings_interest_catalog`
--

INSERT INTO `pms_settings_interest_catalog` (`id_setting_interest`, `id_company`, `id_property`, `id_sale_item_catalog`, `is_active`, `deleted_at`, `created_at`, `created_by`, `updated_at`) VALUES
(1, 2, NULL, 99, 1, NULL, '2026-02-28 14:43:55', 1, '2026-02-28 14:43:55'),
(2, 2, NULL, 105, 1, NULL, '2026-02-28 14:43:55', 1, '2026-02-28 14:43:55'),
(3, 2, NULL, 106, 1, NULL, '2026-02-28 14:43:55', 1, '2026-02-28 14:43:55');

--
-- Dumping data for table `pms_settings_lodging_catalog`
--

INSERT INTO `pms_settings_lodging_catalog` (`id_setting_lodging`, `id_company`, `id_property`, `id_sale_item_catalog`, `is_active`, `deleted_at`, `created_at`, `created_by`, `updated_at`) VALUES
(66, 2, NULL, 64, 0, '2026-02-17 18:00:26', '2026-02-16 18:39:58', 1, '2026-02-17 18:00:26'),
(67, 2, NULL, 64, 0, '2026-02-21 09:56:14', '2026-02-17 18:00:26', 1, '2026-02-21 09:56:14'),
(68, 2, NULL, 86, 0, '2026-02-21 09:56:14', '2026-02-17 18:00:26', 1, '2026-02-21 09:56:14'),
(70, 2, NULL, 64, 0, '2026-02-21 13:35:50', '2026-02-21 09:56:14', 1, '2026-02-21 13:35:50'),
(71, 2, NULL, 86, 0, '2026-02-21 13:35:50', '2026-02-21 09:56:14', 1, '2026-02-21 13:35:50'),
(72, 2, NULL, 90, 0, '2026-02-21 13:35:50', '2026-02-21 09:56:14', 1, '2026-02-21 13:35:50'),
(73, 2, NULL, 64, 0, '2026-02-21 20:55:41', '2026-02-21 13:35:50', 1, '2026-02-21 20:55:41'),
(74, 2, NULL, 83, 0, '2026-02-21 20:55:41', '2026-02-21 13:35:50', 1, '2026-02-21 20:55:41'),
(75, 2, NULL, 86, 0, '2026-02-21 20:55:41', '2026-02-21 13:35:50', 1, '2026-02-21 20:55:41'),
(76, 2, NULL, 89, 0, '2026-02-21 20:55:41', '2026-02-21 13:35:50', 1, '2026-02-21 20:55:41'),
(77, 2, NULL, 90, 0, '2026-02-21 20:55:41', '2026-02-21 13:35:50', 1, '2026-02-21 20:55:41'),
(80, 2, NULL, 64, 0, '2026-03-02 18:15:43', '2026-02-21 20:55:41', 1, '2026-03-02 18:15:43'),
(81, 2, NULL, 83, 0, '2026-03-02 18:15:43', '2026-02-21 20:55:41', 1, '2026-03-02 18:15:43'),
(82, 2, NULL, 86, 0, '2026-03-02 18:15:43', '2026-02-21 20:55:41', 1, '2026-03-02 18:15:43'),
(83, 2, NULL, 89, 0, '2026-03-02 18:15:43', '2026-02-21 20:55:41', 1, '2026-03-02 18:15:43'),
(84, 2, NULL, 90, 0, '2026-03-02 18:15:43', '2026-02-21 20:55:41', 1, '2026-03-02 18:15:43'),
(85, 2, NULL, 100, 0, '2026-03-02 18:15:43', '2026-02-21 20:55:41', 1, '2026-03-02 18:15:43'),
(87, 2, NULL, 64, 1, NULL, '2026-03-02 18:15:43', 1, '2026-03-02 18:15:43'),
(88, 2, NULL, 83, 1, NULL, '2026-03-02 18:15:43', 1, '2026-03-02 18:15:43'),
(89, 2, NULL, 86, 1, NULL, '2026-03-02 18:15:43', 1, '2026-03-02 18:15:43'),
(90, 2, NULL, 89, 1, NULL, '2026-03-02 18:15:43', 1, '2026-03-02 18:15:43'),
(91, 2, NULL, 90, 1, NULL, '2026-03-02 18:15:43', 1, '2026-03-02 18:15:43'),
(92, 2, NULL, 100, 1, NULL, '2026-03-02 18:15:43', 1, '2026-03-02 18:15:43');

--
-- Dumping data for table `pms_settings_obligation_payment_method`
--

INSERT INTO `pms_settings_obligation_payment_method` (`id_obligation_payment_method`, `id_company`, `method_name`, `method_description`, `is_active`, `deleted_at`, `created_at`, `created_by`, `updated_at`, `updated_by`) VALUES
(1, 2, 'Efectivo', NULL, 1, NULL, '2026-02-19 08:06:54', 1, '2026-02-19 08:06:54', 1),
(2, 2, 'Transferencia cuenta Ashley', '2321', 1, NULL, '2026-02-19 08:07:30', 1, '2026-02-19 08:07:30', 1);

--
-- Dumping data for table `pms_settings_payment_catalog`
--

INSERT INTO `pms_settings_payment_catalog` (`id_setting_payment`, `id_company`, `id_property`, `id_sale_item_catalog`, `is_active`, `deleted_at`, `created_at`, `created_by`, `updated_at`) VALUES
(1, 2, NULL, 12, 0, '2026-02-10 16:42:53', '2026-02-10 16:42:53', 1, '2026-02-10 16:42:53'),
(2, 2, NULL, 13, 0, '2026-02-10 16:42:53', '2026-02-10 16:42:53', 1, '2026-02-10 16:42:53'),
(3, 2, NULL, 14, 0, '2026-02-10 16:42:53', '2026-02-10 16:42:53', 1, '2026-02-10 16:42:53'),
(4, 2, NULL, 12, 0, '2026-02-10 16:42:53', '2026-02-10 16:42:53', 1, '2026-02-10 16:42:53'),
(5, 2, NULL, 13, 0, '2026-02-10 16:42:53', '2026-02-10 16:42:53', 1, '2026-02-10 16:42:53'),
(6, 2, NULL, 14, 0, '2026-02-10 16:42:53', '2026-02-10 16:42:53', 1, '2026-02-10 16:42:53'),
(7, 2, NULL, 12, 0, '2026-02-22 12:55:52', '2026-02-10 16:42:53', 1, '2026-02-22 12:55:52'),
(8, 2, NULL, 13, 0, '2026-02-22 12:55:52', '2026-02-10 16:42:53', 1, '2026-02-22 12:55:52'),
(9, 2, NULL, 14, 0, '2026-02-22 12:55:52', '2026-02-10 16:42:53', 1, '2026-02-22 12:55:52'),
(10, 2, NULL, 101, 1, NULL, '2026-02-22 12:55:52', 1, '2026-02-22 12:55:52'),
(11, 2, NULL, 102, 1, NULL, '2026-02-22 12:55:52', 1, '2026-02-22 12:55:52'),
(12, 2, NULL, 103, 1, NULL, '2026-02-22 12:55:52', 1, '2026-02-22 12:55:52'),
(13, 2, NULL, 104, 1, NULL, '2026-02-22 12:55:52', 1, '2026-02-22 12:55:52');

--
-- Dumping data for table `pms_settings_payment_method`
--

INSERT INTO `pms_settings_payment_method` (`id_payment_method`, `id_company`, `id_property`, `method_name`, `is_active`, `deleted_at`, `created_at`, `created_by`, `updated_at`) VALUES
(1, 2, NULL, 'Tarjeta de Crédito', 1, NULL, '2026-02-10 15:47:24', 1, '2026-02-10 15:47:24'),
(2, 2, NULL, 'Tarjeta de Débito', 1, NULL, '2026-02-10 15:47:39', 1, '2026-02-10 15:47:39'),
(3, 2, NULL, 'Efectivo', 1, NULL, '2026-02-10 15:47:43', 1, '2026-02-10 15:47:43'),
(4, 2, NULL, 'Transferencia', 1, NULL, '2026-02-10 15:47:49', 1, '2026-02-10 15:48:03');

--
-- Dumping data for table `property_amenities`
--

INSERT INTO `property_amenities` (`id_property_amenities`, `id_property`, `has_wifi`, `has_parking`, `has_shared_kitchen`, `has_dining_area`, `has_cleaning_service`, `has_shared_laundry`, `has_purified_water`, `has_security_24h`, `has_self_checkin`, `has_pool`, `has_jacuzzi`, `has_garden_patio`, `has_terrace_rooftop`, `has_hammocks_loungers`, `has_bbq_area`, `has_beach_access`, `has_panoramic_views`, `has_outdoor_lounge`, `offers_airport_transfers`, `offers_tours_activities`, `has_breakfast_available`, `offers_bike_rental`, `has_luggage_storage`, `is_pet_friendly`, `has_accessible_spaces`, `is_active`, `deleted_at`, `created_at`, `created_by`, `updated_at`) VALUES
(1, 9, 1, 1, 1, 1, 1, 0, 1, 0, 0, 0, 0, 0, 0, 0, 0, 0, 0, 0, 1, 1, 0, 1, 0, 1, 1, 1, NULL, '2025-11-30 20:42:42', 4, '2026-02-18 19:53:10'),
(2, 6, 1, 1, 1, 1, 1, 1, 0, 0, 0, 0, 0, 1, 1, 1, 1, 1, 1, 1, 1, 0, 1, 1, 1, 1, 1, 1, NULL, '2025-11-30 20:43:42', 4, '2026-02-24 12:02:49'),
(3, 4, 1, 0, 1, 1, 1, 0, 1, 1, 1, 0, 0, 1, 0, 1, 0, 0, 0, 0, 1, 1, 0, 1, 0, 1, 1, 1, NULL, '2025-11-30 23:16:58', 4, '2026-02-18 19:53:48'),
(4, 10, 1, 0, 1, 1, 1, 0, 1, 1, 0, 0, 0, 0, 0, 0, 0, 0, 0, 0, 1, 1, 0, 1, 0, 0, 1, 1, NULL, '2025-11-30 23:18:20', 4, '2026-02-18 19:54:02'),
(5, 1, 0, 0, 0, 0, 0, 0, 0, 0, 0, 1, 0, 0, 0, 1, 0, 1, 0, 0, 0, 1, 0, 1, 0, 0, 0, 1, NULL, '2025-11-30 23:42:15', 4, '2026-02-18 19:52:44'),
(6, 11, 1, 0, 1, 1, 1, 0, 1, 0, 0, 1, 0, 0, 1, 0, 0, 0, 0, 0, 1, 1, 1, 1, 0, 0, 0, 1, NULL, '2026-01-11 20:08:49', 4, '2026-02-18 19:53:56'),
(7, 3, 0, 0, 0, 0, 0, 0, 0, 0, 0, 0, 0, 0, 0, 0, 0, 0, 0, 0, 0, 0, 0, 0, 0, 0, 0, 1, NULL, '2026-01-17 00:27:33', 4, '2026-02-18 19:52:58'),
(8, 7, 1, 1, 1, 1, 1, 0, 1, 0, 0, 0, 0, 1, 0, 1, 0, 0, 0, 0, 1, 1, 0, 1, 0, 1, 1, 1, NULL, '2026-01-17 00:31:05', 4, '2026-02-18 19:54:09'),
(9, 12, 1, 0, 1, 1, 1, 0, 1, 1, 1, 0, 0, 1, 1, 1, 1, 0, 0, 0, 1, 1, 0, 1, 1, 0, 0, 1, NULL, '2026-02-02 04:48:30', 4, '2026-02-18 19:53:39');

--
-- Dumping data for table `rateplan`
--

INSERT INTO `rateplan` (`id_rateplan`, `id_property`, `code`, `name`, `description`, `currency`, `refundable`, `cancel_policy_json`, `deposit_policy_json`, `rules_json`, `min_stay_default`, `max_stay_default`, `cta_default`, `ctd_default`, `stop_sell_default`, `effective_from`, `effective_to`, `is_active`, `deleted_at`, `created_at`, `created_by`, `updated_at`) VALUES
(1, 1, 'test1', 'test1', NULL, 'MXN', 1, NULL, NULL, '{\"new_pricing_enabled\": 1}', NULL, NULL, NULL, NULL, NULL, '2026-01-17', NULL, 0, NULL, '2026-01-17 22:33:54', 4, '2026-02-28 16:56:43'),
(2, 1, 'BASICA', 'Basica', NULL, 'MXN', 1, NULL, NULL, '{\"new_pricing_enabled\": 1}', NULL, NULL, NULL, NULL, NULL, '2026-01-17', NULL, 1, NULL, '2026-01-19 22:47:11', 4, '2026-02-28 16:56:43'),
(3, 1, 'BASICA2', 'basica', NULL, 'MXN', 1, NULL, NULL, '{\"new_pricing_enabled\": 1}', NULL, NULL, NULL, NULL, NULL, '2026-01-17', NULL, 0, NULL, '2026-01-19 22:47:43', 4, '2026-02-28 16:56:43'),
(4, 1, 'BASICA3', 'basica', NULL, 'MXN', 1, NULL, NULL, '{\"new_pricing_enabled\": 1}', NULL, NULL, NULL, NULL, NULL, '2026-01-17', NULL, 0, NULL, '2026-01-19 22:48:02', 4, '2026-02-28 16:56:43'),
(5, 1, 'CRITICO', 'CRITICO', NULL, 'MXN', 1, NULL, NULL, '{\"new_pricing_enabled\": 1}', NULL, NULL, NULL, NULL, NULL, '2026-02-02', NULL, 1, NULL, '2026-02-02 06:04:12', 4, '2026-02-28 16:56:43');

--
-- Dumping data for table `rateplan_modifier`
--

INSERT INTO `rateplan_modifier` (`id_rateplan_modifier`, `id_rateplan`, `modifier_name`, `description`, `priority`, `apply_mode`, `price_action`, `add_pct`, `add_cents`, `set_price_cents`, `clamp_min_cents`, `clamp_max_cents`, `respect_category_min`, `is_always_on`, `is_active`, `deleted_at`, `created_at`, `created_by`, `updated_at`) VALUES
(1, 1, 'fin de san valentin', 'MIGRATED_FROM_RATEPLAN_SEASON:1', 3, 'stack', 'add_pct', 40.000, NULL, NULL, NULL, NULL, 1, 0, 1, NULL, '2026-01-19 22:21:12', NULL, '2026-01-19 22:21:12'),
(2, 2, 'san valentin', 'MIGRATED_FROM_RATEPLAN_SEASON:2', 0, 'stack', 'add_pct', 15.000, NULL, NULL, NULL, NULL, 1, 0, 1, NULL, '2026-01-20 00:00:15', NULL, '2026-01-20 00:00:15'),
(4, 2, 'Legacy weekend adjust', 'MIGRATED_FROM_RATEPLAN_PRICING_WEEKEND:2', 90, 'stack', 'add_pct', 15.000, NULL, NULL, NULL, NULL, 1, 0, 1, NULL, '2026-01-20 00:02:52', NULL, '2026-01-20 00:33:32'),
(5, 1, 'Legacy occupancy low', 'MIGRATED_FROM_RATEPLAN_PRICING_OCC_LOW:1', 80, 'stack', 'add_pct', 20.000, NULL, NULL, NULL, NULL, 1, 1, 0, NULL, '2026-01-19 22:22:24', NULL, '2026-01-19 22:22:24'),
(6, 2, 'Legacy occupancy low', 'MIGRATED_FROM_RATEPLAN_PRICING_OCC_LOW:2', 80, 'stack', 'add_pct', -10.000, NULL, NULL, NULL, NULL, 1, 1, 1, NULL, '2026-01-20 00:02:52', NULL, '2026-01-20 00:33:32'),
(8, 1, 'Legacy occupancy mid low', 'MIGRATED_FROM_RATEPLAN_PRICING_OCC_MID_LOW:1', 79, 'stack', 'add_pct', -5.000, NULL, NULL, NULL, NULL, 1, 1, 0, NULL, '2026-01-19 22:22:24', NULL, '2026-01-19 22:22:24'),
(9, 2, 'Legacy occupancy mid low', 'MIGRATED_FROM_RATEPLAN_PRICING_OCC_MID_LOW:2', 79, 'stack', 'add_pct', -5.000, NULL, NULL, NULL, NULL, 1, 1, 1, NULL, '2026-01-20 00:02:52', NULL, '2026-01-20 00:33:32'),
(11, 1, 'Legacy occupancy mid high', 'MIGRATED_FROM_RATEPLAN_PRICING_OCC_MID_HIGH:1', 78, 'stack', 'add_pct', 10.000, NULL, NULL, NULL, NULL, 1, 1, 0, NULL, '2026-01-19 22:22:24', NULL, '2026-01-19 22:22:24'),
(12, 2, 'Legacy occupancy mid high', 'MIGRATED_FROM_RATEPLAN_PRICING_OCC_MID_HIGH:2', 78, 'stack', 'add_pct', 10.000, NULL, NULL, NULL, NULL, 1, 1, 1, NULL, '2026-01-20 00:02:52', NULL, '2026-01-20 00:33:32'),
(14, 1, 'Legacy occupancy high', 'MIGRATED_FROM_RATEPLAN_PRICING_OCC_HIGH:1', 77, 'stack', 'add_pct', 35.000, NULL, NULL, NULL, NULL, 1, 1, 0, NULL, '2026-01-19 22:22:24', NULL, '2026-01-19 22:22:24'),
(15, 2, 'Legacy occupancy high', 'MIGRATED_FROM_RATEPLAN_PRICING_OCC_HIGH:2', 77, 'stack', 'add_pct', 20.000, NULL, NULL, NULL, NULL, 1, 1, 1, NULL, '2026-01-20 00:02:52', NULL, '2026-01-20 00:33:32'),
(17, 5, 'Spring Break', NULL, 0, 'stack', 'add_pct', 50.000, NULL, NULL, NULL, NULL, 1, 0, 1, NULL, '2026-02-28 13:05:55', 1, '2026-02-28 13:05:55');

--
-- Dumping data for table `rateplan_modifier_condition`
--

INSERT INTO `rateplan_modifier_condition` (`id_rateplan_modifier_condition`, `id_rateplan_modifier`, `condition_type`, `operator_key`, `value_number`, `value_number_to`, `value_text`, `value_json`, `sort_order`, `is_active`, `deleted_at`, `created_at`, `created_by`, `updated_at`) VALUES
(1, 5, 'occupancy_pct_property', 'lt', 20.0000, NULL, NULL, NULL, 1, 1, NULL, '2026-02-28 16:56:43', NULL, '2026-02-28 16:56:43'),
(2, 6, 'occupancy_pct_property', 'lt', 8.0000, NULL, NULL, NULL, 1, 1, NULL, '2026-02-28 16:56:43', NULL, '2026-02-28 16:56:43'),
(4, 8, 'occupancy_pct_property', 'between', 20.0000, 55.0000, NULL, NULL, 1, 1, NULL, '2026-02-28 16:56:43', NULL, '2026-02-28 16:56:43'),
(5, 9, 'occupancy_pct_property', 'between', 8.0000, 25.0000, NULL, NULL, 1, 1, NULL, '2026-02-28 16:56:43', NULL, '2026-02-28 16:56:43'),
(7, 11, 'occupancy_pct_property', 'between', 55.0000, 70.0000, NULL, NULL, 1, 1, NULL, '2026-02-28 16:56:43', NULL, '2026-02-28 16:56:43'),
(8, 12, 'occupancy_pct_property', 'between', 25.0000, 60.0000, NULL, NULL, 1, 1, NULL, '2026-02-28 16:56:43', NULL, '2026-02-28 16:56:43'),
(10, 14, 'occupancy_pct_property', 'gte', 80.0000, NULL, NULL, NULL, 1, 1, NULL, '2026-02-28 16:56:43', NULL, '2026-02-28 16:56:43'),
(11, 15, 'occupancy_pct_property', 'gte', 85.0000, NULL, NULL, NULL, 1, 1, NULL, '2026-02-28 16:56:43', NULL, '2026-02-28 16:56:43');

--
-- Dumping data for table `rateplan_modifier_schedule`
--

INSERT INTO `rateplan_modifier_schedule` (`id_rateplan_modifier_schedule`, `id_rateplan_modifier`, `schedule_type`, `start_date`, `end_date`, `schedule_rrule`, `exdates_json`, `is_active`, `deleted_at`, `created_at`, `created_by`, `updated_at`) VALUES
(1, 1, 'range', '2026-02-13', '2026-02-15', NULL, NULL, 1, NULL, '2026-01-19 22:21:12', NULL, '2026-01-19 22:21:12'),
(2, 2, 'range', '2026-02-13', '2026-02-15', NULL, NULL, 1, NULL, '2026-01-20 00:00:15', NULL, '2026-01-20 00:00:15'),
(4, 4, 'rrule', NULL, NULL, 'FREQ=WEEKLY;BYDAY=SA,SU', NULL, 1, NULL, '2026-01-20 00:02:52', NULL, '2026-01-20 00:33:32');

--
-- Dumping data for table `rateplan_override`
--

INSERT INTO `rateplan_override` (`id_rateplan_override`, `id_rateplan`, `id_category`, `id_room`, `override_date`, `price_cents`, `notes`, `is_active`, `created_at`, `updated_at`) VALUES
(1, 1, 53, NULL, '2026-01-20', 160000, NULL, 1, '2026-01-19 19:56:31', '2026-01-19 19:56:31'),
(2, 1, 53, NULL, '2026-01-21', 60000, NULL, 1, '2026-01-19 22:19:04', '2026-01-19 22:19:04'),
(3, 2, 52, NULL, '2026-01-22', 90000, NULL, 1, '2026-01-20 01:04:46', '2026-01-20 01:04:46'),
(4, 2, 44, NULL, '2026-01-24', 100000, NULL, 1, '2026-01-20 01:05:11', '2026-01-20 01:05:11'),
(5, 2, 44, NULL, '2026-02-09', 90000, NULL, 1, '2026-02-02 05:58:21', '2026-02-02 05:58:21'),
(6, 5, 44, NULL, '2026-02-11', 90000, NULL, 1, '2026-02-02 06:07:56', '2026-02-02 06:07:56');

--
-- Dumping data for table `rateplan_pricing`
--

INSERT INTO `rateplan_pricing` (`id_rateplan_pricing`, `id_rateplan`, `base_adjust_pct`, `use_season`, `use_occupancy`, `occupancy_low_threshold`, `occupancy_mid_low_threshold`, `occupancy_mid_high_threshold`, `occupancy_high_threshold`, `low_occupancy_adjust_pct`, `mid_low_occupancy_adjust_pct`, `mid_high_occupancy_adjust_pct`, `high_occupancy_adjust_pct`, `weekend_adjust_pct`, `max_discount_pct`, `max_markup_pct`, `is_active`, `created_at`, `updated_at`) VALUES
(1, 1, 0.00, 1, 1, 20.00, 55.00, 70.00, 80.00, 20.00, -5.00, 10.00, 35.00, 0.00, 50.00, 50.00, 0, '2026-01-19 22:22:24', '2026-01-19 22:22:24'),
(2, 2, 0.00, 1, 1, 8.00, 25.00, 60.00, 85.00, -10.00, -5.00, 10.00, 20.00, 15.00, 0.00, 0.00, 1, '2026-01-20 00:02:52', '2026-01-20 00:33:32');

--
-- Dumping data for table `rateplan_season`
--

INSERT INTO `rateplan_season` (`id_rateplan_season`, `id_rateplan`, `season_name`, `start_date`, `end_date`, `adjust_pct`, `priority`, `is_active`, `created_at`, `updated_at`) VALUES
(1, 1, 'fin de san valentin', '2026-02-13', '2026-02-15', 40.00, 3, 1, '2026-01-19 22:21:12', '2026-01-19 22:21:12'),
(2, 2, 'san valentin', '2026-02-13', '2026-02-15', 15.00, 0, 1, '2026-01-20 00:00:15', '2026-01-20 00:00:15');

--
-- Dumping data for table `report_config`
--

INSERT INTO `report_config` (`id_report_config`, `id_company`, `report_key`, `report_name`, `report_type`, `line_item_type_scope`, `description`, `column_order`, `is_active`, `deleted_at`, `created_at`, `created_by`, `updated_at`) VALUES
(1, 2, 'accounting', 'Reporte de contabilidad', 'reservation', NULL, NULL, 'payment_date,payment_method,payment_amount,guest,reservation,check_in,check_out,nights,people,room_price,extra:66:75:Total%20de%20estancia', 1, NULL, '2026-02-14 19:11:59', 1, '2026-02-20 08:47:20'),
(2, 2, 'booking', 'Booking', 'line_item', 'payment', NULL, NULL, 1, NULL, '2026-02-18 18:05:05', 1, '2026-02-18 18:33:41');

--
-- Dumping data for table `report_config_column`
--

INSERT INTO `report_config_column` (`id_report_config_column`, `id_report_config`, `column_key`, `column_source`, `source_field_key`, `id_line_item_catalog`, `display_name`, `display_category`, `data_type`, `aggregation`, `format_hint`, `order_index`, `is_visible`, `is_filterable`, `filter_operator_default`, `legacy_role`, `is_active`, `deleted_at`, `created_at`, `created_by`, `updated_at`) VALUES
(1, 2, 'guest_names', 'field', 'guest_names', NULL, 'Huesped', NULL, 'text', 'none', NULL, 1, 1, 1, NULL, NULL, 1, NULL, '2026-02-18 18:10:24', 1, '2026-02-18 18:10:24'),
(2, 2, 'reservation_code', 'field', 'reservation_code', NULL, 'Código de reservación', NULL, 'text', 'none', NULL, 2, 1, 1, NULL, NULL, 1, NULL, '2026-02-18 18:11:41', 1, '2026-02-18 18:36:37'),
(3, 2, 'service_date', 'field', 'service_date', NULL, 'Fecha de pago', NULL, 'text', 'none', NULL, 6, 1, 1, NULL, NULL, 1, NULL, '2026-02-18 18:33:28', 1, '2026-02-18 18:38:08'),
(4, 2, 'check_in_date', 'field', 'check_in_date', NULL, 'Check in', NULL, 'text', 'none', NULL, 3, 1, 1, NULL, NULL, 1, NULL, '2026-02-18 18:36:29', 1, '2026-02-18 18:36:29'),
(5, 2, 'check_out_date', 'field', 'check_out_date', NULL, 'Check Out', NULL, 'text', 'none', NULL, 4, 1, 1, NULL, NULL, 1, NULL, '2026-02-18 18:37:07', 1, '2026-02-18 18:37:21'),
(6, 2, 'nights', 'field', 'nights', NULL, 'Noches', NULL, 'text', 'none', NULL, 5, 1, 1, NULL, NULL, 1, NULL, '2026-02-18 18:37:41', 1, '2026-02-18 18:37:41'),
(7, 2, 'amount_cents', 'field', 'amount_cents', NULL, 'Importe', NULL, 'text', 'none', NULL, 7, 1, 1, NULL, NULL, 1, NULL, '2026-02-18 18:39:50', 1, '2026-02-18 18:39:50'),
(8, 1, 'catalog_64_lodging', 'line_item_catalog', NULL, 64, 'AB&B Provisionales (precio de noches)', 'lodging', 'money', 'sum', NULL, 150, 1, 1, 'eq', 'lodging', 1, NULL, '2026-02-20 08:36:37', 1, '2026-02-20 08:47:20'),
(9, 1, 'catalog_65_lodging', 'line_item_catalog', NULL, 65, 'Cuota de limpieza', 'lodging', 'money', 'sum', NULL, 150, 1, 1, 'eq', 'lodging', 1, NULL, '2026-02-20 08:36:37', 1, '2026-02-20 08:47:20'),
(10, 1, 'catalog_66_lodging', 'line_item_catalog', NULL, 66, 'Total de estancia (noches + limpieza)', 'lodging', 'money', 'sum', NULL, 150, 1, 1, 'eq', 'lodging', 1, NULL, '2026-02-20 08:36:37', 1, '2026-02-20 08:47:20'),
(11, 1, 'catalog_67_lodging', 'line_item_catalog', NULL, 67, 'Gran total por hospedaje hibrido', 'lodging', 'money', 'sum', NULL, 150, 1, 1, 'eq', 'lodging', 1, NULL, '2026-02-20 08:36:37', 1, '2026-02-20 08:47:20'),
(12, 1, 'catalog_68_lodging', 'line_item_catalog', NULL, 68, 'Pago del huesped a OTA en estancia hibrida', 'lodging', 'money', 'sum', NULL, 150, 1, 1, 'eq', 'lodging', 1, NULL, '2026-02-20 08:36:37', 1, '2026-02-20 08:47:20'),
(13, 1, 'catalog_69_lodging', 'line_item_catalog', NULL, 69, 'IVA', 'lodging', 'money', 'sum', NULL, 150, 1, 1, 'eq', 'lodging', 1, NULL, '2026-02-20 08:36:37', 1, '2026-02-20 08:47:20'),
(14, 1, 'catalog_70_lodging', 'line_item_catalog', NULL, 70, 'ISR', 'lodging', 'money', 'sum', NULL, 150, 1, 1, 'eq', 'lodging', 1, NULL, '2026-02-20 08:36:37', 1, '2026-02-20 08:47:20'),
(15, 1, 'catalog_71_lodging', 'line_item_catalog', NULL, 71, 'ISR RESICO', 'lodging', 'money', 'sum', NULL, 150, 1, 1, 'eq', 'lodging', 1, NULL, '2026-02-20 08:36:37', 1, '2026-02-20 08:47:20'),
(16, 1, 'catalog_72_lodging', 'line_item_catalog', NULL, 72, 'ISH Oaxaca', 'lodging', 'money', 'sum', NULL, 150, 1, 1, 'eq', 'lodging', 1, NULL, '2026-02-20 08:36:37', 1, '2026-02-20 08:47:20'),
(17, 1, 'catalog_73_lodging', 'line_item_catalog', NULL, 73, 'ISH Cuernavaca', 'lodging', 'money', 'sum', NULL, 150, 1, 1, 'eq', 'lodging', 1, NULL, '2026-02-20 08:36:37', 1, '2026-02-20 08:47:20'),
(18, 1, 'catalog_74_lodging', 'line_item_catalog', NULL, 74, 'IVA retenido (ABB)', 'lodging', 'money', 'sum', NULL, 150, 1, 1, 'eq', 'lodging', 1, NULL, '2026-02-20 08:36:37', 1, '2026-02-20 08:47:20'),
(19, 1, 'catalog_75_lodging', 'line_item_catalog', NULL, 75, 'Cantidad a pagar a propietario ABB', 'lodging', 'money', 'sum', NULL, 150, 1, 1, 'eq', 'lodging', 1, NULL, '2026-02-20 08:36:37', 1, '2026-02-20 08:47:20'),
(20, 1, 'catalog_76_lodging', 'line_item_catalog', NULL, 76, 'VLV Comisión de renta a propietarios', 'lodging', 'money', 'sum', NULL, 150, 1, 1, 'eq', 'lodging', 1, NULL, '2026-02-20 08:36:37', 1, '2026-02-20 08:47:20'),
(21, 1, 'catalog_77_lodging', 'line_item_catalog', NULL, 77, 'Tarifa por servicio al anfitrion', 'lodging', 'money', 'sum', NULL, 150, 1, 1, 'eq', 'lodging', 1, NULL, '2026-02-20 08:36:37', 1, '2026-02-20 08:47:20'),
(22, 1, 'catalog_78_lodging', 'line_item_catalog', NULL, 78, 'cuenta final en factura de OTA', 'lodging', 'money', 'sum', NULL, 150, 1, 1, 'eq', 'lodging', 1, NULL, '2026-02-20 08:36:37', 1, '2026-02-20 08:47:20'),
(23, 1, 'catalog_79_lodging', 'line_item_catalog', NULL, 79, 'Cuotas e impuestos pagados por huesped a OTA en reservación híbrida', 'lodging', 'money', 'sum', NULL, 150, 1, 1, 'eq', 'lodging', 1, NULL, '2026-02-20 08:36:37', 1, '2026-02-20 08:47:20'),
(24, 1, 'catalog_80_lodging', 'line_item_catalog', NULL, 80, '(calculo) pago de OTA x(-1)', 'lodging', 'money', 'sum', NULL, 150, 1, 1, 'eq', 'lodging', 1, NULL, '2026-02-20 08:36:37', 1, '2026-02-20 08:47:20'),
(25, 1, 'catalog_82_lodging', 'line_item_catalog', NULL, 82, 'precio total (cuenta de OTA + agregados)', 'lodging', 'money', 'sum', NULL, 150, 1, 1, 'eq', 'lodging', 1, NULL, '2026-02-20 08:36:37', 1, '2026-02-20 08:47:20'),
(26, 1, 'catalog_83_lodging', 'line_item_catalog', NULL, 83, 'Vive la Vibe', 'lodging', 'money', 'sum', NULL, 150, 1, 1, 'eq', 'lodging', 1, NULL, '2026-02-20 08:36:37', 1, '2026-02-20 08:47:20'),
(27, 1, 'catalog_84_lodging', 'line_item_catalog', NULL, 84, 'AB&B Definitivos (precio de noches) ', 'lodging', 'money', 'sum', NULL, 150, 1, 1, 'eq', 'lodging', 1, NULL, '2026-02-20 08:36:37', 1, '2026-02-20 08:47:20'),
(28, 1, 'catalog_85_lodging', 'line_item_catalog', NULL, 85, 'Neto final propietario', 'lodging', 'money', 'sum', NULL, 150, 1, 1, 'eq', 'lodging', 1, NULL, '2026-02-20 08:36:37', 1, '2026-02-20 08:47:20'),
(29, 1, 'catalog_86_lodging', 'line_item_catalog', NULL, 86, 'Booking (precio de noches)', 'lodging', 'money', 'sum', NULL, 150, 1, 1, 'eq', 'lodging', 1, NULL, '2026-02-20 08:36:37', 1, '2026-02-20 08:47:20'),
(30, 1, 'catalog_88_lodging', 'line_item_catalog', NULL, 88, 'Cantidad a pagar a propietario BK/EXP', 'lodging', 'money', 'sum', NULL, 150, 1, 1, 'eq', 'lodging', 1, NULL, '2026-02-20 08:36:37', 1, '2026-02-20 08:47:20'),
(31, 1, 'catalog_89_lodging', 'line_item_catalog', NULL, 89, 'Expedia (precio de noches)', 'lodging', 'money', 'sum', NULL, 150, 1, 1, 'eq', 'lodging', 1, NULL, '2026-02-20 08:36:37', 1, '2026-02-20 08:47:20'),
(32, 1, 'catalog_90_lodging', 'line_item_catalog', NULL, 90, 'Vive la Vibe (pago en mostrador)', 'lodging', 'money', 'sum', NULL, 150, 1, 1, 'eq', 'lodging', 1, NULL, '2026-02-20 08:36:37', 1, '2026-02-20 08:47:20'),
(33, 1, 'catalog_91_lodging', 'line_item_catalog', NULL, 91, 'Cantidad a pagar a propietario (pago en mostrador)', 'lodging', 'money', 'sum', NULL, 150, 1, 1, 'eq', 'lodging', 1, NULL, '2026-02-20 08:36:37', 1, '2026-02-20 08:47:20'),
(34, 1, 'catalog_96_lodging', 'line_item_catalog', NULL, 96, '(calculo) TASEAN CERO', 'lodging', 'money', 'sum', NULL, 150, 1, 1, 'eq', 'lodging', 1, NULL, '2026-02-20 08:36:37', 1, '2026-02-20 08:47:20'),
(39, 1, 'catalog_75_extra', 'line_item_catalog', NULL, 75, 'Cantidad a pagar a propietario ABB', 'extra', 'money', 'sum', NULL, 400, 1, 1, 'eq', 'extra', 1, NULL, '2026-02-20 08:36:37', 1, '2026-02-20 08:47:20');

--
-- Dumping data for table `report_config_filter`
--

INSERT INTO `report_config_filter` (`id_report_config_filter`, `id_report_config`, `filter_key`, `operator_key`, `value_text`, `value_from_text`, `value_to_text`, `value_list_text`, `logic_join`, `order_index`, `is_active`, `created_at`, `created_by`, `updated_at`) VALUES
(1, 2, 'service_date', 'between', '', '', '', '', 'AND', 1, 1, '2026-02-18 18:41:49', 1, '2026-02-18 18:41:49');

--
-- Dumping data for table `report_config_item_legacy`
--

INSERT INTO `report_config_item_legacy` (`id_report_config_item`, `id_report_config`, `id_sale_item_catalog`, `role`, `is_active`, `deleted_at`, `created_at`, `created_by`, `updated_at`) VALUES
(1, 1, 24, 'cleaning', 0, '2026-02-14 20:20:32', '2026-02-14 19:11:59', 1, '2026-02-14 20:20:32');

--
-- Dumping data for table `report_field_catalog`
--

INSERT INTO `report_field_catalog` (`id_report_field_catalog`, `report_type`, `field_key`, `field_label`, `field_group`, `data_type`, `supports_filter`, `supports_sort`, `is_default`, `default_order`, `select_expression`, `filter_expression`, `is_active`, `created_at`, `updated_at`) VALUES
(1, 'reservation', 'id_reservation', 'ID reservacion', 'Identificacion', 'number', 1, 1, 0, 1, 'base.id_reservation', 'base.id_reservation', 1, '2026-02-18 17:10:20', '2026-02-18 17:10:20'),
(2, 'reservation', 'reservation_code', 'Codigo reservacion', 'Identificacion', 'text', 1, 1, 1, 2, 'base.reservation_code', 'base.reservation_code', 1, '2026-02-18 17:10:20', '2026-02-18 17:10:20'),
(3, 'reservation', 'reservation_status', 'Estatus reservacion', 'Identificacion', 'text', 1, 1, 1, 3, 'base.reservation_status', 'base.reservation_status', 1, '2026-02-18 17:10:20', '2026-02-18 17:10:20'),
(4, 'reservation', 'source', 'Origen', 'Identificacion', 'text', 1, 1, 1, 4, 'base.source', 'base.source', 1, '2026-02-18 17:10:20', '2026-02-18 17:10:20'),
(5, 'reservation', 'check_in_date', 'Check-in', 'Fechas', 'date', 1, 1, 1, 5, 'base.check_in_date', 'base.check_in_date', 1, '2026-02-18 17:10:20', '2026-02-18 17:10:20'),
(6, 'reservation', 'check_out_date', 'Check-out', 'Fechas', 'date', 1, 1, 1, 6, 'base.check_out_date', 'base.check_out_date', 1, '2026-02-18 17:10:20', '2026-02-18 17:10:20'),
(7, 'reservation', 'nights', 'Noches', 'Fechas', 'number', 1, 1, 1, 7, 'base.nights', 'base.nights', 1, '2026-02-18 17:10:20', '2026-02-18 17:10:20'),
(8, 'reservation', 'adults', 'Adultos', 'Ocupacion', 'number', 1, 1, 0, 8, 'base.adults', 'base.adults', 1, '2026-02-18 17:10:20', '2026-02-18 17:10:20'),
(9, 'reservation', 'children', 'Menores', 'Ocupacion', 'number', 1, 1, 0, 9, 'base.children', 'base.children', 1, '2026-02-18 17:10:20', '2026-02-18 17:10:20'),
(10, 'reservation', 'guest_full_name', 'Huesped', 'Huesped', 'text', 1, 1, 1, 10, 'base.guest_full_name', 'base.guest_full_name', 1, '2026-02-18 17:10:20', '2026-02-18 17:10:20'),
(11, 'reservation', 'guest_email', 'Email huesped', 'Huesped', 'text', 1, 1, 0, 11, 'base.guest_email', 'base.guest_email', 1, '2026-02-18 17:10:20', '2026-02-18 17:10:20'),
(12, 'reservation', 'room_code', 'Habitacion codigo', 'Habitacion', 'text', 1, 1, 0, 12, 'base.room_code', 'base.room_code', 1, '2026-02-18 17:10:20', '2026-02-18 17:10:20'),
(13, 'reservation', 'room_name', 'Habitacion nombre', 'Habitacion', 'text', 1, 1, 0, 13, 'base.room_name', 'base.room_name', 1, '2026-02-18 17:10:20', '2026-02-18 17:10:20'),
(14, 'reservation', 'category_name', 'Categoria habitacion', 'Habitacion', 'text', 1, 1, 0, 14, 'base.category_name', 'base.category_name', 1, '2026-02-18 17:10:20', '2026-02-18 17:10:20'),
(15, 'reservation', 'property_code', 'Propiedad codigo', 'Propiedad', 'text', 1, 1, 1, 15, 'base.property_code', 'base.property_code', 1, '2026-02-18 17:10:20', '2026-02-18 17:10:20'),
(16, 'reservation', 'property_name', 'Propiedad nombre', 'Propiedad', 'text', 1, 1, 1, 16, 'base.property_name', 'base.property_name', 1, '2026-02-18 17:10:20', '2026-02-18 17:10:20'),
(17, 'reservation', 'total_price_cents', 'Tarifa total', 'Totales', 'money', 1, 1, 1, 17, 'base.total_price_cents', 'base.total_price_cents', 1, '2026-02-18 17:10:20', '2026-02-18 17:10:20'),
(18, 'reservation', 'balance_due_cents', 'Balance pendiente', 'Totales', 'money', 1, 1, 1, 18, 'base.balance_due_cents', 'base.balance_due_cents', 1, '2026-02-18 17:10:20', '2026-02-18 17:10:20'),
(19, 'reservation', 'charges_cents', 'Cargos', 'Totales', 'money', 1, 1, 0, 19, 'base.charges_cents', 'base.charges_cents', 1, '2026-02-18 17:10:20', '2026-02-18 17:10:20'),
(20, 'reservation', 'taxes_cents', 'Impuestos', 'Totales', 'money', 1, 1, 0, 20, 'base.taxes_cents', 'base.taxes_cents', 1, '2026-02-18 17:10:20', '2026-02-18 17:10:20'),
(21, 'reservation', 'payments_cents', 'Pagos', 'Totales', 'money', 1, 1, 0, 21, 'base.payments_cents', 'base.payments_cents', 1, '2026-02-18 17:10:20', '2026-02-18 17:10:20'),
(22, 'reservation', 'obligations_cents', 'Obligaciones', 'Totales', 'money', 1, 1, 0, 22, 'base.obligations_cents', 'base.obligations_cents', 1, '2026-02-18 17:10:20', '2026-02-18 17:10:20'),
(23, 'reservation', 'incomes_cents', 'Ingresos', 'Totales', 'money', 1, 1, 0, 23, 'base.incomes_cents', 'base.incomes_cents', 1, '2026-02-18 17:10:20', '2026-02-18 17:10:20'),
(24, 'reservation', 'net_cents', 'Neto', 'Totales', 'money', 1, 1, 1, 24, 'base.net_cents', 'base.net_cents', 1, '2026-02-18 17:10:20', '2026-02-18 17:10:20'),
(25, 'reservation', 'created_at', 'Creado el', 'Auditoria', 'datetime', 1, 1, 0, 25, 'base.created_at', 'base.created_at', 1, '2026-02-18 17:10:20', '2026-02-18 17:10:20'),
(26, 'line_item', 'id_line_item', 'ID line item', 'Identificacion', 'number', 1, 1, 0, 1, 'base.id_line_item', 'base.id_line_item', 1, '2026-02-18 17:10:20', '2026-02-18 17:10:20'),
(27, 'line_item', 'item_type', 'Tipo line item', 'Identificacion', 'text', 1, 1, 1, 2, 'base.item_type', 'base.item_type', 1, '2026-02-18 17:10:20', '2026-02-18 17:10:20'),
(28, 'line_item', 'line_item_status', 'Estatus line item', 'Identificacion', 'text', 1, 1, 1, 3, 'base.line_item_status', 'base.line_item_status', 1, '2026-02-18 17:10:20', '2026-02-18 17:10:20'),
(29, 'line_item', 'service_date', 'Fecha servicio', 'Fechas', 'date', 1, 1, 1, 4, 'base.service_date', 'base.service_date', 1, '2026-02-18 17:10:20', '2026-02-18 17:10:20'),
(30, 'line_item', 'quantity', 'Cantidad', 'Importe', 'number', 1, 1, 0, 5, 'base.quantity', 'base.quantity', 1, '2026-02-18 17:10:20', '2026-02-18 17:10:20'),
(31, 'line_item', 'unit_price_cents', 'Unitario', 'Importe', 'money', 1, 1, 0, 6, 'base.unit_price_cents', 'base.unit_price_cents', 1, '2026-02-18 17:10:20', '2026-02-18 17:10:20'),
(32, 'line_item', 'discount_amount_cents', 'Descuento', 'Importe', 'money', 1, 1, 0, 7, 'base.discount_amount_cents', 'base.discount_amount_cents', 1, '2026-02-18 17:10:20', '2026-02-18 17:10:20'),
(33, 'line_item', 'amount_cents', 'Importe', 'Importe', 'money', 1, 1, 1, 8, 'base.amount_cents', 'base.amount_cents', 1, '2026-02-18 17:10:20', '2026-02-18 17:10:20'),
(34, 'line_item', 'currency', 'Moneda', 'Importe', 'text', 1, 1, 0, 9, 'base.currency', 'base.currency', 1, '2026-02-18 17:10:20', '2026-02-18 17:10:20'),
(35, 'line_item', 'catalog_id', 'ID catalogo', 'Catalogo', 'number', 1, 1, 0, 10, 'base.id_line_item_catalog', 'base.id_line_item_catalog', 1, '2026-02-18 17:10:20', '2026-02-18 17:10:20'),
(36, 'line_item', 'catalog_name', 'Catalogo', 'Catalogo', 'text', 1, 1, 1, 11, 'base.catalog_name', 'base.catalog_name', 1, '2026-02-18 17:10:20', '2026-02-18 17:10:20'),
(37, 'line_item', 'subcategory_name', 'Subcategoria', 'Catalogo', 'text', 1, 1, 0, 12, 'base.subcategory_name', 'base.subcategory_name', 1, '2026-02-18 17:10:20', '2026-02-18 17:10:20'),
(38, 'line_item', 'category_name', 'Categoria', 'Catalogo', 'text', 1, 1, 0, 13, 'base.category_name', 'base.category_name', 1, '2026-02-18 17:10:20', '2026-02-18 17:10:20'),
(39, 'line_item', 'id_folio', 'ID folio', 'Relacion', 'number', 1, 1, 0, 14, 'base.id_folio', 'base.id_folio', 1, '2026-02-18 17:10:20', '2026-02-18 17:10:20'),
(40, 'line_item', 'id_reservation', 'ID reservacion', 'Relacion', 'number', 1, 1, 0, 15, 'base.id_reservation', 'base.id_reservation', 1, '2026-02-18 17:10:20', '2026-02-18 17:10:20'),
(41, 'line_item', 'reservation_code', 'Reservacion', 'Relacion', 'text', 1, 1, 1, 16, 'base.reservation_code', 'base.reservation_code', 1, '2026-02-18 17:10:20', '2026-02-18 17:10:20'),
(42, 'line_item', 'property_code', 'Propiedad codigo', 'Relacion', 'text', 1, 1, 1, 17, 'base.property_code', 'base.property_code', 1, '2026-02-18 17:10:20', '2026-02-18 17:10:20'),
(43, 'line_item', 'property_name', 'Propiedad nombre', 'Relacion', 'text', 1, 1, 1, 18, 'base.property_name', 'base.property_name', 1, '2026-02-18 17:10:20', '2026-02-18 17:10:20'),
(44, 'line_item', 'guest_full_name', 'Huesped', 'Relacion', 'text', 1, 1, 0, 19, 'base.guest_full_name', 'base.guest_full_name', 1, '2026-02-18 17:10:20', '2026-02-18 17:10:20'),
(45, 'line_item', 'created_at', 'Creado el', 'Auditoria', 'datetime', 1, 1, 0, 20, 'base.created_at', 'base.created_at', 1, '2026-02-18 17:10:20', '2026-02-18 17:10:20'),
(46, 'property', 'id_property', 'ID propiedad', 'Identificacion', 'number', 1, 1, 0, 1, 'base.id_property', 'base.id_property', 1, '2026-02-18 17:10:20', '2026-02-18 17:10:20'),
(47, 'property', 'property_code', 'Codigo propiedad', 'Identificacion', 'text', 1, 1, 1, 2, 'base.property_code', 'base.property_code', 1, '2026-02-18 17:10:20', '2026-02-18 17:10:20'),
(48, 'property', 'property_name', 'Nombre propiedad', 'Identificacion', 'text', 1, 1, 1, 3, 'base.property_name', 'base.property_name', 1, '2026-02-18 17:10:20', '2026-02-18 17:10:20'),
(49, 'property', 'reservation_count', 'Reservaciones', 'Reservaciones', 'number', 1, 1, 1, 4, 'base.reservation_count', 'base.reservation_count', 1, '2026-02-18 17:10:20', '2026-02-18 17:10:20'),
(50, 'property', 'reservation_nights', 'Noches reservadas', 'Reservaciones', 'number', 1, 1, 0, 5, 'base.reservation_nights', 'base.reservation_nights', 1, '2026-02-18 17:10:20', '2026-02-18 17:10:20'),
(51, 'property', 'reservation_guests', 'Huespedes', 'Reservaciones', 'number', 1, 1, 0, 6, 'base.reservation_guests', 'base.reservation_guests', 1, '2026-02-18 17:10:20', '2026-02-18 17:10:20'),
(52, 'property', 'total_price_cents', 'Tarifa total', 'Totales', 'money', 1, 1, 1, 7, 'base.total_price_cents', 'base.total_price_cents', 1, '2026-02-18 17:10:20', '2026-02-18 17:10:20'),
(53, 'property', 'balance_due_cents', 'Balance pendiente', 'Totales', 'money', 1, 1, 1, 8, 'base.balance_due_cents', 'base.balance_due_cents', 1, '2026-02-18 17:10:20', '2026-02-18 17:10:20'),
(54, 'property', 'charges_cents', 'Cargos', 'Totales', 'money', 1, 1, 0, 9, 'base.charges_cents', 'base.charges_cents', 1, '2026-02-18 17:10:20', '2026-02-18 17:10:20'),
(55, 'property', 'taxes_cents', 'Impuestos', 'Totales', 'money', 1, 1, 0, 10, 'base.taxes_cents', 'base.taxes_cents', 1, '2026-02-18 17:10:20', '2026-02-18 17:10:20'),
(56, 'property', 'payments_cents', 'Pagos', 'Totales', 'money', 1, 1, 0, 11, 'base.payments_cents', 'base.payments_cents', 1, '2026-02-18 17:10:20', '2026-02-18 17:10:20'),
(57, 'property', 'obligations_cents', 'Obligaciones', 'Totales', 'money', 1, 1, 0, 12, 'base.obligations_cents', 'base.obligations_cents', 1, '2026-02-18 17:10:20', '2026-02-18 17:10:20'),
(58, 'property', 'incomes_cents', 'Ingresos', 'Totales', 'money', 1, 1, 0, 13, 'base.incomes_cents', 'base.incomes_cents', 1, '2026-02-18 17:10:20', '2026-02-18 17:10:20'),
(59, 'property', 'net_cents', 'Neto', 'Totales', 'money', 1, 1, 1, 14, 'base.net_cents', 'base.net_cents', 1, '2026-02-18 17:10:20', '2026-02-18 17:10:20'),
(60, 'reservation', 'id_guest', 'ID huesped', 'Huesped', 'number', 1, 1, 0, 30, 'base.id_guest', 'base.id_guest', 1, '2026-02-18 18:02:07', '2026-02-18 18:30:11'),
(61, 'reservation', 'guest_names', 'Nombres huesped', 'Huesped', 'text', 1, 1, 0, 31, 'base.guest_names', 'base.guest_names', 1, '2026-02-18 18:02:07', '2026-02-18 18:30:11'),
(62, 'reservation', 'guest_last_name', 'Apellido huesped', 'Huesped', 'text', 1, 1, 0, 32, 'base.guest_last_name', 'base.guest_last_name', 1, '2026-02-18 18:02:07', '2026-02-18 18:30:11'),
(63, 'reservation', 'guest_phone', 'Telefono huesped', 'Huesped', 'text', 1, 1, 0, 33, 'base.guest_phone', 'base.guest_phone', 1, '2026-02-18 18:02:07', '2026-02-18 18:30:11'),
(64, 'reservation', 'guest_nationality', 'Nacionalidad huesped', 'Huesped', 'text', 1, 1, 0, 34, 'base.guest_nationality', 'base.guest_nationality', 1, '2026-02-18 18:02:07', '2026-02-18 18:30:11'),
(65, 'reservation', 'guest_country_residence', 'Pais residencia huesped', 'Huesped', 'text', 1, 1, 0, 35, 'base.guest_country_residence', 'base.guest_country_residence', 1, '2026-02-18 18:02:07', '2026-02-18 18:30:11'),
(66, 'reservation', 'guest_language', 'Idioma huesped', 'Huesped', 'text', 1, 1, 0, 36, 'base.guest_language', 'base.guest_language', 1, '2026-02-18 18:02:07', '2026-02-18 18:30:11'),
(67, 'reservation', 'id_rateplan', 'ID rateplan', 'Reservacion', 'number', 1, 1, 0, 37, 'base.id_rateplan', 'base.id_rateplan', 1, '2026-02-18 18:02:07', '2026-02-18 18:30:11'),
(68, 'reservation', 'channel_ref', 'Canal referencia', 'Reservacion', 'text', 1, 1, 0, 38, 'base.channel_ref', 'base.channel_ref', 1, '2026-02-18 18:02:07', '2026-02-18 18:30:11'),
(69, 'reservation', 'eta', 'ETA', 'Reservacion', 'text', 1, 1, 0, 39, 'base.eta', 'base.eta', 1, '2026-02-18 18:02:07', '2026-02-18 18:30:11'),
(70, 'reservation', 'etd', 'ETD', 'Reservacion', 'text', 1, 1, 0, 40, 'base.etd', 'base.etd', 1, '2026-02-18 18:02:07', '2026-02-18 18:30:11'),
(71, 'reservation', 'checkin_at', 'Checkin timestamp', 'Reservacion', 'datetime', 1, 1, 0, 41, 'base.checkin_at', 'base.checkin_at', 1, '2026-02-18 18:02:07', '2026-02-18 18:30:11'),
(72, 'reservation', 'checkout_at', 'Checkout timestamp', 'Reservacion', 'datetime', 1, 1, 0, 42, 'base.checkout_at', 'base.checkout_at', 1, '2026-02-18 18:02:07', '2026-02-18 18:30:11'),
(73, 'reservation', 'infants', 'Infantes', 'Reservacion', 'number', 1, 1, 0, 43, 'base.infants', 'base.infants', 1, '2026-02-18 18:02:07', '2026-02-18 18:30:11'),
(74, 'reservation', 'deposit_due_cents', 'Deposito pendiente', 'Reservacion', 'money', 1, 1, 0, 44, 'base.deposit_due_cents', 'base.deposit_due_cents', 1, '2026-02-18 18:02:07', '2026-02-18 18:30:11'),
(75, 'reservation', 'deposit_due_at', 'Fecha deposito', 'Reservacion', 'datetime', 1, 1, 0, 45, 'base.deposit_due_at', 'base.deposit_due_at', 1, '2026-02-18 18:02:07', '2026-02-18 18:30:11'),
(76, 'reservation', 'hold_until', 'Hold hasta', 'Reservacion', 'datetime', 1, 1, 0, 46, 'base.hold_until', 'base.hold_until', 1, '2026-02-18 18:02:07', '2026-02-18 18:30:11'),
(77, 'reservation', 'cancel_reason', 'Motivo cancelacion', 'Reservacion', 'text', 1, 1, 0, 47, 'base.cancel_reason', 'base.cancel_reason', 1, '2026-02-18 18:02:07', '2026-02-18 18:30:11'),
(78, 'reservation', 'canceled_at', 'Cancelada el', 'Reservacion', 'datetime', 1, 1, 0, 48, 'base.canceled_at', 'base.canceled_at', 1, '2026-02-18 18:02:07', '2026-02-18 18:30:11'),
(79, 'reservation', 'notes_guest', 'Notas huesped', 'Reservacion', 'text', 1, 0, 0, 49, 'base.notes_guest', 'base.notes_guest', 1, '2026-02-18 18:02:07', '2026-02-18 18:30:11'),
(80, 'reservation', 'notes_internal', 'Notas internas', 'Reservacion', 'text', 1, 0, 0, 50, 'base.notes_internal', 'base.notes_internal', 1, '2026-02-18 18:02:07', '2026-02-18 18:30:11'),
(81, 'reservation', 'room_id', 'ID habitacion', 'Hospedaje', 'number', 1, 1, 0, 60, 'base.room_id', 'base.room_id', 1, '2026-02-18 18:02:07', '2026-02-18 18:30:11'),
(82, 'reservation', 'room_floor', 'Piso habitacion', 'Hospedaje', 'text', 1, 1, 0, 61, 'base.room_floor', 'base.room_floor', 1, '2026-02-18 18:02:07', '2026-02-18 18:30:11'),
(83, 'reservation', 'room_building', 'Edificio habitacion', 'Hospedaje', 'text', 1, 1, 0, 62, 'base.room_building', 'base.room_building', 1, '2026-02-18 18:02:07', '2026-02-18 18:30:11'),
(84, 'reservation', 'room_capacity_total', 'Capacidad habitacion', 'Hospedaje', 'number', 1, 1, 0, 63, 'base.room_capacity_total', 'base.room_capacity_total', 1, '2026-02-18 18:02:07', '2026-02-18 18:30:11'),
(85, 'reservation', 'room_max_adults', 'Max adultos habitacion', 'Hospedaje', 'number', 1, 1, 0, 64, 'base.room_max_adults', 'base.room_max_adults', 1, '2026-02-18 18:02:07', '2026-02-18 18:30:11'),
(86, 'reservation', 'room_max_children', 'Max menores habitacion', 'Hospedaje', 'number', 1, 1, 0, 65, 'base.room_max_children', 'base.room_max_children', 1, '2026-02-18 18:02:07', '2026-02-18 18:30:11'),
(87, 'reservation', 'category_id', 'ID categoria habitacion', 'Hospedaje', 'number', 1, 1, 0, 66, 'base.category_id', 'base.category_id', 1, '2026-02-18 18:02:07', '2026-02-18 18:30:11'),
(88, 'reservation', 'category_code', 'Codigo categoria habitacion', 'Hospedaje', 'text', 1, 1, 0, 67, 'base.category_code', 'base.category_code', 1, '2026-02-18 18:02:07', '2026-02-18 18:30:11'),
(89, 'reservation', 'category_max_occupancy', 'Max ocupacion categoria', 'Hospedaje', 'number', 1, 1, 0, 68, 'base.category_max_occupancy', 'base.category_max_occupancy', 1, '2026-02-18 18:02:07', '2026-02-18 18:30:11'),
(90, 'reservation', 'property_city', 'Ciudad propiedad', 'Hospedaje', 'text', 1, 1, 0, 69, 'base.property_city', 'base.property_city', 1, '2026-02-18 18:02:07', '2026-02-18 18:30:11'),
(91, 'reservation', 'property_state', 'Estado propiedad', 'Hospedaje', 'text', 1, 1, 0, 70, 'base.property_state', 'base.property_state', 1, '2026-02-18 18:02:07', '2026-02-18 18:30:11'),
(92, 'reservation', 'property_country', 'Pais propiedad', 'Hospedaje', 'text', 1, 1, 0, 71, 'base.property_country', 'base.property_country', 1, '2026-02-18 18:02:07', '2026-02-18 18:30:11'),
(93, 'reservation', 'property_timezone', 'Timezone propiedad', 'Hospedaje', 'text', 1, 1, 0, 72, 'base.property_timezone', 'base.property_timezone', 1, '2026-02-18 18:02:07', '2026-02-18 18:30:11'),
(94, 'reservation', 'property_currency', 'Moneda propiedad', 'Hospedaje', 'text', 1, 1, 0, 73, 'base.property_currency', 'base.property_currency', 1, '2026-02-18 18:02:07', '2026-02-18 18:30:11'),
(95, 'line_item', 'line_item_reference', 'Referencia line item', 'Line item', 'text', 1, 1, 0, 30, 'base.line_item_reference', 'base.line_item_reference', 1, '2026-02-18 18:02:07', '2026-02-18 18:30:11'),
(96, 'line_item', 'line_item_external_ref', 'Referencia externa line item', 'Line item', 'text', 1, 1, 0, 31, 'base.line_item_external_ref', 'base.line_item_external_ref', 1, '2026-02-18 18:02:07', '2026-02-18 18:30:11'),
(97, 'line_item', 'line_item_method', 'Metodo line item', 'Line item', 'text', 1, 1, 0, 32, 'base.line_item_method', 'base.line_item_method', 1, '2026-02-18 18:02:07', '2026-02-18 18:30:11'),
(98, 'line_item', 'line_item_notes', 'Notas line item', 'Line item', 'text', 1, 0, 0, 33, 'base.line_item_notes', 'base.line_item_notes', 1, '2026-02-18 18:02:07', '2026-02-18 18:30:11'),
(99, 'line_item', 'reservation_status', 'Estatus reservacion', 'Reservacion', 'text', 1, 1, 0, 34, 'base.reservation_status', 'base.reservation_status', 1, '2026-02-18 18:02:07', '2026-02-18 18:30:11'),
(100, 'line_item', 'reservation_source', 'Origen reservacion', 'Reservacion', 'text', 1, 1, 0, 35, 'base.reservation_source', 'base.reservation_source', 1, '2026-02-18 18:02:07', '2026-02-18 18:30:11'),
(101, 'line_item', 'check_in_date', 'Check-in', 'Reservacion', 'date', 1, 1, 0, 36, 'base.check_in_date', 'base.check_in_date', 1, '2026-02-18 18:02:07', '2026-02-18 18:30:11'),
(102, 'line_item', 'check_out_date', 'Check-out', 'Reservacion', 'date', 1, 1, 0, 37, 'base.check_out_date', 'base.check_out_date', 1, '2026-02-18 18:02:07', '2026-02-18 18:30:11'),
(103, 'line_item', 'nights', 'Noches', 'Reservacion', 'number', 1, 1, 0, 38, 'base.nights', 'base.nights', 1, '2026-02-18 18:02:07', '2026-02-18 18:30:11'),
(104, 'line_item', 'adults', 'Adultos', 'Reservacion', 'number', 1, 1, 0, 39, 'base.adults', 'base.adults', 1, '2026-02-18 18:02:07', '2026-02-18 18:30:11'),
(105, 'line_item', 'children', 'Menores', 'Reservacion', 'number', 1, 1, 0, 40, 'base.children', 'base.children', 1, '2026-02-18 18:02:07', '2026-02-18 18:30:11'),
(106, 'line_item', 'infants', 'Infantes', 'Reservacion', 'number', 1, 1, 0, 41, 'base.infants', 'base.infants', 1, '2026-02-18 18:02:07', '2026-02-18 18:30:11'),
(107, 'line_item', 'id_guest', 'ID huesped', 'Huesped', 'number', 1, 1, 0, 42, 'base.id_guest', 'base.id_guest', 1, '2026-02-18 18:02:07', '2026-02-18 18:30:11'),
(108, 'line_item', 'guest_names', 'Nombres huesped', 'Huesped', 'text', 1, 1, 0, 43, 'base.guest_names', 'base.guest_names', 1, '2026-02-18 18:02:07', '2026-02-18 18:30:11'),
(109, 'line_item', 'guest_last_name', 'Apellido huesped', 'Huesped', 'text', 1, 1, 0, 44, 'base.guest_last_name', 'base.guest_last_name', 1, '2026-02-18 18:02:07', '2026-02-18 18:30:11'),
(110, 'line_item', 'guest_email', 'Email huesped', 'Huesped', 'text', 1, 1, 0, 45, 'base.guest_email', 'base.guest_email', 1, '2026-02-18 18:02:07', '2026-02-18 18:30:11'),
(111, 'line_item', 'guest_phone', 'Telefono huesped', 'Huesped', 'text', 1, 1, 0, 46, 'base.guest_phone', 'base.guest_phone', 1, '2026-02-18 18:02:07', '2026-02-18 18:30:11'),
(112, 'line_item', 'guest_nationality', 'Nacionalidad huesped', 'Huesped', 'text', 1, 1, 0, 47, 'base.guest_nationality', 'base.guest_nationality', 1, '2026-02-18 18:02:07', '2026-02-18 18:30:11'),
(113, 'line_item', 'guest_country_residence', 'Pais residencia huesped', 'Huesped', 'text', 1, 1, 0, 48, 'base.guest_country_residence', 'base.guest_country_residence', 1, '2026-02-18 18:02:07', '2026-02-18 18:30:11'),
(114, 'line_item', 'guest_language', 'Idioma huesped', 'Huesped', 'text', 1, 1, 0, 49, 'base.guest_language', 'base.guest_language', 1, '2026-02-18 18:02:07', '2026-02-18 18:30:11'),
(115, 'line_item', 'id_room', 'ID habitacion', 'Hospedaje', 'number', 1, 1, 0, 50, 'base.id_room', 'base.id_room', 1, '2026-02-18 18:02:07', '2026-02-18 18:30:11'),
(116, 'line_item', 'room_code', 'Codigo habitacion', 'Hospedaje', 'text', 1, 1, 0, 51, 'base.room_code', 'base.room_code', 1, '2026-02-18 18:02:07', '2026-02-18 18:30:11'),
(117, 'line_item', 'room_name', 'Nombre habitacion', 'Hospedaje', 'text', 1, 1, 0, 52, 'base.room_name', 'base.room_name', 1, '2026-02-18 18:02:07', '2026-02-18 18:30:11'),
(118, 'line_item', 'room_floor', 'Piso habitacion', 'Hospedaje', 'text', 1, 1, 0, 53, 'base.room_floor', 'base.room_floor', 1, '2026-02-18 18:02:07', '2026-02-18 18:30:11'),
(119, 'line_item', 'room_building', 'Edificio habitacion', 'Hospedaje', 'text', 1, 1, 0, 54, 'base.room_building', 'base.room_building', 1, '2026-02-18 18:02:07', '2026-02-18 18:30:11'),
(120, 'line_item', 'room_capacity_total', 'Capacidad habitacion', 'Hospedaje', 'number', 1, 1, 0, 55, 'base.room_capacity_total', 'base.room_capacity_total', 1, '2026-02-18 18:02:07', '2026-02-18 18:30:11'),
(121, 'line_item', 'room_max_adults', 'Max adultos habitacion', 'Hospedaje', 'number', 1, 1, 0, 56, 'base.room_max_adults', 'base.room_max_adults', 1, '2026-02-18 18:02:07', '2026-02-18 18:30:11'),
(122, 'line_item', 'room_max_children', 'Max menores habitacion', 'Hospedaje', 'number', 1, 1, 0, 57, 'base.room_max_children', 'base.room_max_children', 1, '2026-02-18 18:02:07', '2026-02-18 18:30:11'),
(123, 'line_item', 'id_category', 'ID categoria', 'Hospedaje', 'number', 1, 1, 0, 58, 'base.id_category', 'base.id_category', 1, '2026-02-18 18:02:07', '2026-02-18 18:30:11'),
(124, 'line_item', 'category_code', 'Codigo categoria', 'Hospedaje', 'text', 1, 1, 0, 59, 'base.category_code', 'base.category_code', 1, '2026-02-18 18:02:07', '2026-02-18 18:30:11'),
(125, 'line_item', 'category_name_room', 'Categoria habitacion', 'Hospedaje', 'text', 1, 1, 0, 60, 'base.category_name_room', 'base.category_name_room', 1, '2026-02-18 18:02:07', '2026-02-18 18:30:11'),
(126, 'line_item', 'category_max_occupancy', 'Max ocupacion categoria', 'Hospedaje', 'number', 1, 1, 0, 61, 'base.category_max_occupancy', 'base.category_max_occupancy', 1, '2026-02-18 18:02:07', '2026-02-18 18:30:11'),
(127, 'line_item', 'property_city', 'Ciudad propiedad', 'Hospedaje', 'text', 1, 1, 0, 62, 'base.property_city', 'base.property_city', 1, '2026-02-18 18:02:07', '2026-02-18 18:30:11'),
(128, 'line_item', 'property_state', 'Estado propiedad', 'Hospedaje', 'text', 1, 1, 0, 63, 'base.property_state', 'base.property_state', 1, '2026-02-18 18:02:07', '2026-02-18 18:30:11'),
(129, 'line_item', 'property_country', 'Pais propiedad', 'Hospedaje', 'text', 1, 1, 0, 64, 'base.property_country', 'base.property_country', 1, '2026-02-18 18:02:07', '2026-02-18 18:30:11'),
(130, 'line_item', 'property_timezone', 'Timezone propiedad', 'Hospedaje', 'text', 1, 1, 0, 65, 'base.property_timezone', 'base.property_timezone', 1, '2026-02-18 18:02:07', '2026-02-18 18:30:11'),
(131, 'line_item', 'property_currency', 'Moneda propiedad', 'Hospedaje', 'text', 1, 1, 0, 66, 'base.property_currency', 'base.property_currency', 1, '2026-02-18 18:02:07', '2026-02-18 18:30:11'),
(132, 'property', 'property_city', 'Ciudad propiedad', 'Hospedaje', 'text', 1, 1, 0, 20, 'base.property_city', 'base.property_city', 1, '2026-02-18 18:02:07', '2026-02-18 18:30:11'),
(133, 'property', 'property_state', 'Estado propiedad', 'Hospedaje', 'text', 1, 1, 0, 21, 'base.property_state', 'base.property_state', 1, '2026-02-18 18:02:07', '2026-02-18 18:30:11'),
(134, 'property', 'property_country', 'Pais propiedad', 'Hospedaje', 'text', 1, 1, 0, 22, 'base.property_country', 'base.property_country', 1, '2026-02-18 18:02:07', '2026-02-18 18:30:11'),
(135, 'property', 'property_timezone', 'Timezone propiedad', 'Hospedaje', 'text', 1, 1, 0, 23, 'base.property_timezone', 'base.property_timezone', 1, '2026-02-18 18:02:07', '2026-02-18 18:30:11'),
(136, 'property', 'property_currency', 'Moneda propiedad', 'Hospedaje', 'text', 1, 1, 0, 24, 'base.property_currency', 'base.property_currency', 1, '2026-02-18 18:02:07', '2026-02-18 18:30:11'),
(137, 'line_item', 'paid_cents', 'Paid cents', 'Importe', 'money', 1, 1, 0, 34, 'base.paid_cents', 'base.paid_cents', 1, '2026-02-18 18:30:11', '2026-02-18 18:30:11');

--
-- Dumping data for table `reservation`
--

INSERT INTO `reservation` (`id_reservation`, `id_user`, `id_guest`, `id_room`, `id_property`, `id_category`, `id_rateplan`, `code`, `status`, `source`, `id_ota_account`, `id_reservation_source`, `channel_ref`, `check_in_date`, `check_out_date`, `eta`, `etd`, `checkin_at`, `checkout_at`, `adults`, `children`, `infants`, `currency`, `total_price_cents`, `balance_due_cents`, `deposit_due_cents`, `deposit_due_at`, `rate_snapshot_json`, `price_breakdown_json`, `cancel_reason`, `canceled_at`, `hold_until`, `notes_guest`, `notes_internal`, `is_active`, `deleted_at`, `created_at`, `created_by`, `updated_at`) VALUES
(1, 1, 1, 187, 1, 44, NULL, 'IMP-260227-000001-81A6', 'apartado', 'Expedia', 12, NULL, NULL, '2026-01-01', '2026-01-03', NULL, NULL, NULL, NULL, 1, 0, 0, 'MXN', 0, 0, 0, NULL, NULL, NULL, NULL, NULL, NULL, NULL, '$4000', 1, NULL, '2026-02-27 15:53:49', 1, '2026-02-27 16:09:19'),
(2, 1, 2, 187, 1, 44, NULL, 'IMP-260227-000002-81A6', 'apartado', 'Booking', 8, NULL, NULL, '2026-01-03', '2026-01-04', NULL, NULL, NULL, NULL, 1, 0, 0, 'MXN', 0, 0, 0, NULL, NULL, NULL, NULL, NULL, NULL, NULL, '$700', 1, NULL, '2026-02-27 15:53:49', 1, '2026-02-27 16:09:19'),
(3, 1, 3, 187, 1, 44, NULL, 'IMP-260227-000003-81A6', 'apartado', 'Booking', 8, NULL, NULL, '2026-01-04', '2026-01-07', NULL, NULL, NULL, NULL, 1, 0, 0, 'MXN', 0, 0, 0, NULL, NULL, NULL, NULL, NULL, NULL, NULL, '$2600', 1, NULL, '2026-02-27 15:53:49', 1, '2026-02-27 16:09:19'),
(4, 1, 4, 187, 1, 44, NULL, 'IMP-260227-000004-81A6', 'apartado', 'Booking', 8, NULL, NULL, '2026-01-07', '2026-01-08', NULL, NULL, NULL, NULL, 1, 0, 0, 'MXN', 0, 0, 0, NULL, NULL, NULL, NULL, NULL, NULL, NULL, '$700', 1, NULL, '2026-02-27 15:53:49', 1, '2026-02-27 16:09:19'),
(5, 1, 5, 187, 1, 44, NULL, 'IMP-260227-000005-81A6', 'apartado', 'AirB&B', 9, NULL, NULL, '2026-01-08', '2026-01-12', NULL, NULL, NULL, NULL, 1, 0, 0, 'MXN', 0, 0, 0, NULL, NULL, NULL, NULL, NULL, NULL, NULL, '$3200', 1, NULL, '2026-02-27 15:53:49', 1, '2026-02-27 16:09:19'),
(6, 1, 6, 187, 1, 44, NULL, 'IMP-260227-000006-81A6', 'apartado', 'Booking', 8, NULL, NULL, '2026-01-13', '2026-01-16', NULL, NULL, NULL, NULL, 1, 0, 0, 'MXN', 0, 0, 0, NULL, NULL, NULL, NULL, NULL, NULL, NULL, '$2400', 1, NULL, '2026-02-27 15:53:49', 1, '2026-02-27 16:09:19'),
(7, 1, 7, 187, 1, 44, NULL, 'IMP-260227-000007-81A6', 'apartado', 'Expedia', 12, NULL, NULL, '2026-01-16', '2026-01-17', NULL, NULL, NULL, NULL, 1, 0, 0, 'MXN', 0, 0, 0, NULL, NULL, NULL, NULL, NULL, NULL, NULL, '$800', 1, NULL, '2026-02-27 15:53:49', 1, '2026-02-27 16:09:19'),
(8, 1, 8, 187, 1, 44, NULL, 'IMP-260227-000008-81A7', 'apartado', 'Mapas', NULL, 27, NULL, '2026-01-17', '2026-01-23', NULL, NULL, NULL, NULL, 1, 0, 0, 'MXN', 0, 0, 0, NULL, NULL, NULL, NULL, NULL, NULL, NULL, '$4800', 1, NULL, '2026-02-27 15:53:49', 1, '2026-02-27 16:09:19'),
(9, 1, 9, 187, 1, 44, NULL, 'IMP-260227-000009-81A7', 'apartado', 'Mapas', NULL, 27, NULL, '2026-01-23', '2026-01-25', NULL, NULL, NULL, NULL, 1, 0, 0, 'MXN', 0, 0, 0, NULL, NULL, NULL, NULL, NULL, NULL, NULL, '$1600', 1, NULL, '2026-02-27 15:53:49', 1, '2026-02-27 16:09:19'),
(10, 1, 10, 187, 1, 44, NULL, 'IMP-260227-000010-81A7', 'apartado', 'Booking', 8, NULL, NULL, '2026-01-25', '2026-01-26', NULL, NULL, NULL, NULL, 1, 0, 0, 'MXN', 0, 0, 0, NULL, NULL, NULL, NULL, NULL, NULL, NULL, '$700', 1, NULL, '2026-02-27 15:53:49', 1, '2026-02-27 16:09:19'),
(11, 1, 11, 187, 1, 44, NULL, 'IMP-260227-000011-81A7', 'apartado', 'Booking', 8, NULL, NULL, '2026-01-26', '2026-01-31', NULL, NULL, NULL, NULL, 1, 0, 0, 'MXN', 0, 0, 0, NULL, NULL, NULL, NULL, NULL, NULL, NULL, '$3150', 1, NULL, '2026-02-27 15:53:49', 1, '2026-02-27 16:09:19'),
(12, 1, 12, 187, 1, 44, NULL, 'IMP-260227-000012-81A7', 'apartado', 'Booking', 8, NULL, NULL, '2026-01-31', '2026-02-01', NULL, NULL, NULL, NULL, 1, 0, 0, 'MXN', 0, 0, 0, NULL, NULL, NULL, NULL, NULL, NULL, NULL, '$750', 1, NULL, '2026-02-27 15:53:49', 1, '2026-02-27 16:09:19'),
(13, 1, 13, 186, 1, 44, NULL, 'IMP-260227-000013-81A7', 'apartado', 'Expedia', 12, NULL, NULL, '2026-01-01', '2026-01-05', NULL, NULL, NULL, NULL, 1, 0, 0, 'MXN', 0, 0, 0, NULL, NULL, NULL, NULL, NULL, NULL, NULL, '$6500', 1, NULL, '2026-02-27 15:53:49', 1, '2026-02-27 16:09:19'),
(14, 1, 14, 186, 1, 44, NULL, 'IMP-260227-000014-81A7', 'apartado', 'Booking', 8, NULL, NULL, '2026-01-05', '2026-01-08', NULL, NULL, NULL, NULL, 1, 0, 0, 'MXN', 0, 0, 0, NULL, NULL, NULL, NULL, NULL, NULL, NULL, '$2200', 1, NULL, '2026-02-27 15:53:49', 1, '2026-02-27 16:09:19'),
(15, 1, 15, 186, 1, 44, NULL, 'IMP-260227-000015-81A7', 'apartado', 'Booking', 8, NULL, NULL, '2026-01-08', '2026-01-09', NULL, NULL, NULL, NULL, 1, 0, 0, 'MXN', 0, 0, 0, NULL, NULL, NULL, NULL, NULL, NULL, NULL, '$700', 1, NULL, '2026-02-27 15:53:49', 1, '2026-02-27 16:09:19'),
(16, 1, 16, 186, 1, 44, NULL, 'IMP-260227-000016-81A7', 'apartado', 'Expedia', 12, NULL, NULL, '2026-01-09', '2026-01-11', NULL, NULL, NULL, NULL, 1, 0, 0, 'MXN', 0, 0, 0, NULL, NULL, NULL, NULL, NULL, NULL, NULL, '$1530', 1, NULL, '2026-02-27 15:53:49', 1, '2026-02-27 16:09:19'),
(17, 1, 17, 186, 1, 44, NULL, 'IMP-260227-000017-81A8', 'apartado', 'AirB&B', 9, NULL, NULL, '2026-01-11', '2026-01-12', NULL, NULL, NULL, NULL, 1, 0, 0, 'MXN', 0, 0, 0, NULL, NULL, NULL, NULL, NULL, NULL, NULL, '$800', 1, NULL, '2026-02-27 15:53:49', 1, '2026-02-27 16:09:19'),
(18, 1, 18, 186, 1, 44, NULL, 'IMP-260227-000018-81A8', 'apartado', 'Booking', 8, NULL, NULL, '2026-01-12', '2026-01-19', NULL, NULL, NULL, NULL, 1, 0, 0, 'MXN', 0, 0, 0, NULL, NULL, NULL, NULL, NULL, NULL, NULL, '$7500', 1, NULL, '2026-02-27 15:53:49', 1, '2026-02-27 16:09:19'),
(19, 1, 19, 186, 1, 44, NULL, 'IMP-260227-000019-81A8', 'apartado', 'Mapas', NULL, 27, NULL, '2026-01-21', '2026-01-22', NULL, NULL, NULL, NULL, 1, 0, 0, 'MXN', 0, 0, 0, NULL, NULL, NULL, NULL, NULL, NULL, NULL, '$1400', 1, NULL, '2026-02-27 15:53:49', 1, '2026-02-27 16:09:19'),
(20, 1, 20, 186, 1, 44, NULL, 'IMP-260227-000020-81A8', 'apartado', 'Booking', 8, NULL, NULL, '2026-01-22', '2026-01-25', NULL, NULL, NULL, NULL, 1, 0, 0, 'MXN', 0, 0, 0, NULL, NULL, NULL, NULL, NULL, NULL, NULL, '$2500', 1, NULL, '2026-02-27 15:53:49', 1, '2026-02-27 16:09:19'),
(21, 1, 21, 186, 1, 44, NULL, 'IMP-260227-000021-81A8', 'apartado', 'Booking', 8, NULL, NULL, '2026-01-25', '2026-01-28', NULL, NULL, NULL, NULL, 1, 0, 0, 'MXN', 0, 0, 0, NULL, NULL, NULL, NULL, NULL, NULL, NULL, '$2500', 1, NULL, '2026-02-27 15:53:49', 1, '2026-02-27 16:09:19'),
(22, 1, 22, 186, 1, 44, NULL, 'IMP-260227-000022-81A8', 'apartado', 'Booking', 8, NULL, NULL, '2026-01-28', '2026-01-30', NULL, NULL, NULL, NULL, 1, 0, 0, 'MXN', 0, 0, 0, NULL, NULL, NULL, NULL, NULL, NULL, NULL, '$1400', 1, NULL, '2026-02-27 15:53:49', 1, '2026-02-27 16:09:19'),
(23, 1, 23, 186, 1, 44, NULL, 'IMP-260227-000023-81A8', 'apartado', 'Expedia', 12, NULL, NULL, '2026-01-30', '2026-02-01', NULL, NULL, NULL, NULL, 1, 0, 0, 'MXN', 0, 0, 0, NULL, NULL, NULL, NULL, NULL, NULL, NULL, '$5785', 1, NULL, '2026-02-27 15:53:49', 1, '2026-02-27 16:09:19'),
(24, 1, 24, 188, 1, 53, NULL, 'IMP-260227-000024-81A8', 'apartado', 'Expedia', 12, NULL, NULL, '2026-01-01', '2026-01-02', NULL, NULL, NULL, NULL, 1, 0, 0, 'MXN', 0, 0, 0, NULL, NULL, NULL, NULL, NULL, NULL, NULL, NULL, 1, NULL, '2026-02-27 15:53:49', 1, '2026-02-27 16:17:45'),
(25, 1, 25, 188, 1, 53, NULL, 'IMP-260227-000025-81A9', 'apartado', 'AirB&B', 9, NULL, NULL, '2026-01-02', '2026-01-07', NULL, NULL, NULL, NULL, 1, 0, 0, 'MXN', 0, 0, 0, NULL, NULL, NULL, NULL, NULL, NULL, NULL, '$5900', 1, NULL, '2026-02-27 15:53:49', 1, '2026-02-27 16:09:19'),
(26, 1, 26, 188, 1, 53, NULL, 'IMP-260227-000026-81A9', 'apartado', 'AirB&B', 9, NULL, NULL, '2026-01-09', '2026-01-15', NULL, NULL, NULL, NULL, 1, 0, 0, 'MXN', 0, 0, 0, NULL, NULL, NULL, NULL, NULL, NULL, NULL, '$4207', 1, NULL, '2026-02-27 15:53:49', 1, '2026-02-27 16:09:19'),
(27, 1, 27, 188, 1, 53, NULL, 'IMP-260227-000027-81A9', 'apartado', 'Booking', 8, NULL, NULL, '2026-01-15', '2026-01-16', NULL, NULL, NULL, NULL, 1, 0, 0, 'MXN', 0, 0, 0, NULL, NULL, NULL, NULL, NULL, NULL, NULL, '$700', 1, NULL, '2026-02-27 15:53:49', 1, '2026-02-27 16:09:19'),
(28, 1, 28, 188, 1, 53, NULL, 'IMP-260227-000028-81A9', 'apartado', 'Booking', 8, NULL, NULL, '2026-01-16', '2026-01-17', NULL, NULL, NULL, NULL, 1, 0, 0, 'MXN', 0, 0, 0, NULL, NULL, NULL, NULL, NULL, NULL, NULL, '$1600', 1, NULL, '2026-02-27 15:53:49', 1, '2026-02-27 16:09:19'),
(29, 1, 29, 188, 1, 53, NULL, 'IMP-260227-000029-81A9', 'apartado', 'Booking', 8, NULL, NULL, '2026-01-17', '2026-01-18', NULL, NULL, NULL, NULL, 1, 0, 0, 'MXN', 0, 0, 0, NULL, NULL, NULL, NULL, NULL, NULL, NULL, '$800', 1, NULL, '2026-02-27 15:53:49', 1, '2026-02-27 16:09:19'),
(30, 1, 30, 188, 1, 53, NULL, 'IMP-260227-000030-81A9', 'apartado', 'Mapas', NULL, 27, NULL, '2026-01-19', '2026-01-20', NULL, NULL, NULL, NULL, 1, 0, 0, 'MXN', 0, 0, 0, NULL, NULL, NULL, NULL, NULL, NULL, NULL, '$700', 1, NULL, '2026-02-27 15:53:49', 1, '2026-02-27 16:09:19'),
(31, 1, 31, 188, 1, 53, NULL, 'IMP-260227-000031-81A9', 'apartado', 'Booking', 8, NULL, NULL, '2026-01-20', '2026-01-21', NULL, NULL, NULL, NULL, 1, 0, 0, 'MXN', 0, 0, 0, NULL, NULL, NULL, NULL, NULL, NULL, NULL, '$700', 1, NULL, '2026-02-27 15:53:49', 1, '2026-02-27 16:09:19'),
(32, 1, 32, 188, 1, 53, NULL, 'IMP-260227-000032-81AA', 'apartado', 'Mapas', NULL, 27, NULL, '2026-01-22', '2026-01-24', NULL, NULL, NULL, NULL, 1, 0, 0, 'MXN', 0, 0, 0, NULL, NULL, NULL, NULL, NULL, NULL, NULL, '$1400', 1, NULL, '2026-02-27 15:53:49', 1, '2026-02-27 16:09:19'),
(33, 1, 33, 188, 1, 53, NULL, 'IMP-260227-000033-81AA', 'apartado', 'Booking', 8, NULL, NULL, '2026-01-27', '2026-01-31', NULL, NULL, NULL, NULL, 1, 0, 0, 'MXN', 0, 0, 0, NULL, NULL, NULL, NULL, NULL, NULL, NULL, '$3100', 1, NULL, '2026-02-27 15:53:49', 1, '2026-02-27 16:09:19'),
(34, 1, 34, 188, 1, 53, NULL, 'IMP-260227-000034-81AA', 'apartado', 'Booking', 8, NULL, NULL, '2026-01-31', '2026-02-01', NULL, NULL, NULL, NULL, 1, 0, 0, 'MXN', 0, 0, 0, NULL, NULL, NULL, NULL, NULL, NULL, NULL, '$2000', 1, NULL, '2026-02-27 15:53:49', 1, '2026-02-27 16:09:19'),
(35, 1, 35, 189, 1, 51, NULL, 'IMP-260227-000035-81AA', 'apartado', 'Booking', 8, NULL, NULL, '2026-01-01', '2026-01-04', NULL, NULL, NULL, NULL, 1, 0, 0, 'MXN', 0, 0, 0, NULL, NULL, NULL, NULL, NULL, NULL, NULL, NULL, 1, NULL, '2026-02-27 15:53:49', 1, '2026-02-27 16:17:45'),
(36, 1, 36, 189, 1, 51, NULL, 'IMP-260227-000036-81AA', 'apartado', 'Booking', 8, NULL, NULL, '2026-01-04', '2026-01-09', NULL, NULL, NULL, NULL, 1, 0, 0, 'MXN', 0, 0, 0, NULL, NULL, NULL, NULL, NULL, NULL, NULL, '$3737', 1, NULL, '2026-02-27 15:53:49', 1, '2026-02-27 16:09:19'),
(37, 1, 37, 189, 1, 51, NULL, 'IMP-260227-000037-81AA', 'apartado', 'Booking', 8, NULL, NULL, '2026-01-09', '2026-01-12', NULL, NULL, NULL, NULL, 1, 0, 0, 'MXN', 0, 0, 0, NULL, NULL, NULL, NULL, NULL, NULL, NULL, '$2100', 1, NULL, '2026-02-27 15:53:49', 1, '2026-02-27 16:09:19'),
(38, 1, 38, 189, 1, 51, NULL, 'IMP-260227-000038-81AA', 'apartado', 'Mapas', NULL, 27, NULL, '2026-01-12', '2026-01-13', NULL, NULL, NULL, NULL, 1, 0, 0, 'MXN', 0, 0, 0, NULL, NULL, NULL, NULL, NULL, NULL, NULL, NULL, 1, NULL, '2026-02-27 15:53:49', 1, '2026-02-27 16:17:45'),
(39, 1, 39, 189, 1, 51, NULL, 'IMP-260227-000039-81AA', 'apartado', 'Mapas', NULL, 27, NULL, '2026-01-14', '2026-01-16', NULL, NULL, NULL, NULL, 1, 0, 0, 'MXN', 0, 0, 0, NULL, NULL, NULL, NULL, NULL, NULL, NULL, '$1200', 1, NULL, '2026-02-27 15:53:49', 1, '2026-02-27 16:09:19'),
(40, 1, 40, 189, 1, 51, NULL, 'IMP-260227-000040-81AB', 'apartado', 'Mapas', NULL, 27, NULL, '2026-01-16', '2026-01-17', NULL, NULL, NULL, NULL, 1, 0, 0, 'MXN', 0, 0, 0, NULL, NULL, NULL, NULL, NULL, NULL, NULL, '$700', 1, NULL, '2026-02-27 15:53:49', 1, '2026-02-27 16:09:19'),
(41, 1, 41, 189, 1, 51, NULL, 'IMP-260227-000041-81AB', 'apartado', 'Mapas', NULL, 27, NULL, '2026-01-17', '2026-01-19', NULL, NULL, NULL, NULL, 1, 0, 0, 'MXN', 0, 0, 0, NULL, NULL, NULL, NULL, NULL, NULL, NULL, '$1400', 1, NULL, '2026-02-27 15:53:49', 1, '2026-02-27 16:09:19'),
(42, 1, 42, 189, 1, 51, NULL, 'IMP-260227-000042-81AB', 'apartado', 'Mapas', NULL, 27, NULL, '2026-01-19', '2026-01-22', NULL, NULL, NULL, NULL, 1, 0, 0, 'MXN', 0, 0, 0, NULL, NULL, NULL, NULL, NULL, NULL, NULL, '$6600', 1, NULL, '2026-02-27 15:53:49', 1, '2026-02-27 16:09:19'),
(43, 1, 43, 189, 1, 51, NULL, 'IMP-260227-000043-81AB', 'apartado', 'Booking', 8, NULL, NULL, '2026-01-22', '2026-01-24', NULL, NULL, NULL, NULL, 1, 0, 0, 'MXN', 0, 0, 0, NULL, NULL, NULL, NULL, NULL, NULL, NULL, '$1500', 1, NULL, '2026-02-27 15:53:49', 1, '2026-02-27 16:09:19'),
(44, 1, 44, 189, 1, 51, NULL, 'IMP-260227-000044-81AB', 'apartado', 'Booking', 8, NULL, NULL, '2026-01-24', '2026-01-27', NULL, NULL, NULL, NULL, 1, 0, 0, 'MXN', 0, 0, 0, NULL, NULL, NULL, NULL, NULL, NULL, NULL, '$2300', 1, NULL, '2026-02-27 15:53:49', 1, '2026-02-27 16:09:19'),
(45, 1, 45, 189, 1, 51, NULL, 'IMP-260227-000045-81AB', 'apartado', 'Booking', 8, NULL, NULL, '2026-01-27', '2026-01-28', NULL, NULL, NULL, NULL, 1, 0, 0, 'MXN', 0, 0, 0, NULL, NULL, NULL, NULL, NULL, NULL, NULL, NULL, 1, NULL, '2026-02-27 15:53:49', 1, '2026-02-27 16:17:45'),
(46, 1, 46, 189, 1, 51, NULL, 'IMP-260227-000046-81AB', 'apartado', 'Mapas', NULL, 27, NULL, '2026-01-29', '2026-01-30', NULL, NULL, NULL, NULL, 1, 0, 0, 'MXN', 0, 0, 0, NULL, NULL, NULL, NULL, NULL, NULL, NULL, '$600', 1, NULL, '2026-02-27 15:53:49', 1, '2026-02-27 16:09:19'),
(47, 1, 47, 189, 1, 51, NULL, 'IMP-260227-000047-81AB', 'apartado', 'Booking', 8, NULL, NULL, '2026-01-30', '2026-02-01', NULL, NULL, NULL, NULL, 1, 0, 0, 'MXN', 0, 0, 0, NULL, NULL, NULL, NULL, NULL, NULL, NULL, '$1500', 1, NULL, '2026-02-27 15:53:49', 1, '2026-02-27 16:09:19'),
(48, 1, 48, 190, 1, 51, NULL, 'IMP-260227-000048-81AB', 'apartado', 'Booking', 8, NULL, NULL, '2026-01-01', '2026-01-04', NULL, NULL, NULL, NULL, 1, 0, 0, 'MXN', 0, 0, 0, NULL, NULL, NULL, NULL, NULL, NULL, NULL, NULL, 1, NULL, '2026-02-27 15:53:49', 1, '2026-02-27 16:17:45'),
(49, 1, 49, 190, 1, 51, NULL, 'IMP-260227-000049-81AB', 'apartado', 'Expedia', 12, NULL, NULL, '2026-01-04', '2026-01-09', NULL, NULL, NULL, NULL, 1, 0, 0, 'MXN', 0, 0, 0, NULL, NULL, NULL, NULL, NULL, NULL, NULL, '$3900', 1, NULL, '2026-02-27 15:53:49', 1, '2026-02-27 16:09:19'),
(50, 1, 50, 190, 1, 51, NULL, 'IMP-260227-000050-81AC', 'apartado', 'Expedia', 12, NULL, NULL, '2026-01-09', '2026-01-16', NULL, NULL, NULL, NULL, 1, 0, 0, 'MXN', 0, 0, 0, NULL, NULL, NULL, NULL, NULL, NULL, NULL, '$5331', 1, NULL, '2026-02-27 15:53:49', 1, '2026-02-27 16:09:19'),
(51, 1, 51, 190, 1, 51, NULL, 'IMP-260227-000051-81AC', 'apartado', 'AirB&B', 9, NULL, NULL, '2026-01-16', '2026-01-17', NULL, NULL, NULL, NULL, 1, 0, 0, 'MXN', 0, 0, 0, NULL, NULL, NULL, NULL, NULL, NULL, NULL, '$700', 1, NULL, '2026-02-27 15:53:49', 1, '2026-02-27 16:09:19'),
(52, 1, 52, 190, 1, 51, NULL, 'IMP-260227-000052-81AC', 'apartado', 'Booking', 8, NULL, NULL, '2026-01-17', '2026-01-22', NULL, NULL, NULL, NULL, 1, 0, 0, 'MXN', 0, 0, 0, NULL, NULL, NULL, NULL, NULL, NULL, NULL, '$4100', 1, NULL, '2026-02-27 15:53:49', 1, '2026-02-27 16:09:19'),
(53, 1, 53, 190, 1, 51, NULL, 'IMP-260227-000053-81AC', 'apartado', 'Mapas', NULL, 27, NULL, '2026-01-22', '2026-01-31', NULL, NULL, NULL, NULL, 1, 0, 0, 'MXN', 0, 0, 0, NULL, NULL, NULL, NULL, NULL, NULL, NULL, NULL, 1, NULL, '2026-02-27 15:53:49', 1, '2026-02-27 16:17:45'),
(54, 1, 54, 190, 1, 51, NULL, 'IMP-260227-000054-81AC', 'apartado', 'AirB&B', 9, NULL, NULL, '2026-01-31', '2026-02-01', NULL, NULL, NULL, NULL, 1, 0, 0, 'MXN', 0, 0, 0, NULL, NULL, NULL, NULL, NULL, NULL, NULL, '$1600', 1, NULL, '2026-02-27 15:53:49', 1, '2026-02-27 16:09:19'),
(55, 1, 55, 191, 1, 52, NULL, 'IMP-260227-000055-81AC', 'apartado', 'Booking', 8, NULL, NULL, '2026-01-01', '2026-01-06', NULL, NULL, NULL, NULL, 1, 0, 0, 'MXN', 0, 0, 0, NULL, NULL, NULL, NULL, NULL, NULL, NULL, '$5500', 1, NULL, '2026-02-27 15:53:49', 1, '2026-02-27 16:09:19'),
(56, 1, 56, 191, 1, 52, NULL, 'IMP-260227-000056-81AC', 'apartado', 'Mapas', NULL, 27, NULL, '2026-01-06', '2026-01-10', NULL, NULL, NULL, NULL, 1, 0, 0, 'MXN', 0, 0, 0, NULL, NULL, NULL, NULL, NULL, NULL, NULL, '$3200', 1, NULL, '2026-02-27 15:53:49', 1, '2026-02-27 16:09:19'),
(57, 1, 57, 191, 1, 52, NULL, 'IMP-260227-000057-81AC', 'apartado', 'Expedia', 12, NULL, NULL, '2026-01-10', '2026-01-15', NULL, NULL, NULL, NULL, 1, 0, 0, 'MXN', 0, 0, 0, NULL, NULL, NULL, NULL, NULL, NULL, NULL, '$4000', 1, NULL, '2026-02-27 15:53:49', 1, '2026-02-27 16:09:19'),
(58, 1, 58, 191, 1, 52, NULL, 'IMP-260227-000058-81AC', 'apartado', 'Booking', 8, NULL, NULL, '2026-01-16', '2026-01-17', NULL, NULL, NULL, NULL, 1, 0, 0, 'MXN', 0, 0, 0, NULL, NULL, NULL, NULL, NULL, NULL, NULL, NULL, 1, NULL, '2026-02-27 15:53:49', 1, '2026-02-27 16:17:45'),
(59, 1, 59, 191, 1, 52, NULL, 'IMP-260227-000059-81AD', 'apartado', 'Booking', 8, NULL, NULL, '2026-01-17', '2026-01-18', NULL, NULL, NULL, NULL, 1, 0, 0, 'MXN', 0, 0, 0, NULL, NULL, NULL, NULL, NULL, NULL, NULL, '$800', 1, NULL, '2026-02-27 15:53:49', 1, '2026-02-27 16:09:19'),
(60, 1, 60, 191, 1, 52, NULL, 'IMP-260227-000060-81AD', 'apartado', 'Expedia', 12, NULL, NULL, '2026-01-18', '2026-01-20', NULL, NULL, NULL, NULL, 1, 0, 0, 'MXN', 0, 0, 0, NULL, NULL, NULL, NULL, NULL, NULL, NULL, '$1600', 1, NULL, '2026-02-27 15:53:49', 1, '2026-02-27 16:09:19'),
(61, 1, 61, 191, 1, 52, NULL, 'IMP-260227-000061-81AD', 'apartado', 'Booking', 8, NULL, NULL, '2026-01-20', '2026-01-24', NULL, NULL, NULL, NULL, 1, 0, 0, 'MXN', 0, 0, 0, NULL, NULL, NULL, NULL, NULL, NULL, NULL, '$3000', 1, NULL, '2026-02-27 15:53:49', 1, '2026-02-27 16:09:19'),
(62, 1, 62, 191, 1, 52, NULL, 'IMP-260227-000062-81AD', 'apartado', 'Booking', 8, NULL, NULL, '2026-01-24', '2026-01-25', NULL, NULL, NULL, NULL, 1, 0, 0, 'MXN', 0, 0, 0, NULL, NULL, NULL, NULL, NULL, NULL, NULL, '$750', 1, NULL, '2026-02-27 15:53:49', 1, '2026-02-27 16:09:19'),
(63, 1, 63, 191, 1, 52, NULL, 'IMP-260227-000063-81AD', 'apartado', 'Booking', 8, NULL, NULL, '2026-01-26', '2026-01-27', NULL, NULL, NULL, NULL, 1, 0, 0, 'MXN', 0, 0, 0, NULL, NULL, NULL, NULL, NULL, NULL, NULL, '$750', 1, NULL, '2026-02-27 15:53:49', 1, '2026-02-27 16:09:19'),
(64, 1, 64, 191, 1, 52, NULL, 'IMP-260227-000064-81AD', 'apartado', 'Booking', 8, NULL, NULL, '2026-01-29', '2026-01-31', NULL, NULL, NULL, NULL, 1, 0, 0, 'MXN', 0, 0, 0, NULL, NULL, NULL, NULL, NULL, NULL, NULL, '$1400', 1, NULL, '2026-02-27 15:53:49', 1, '2026-02-27 16:09:19'),
(65, 1, 65, 191, 1, 52, NULL, 'IMP-260227-000065-81AD', 'apartado', 'Booking', 8, NULL, NULL, '2026-01-31', '2026-02-01', NULL, NULL, NULL, NULL, 1, 0, 0, 'MXN', 0, 0, 0, NULL, NULL, NULL, NULL, NULL, NULL, NULL, '$900', 1, NULL, '2026-02-27 15:53:49', 1, '2026-02-27 16:09:19'),
(66, 1, 66, 192, 1, 53, NULL, 'IMP-260227-000066-81AD', 'apartado', 'Expedia', 12, NULL, NULL, '2026-01-01', '2026-01-02', NULL, NULL, NULL, NULL, 1, 0, 0, 'MXN', 0, 0, 0, NULL, NULL, NULL, NULL, NULL, NULL, NULL, NULL, 1, NULL, '2026-02-27 15:53:49', 1, '2026-02-27 16:17:45'),
(67, 1, 67, 192, 1, 53, NULL, 'IMP-260227-000067-81AD', 'apartado', 'Mapas', NULL, 27, NULL, '2026-01-02', '2026-01-04', NULL, NULL, NULL, NULL, 1, 0, 0, 'MXN', 0, 0, 0, NULL, NULL, NULL, NULL, NULL, NULL, NULL, '$2400', 1, NULL, '2026-02-27 15:53:49', 1, '2026-02-27 16:09:19'),
(68, 1, 68, 192, 1, 53, NULL, 'IMP-260227-000068-81AE', 'apartado', 'Mapas', NULL, 27, NULL, '2026-01-05', '2026-01-12', NULL, NULL, NULL, NULL, 1, 0, 0, 'MXN', 0, 0, 0, NULL, NULL, NULL, NULL, NULL, NULL, NULL, '$4900', 1, NULL, '2026-02-27 15:53:49', 1, '2026-02-27 16:09:19'),
(69, 1, 69, 192, 1, 53, NULL, 'IMP-260227-000069-81AE', 'apartado', 'Mapas', NULL, 27, NULL, '2026-01-12', '2026-01-14', NULL, NULL, NULL, NULL, 1, 0, 0, 'MXN', 0, 0, 0, NULL, NULL, NULL, NULL, NULL, NULL, NULL, '$1400', 1, NULL, '2026-02-27 15:53:49', 1, '2026-02-27 16:09:19'),
(70, 1, 70, 192, 1, 53, NULL, 'IMP-260227-000070-81AE', 'apartado', 'Booking', 8, NULL, NULL, '2026-01-14', '2026-01-15', NULL, NULL, NULL, NULL, 1, 0, 0, 'MXN', 0, 0, 0, NULL, NULL, NULL, NULL, NULL, NULL, NULL, '$850', 1, NULL, '2026-02-27 15:53:49', 1, '2026-02-27 16:09:19'),
(71, 1, 71, 192, 1, 53, NULL, 'IMP-260227-000071-81AE', 'apartado', 'Mapas', NULL, 27, NULL, '2026-01-16', '2026-01-19', NULL, NULL, NULL, NULL, 1, 0, 0, 'MXN', 0, 0, 0, NULL, NULL, NULL, NULL, NULL, NULL, NULL, '$2400', 1, NULL, '2026-02-27 15:53:49', 1, '2026-02-27 16:09:19'),
(72, 1, 72, 192, 1, 53, NULL, 'IMP-260227-000072-81AE', 'apartado', 'Booking', 8, NULL, NULL, '2026-01-19', '2026-01-21', NULL, NULL, NULL, NULL, 1, 0, 0, 'MXN', 0, 0, 0, NULL, NULL, NULL, NULL, NULL, NULL, NULL, '$1400', 1, NULL, '2026-02-27 15:53:49', 1, '2026-02-27 16:09:19'),
(73, 1, 73, 192, 1, 53, NULL, 'IMP-260227-000073-81AE', 'apartado', 'Booking', 8, NULL, NULL, '2026-01-21', '2026-01-28', NULL, NULL, NULL, NULL, 1, 0, 0, 'MXN', 0, 0, 0, NULL, NULL, NULL, NULL, NULL, NULL, NULL, '$5090', 1, NULL, '2026-02-27 15:53:49', 1, '2026-02-27 16:09:19'),
(74, 1, 74, 192, 1, 53, NULL, 'IMP-260227-000074-81AE', 'apartado', 'Booking', 8, NULL, NULL, '2026-01-28', '2026-01-31', NULL, NULL, NULL, NULL, 1, 0, 0, 'MXN', 0, 0, 0, NULL, NULL, NULL, NULL, NULL, NULL, NULL, '$3200', 1, NULL, '2026-02-27 15:53:49', 1, '2026-02-27 16:09:19'),
(75, 1, 75, 192, 1, 53, NULL, 'IMP-260227-000075-81AE', 'apartado', 'Mapas', NULL, 27, NULL, '2026-01-31', '2026-02-01', NULL, NULL, NULL, NULL, 1, 0, 0, 'MXN', 0, 0, 0, NULL, NULL, NULL, NULL, NULL, NULL, NULL, '$1600', 1, NULL, '2026-02-27 15:53:49', 1, '2026-02-27 16:09:19'),
(76, 1, 76, 170, 3, 42, NULL, 'IMP-260227-000076-81AF', 'apartado', 'Booking', 8, NULL, NULL, '2026-01-01', '2026-01-02', NULL, NULL, NULL, NULL, 1, 0, 0, 'MXN', 0, 0, 0, NULL, NULL, NULL, NULL, NULL, NULL, NULL, '$2700', 1, NULL, '2026-02-27 15:53:49', 1, '2026-02-27 16:09:19'),
(77, 1, 77, 170, 3, 42, NULL, 'IMP-260227-000077-81AF', 'apartado', 'Booking', 8, NULL, NULL, '2026-01-02', '2026-01-06', NULL, NULL, NULL, NULL, 1, 0, 0, 'MXN', 0, 0, 0, NULL, NULL, NULL, NULL, NULL, NULL, NULL, '$8450', 1, NULL, '2026-02-27 15:53:49', 1, '2026-02-27 16:09:19'),
(78, 1, 78, 170, 3, 42, NULL, 'IMP-260227-000078-81AF', 'apartado', 'Mapas', NULL, 27, NULL, '2026-01-06', '2026-01-07', NULL, NULL, NULL, NULL, 1, 0, 0, 'MXN', 0, 0, 0, NULL, NULL, NULL, NULL, NULL, NULL, NULL, '$1000', 1, NULL, '2026-02-27 15:53:49', 1, '2026-02-27 16:09:19'),
(79, 1, 79, 170, 3, 42, NULL, 'IMP-260227-000079-81AF', 'apartado', 'Expedia', 12, NULL, NULL, '2026-01-07', '2026-01-08', NULL, NULL, NULL, NULL, 1, 0, 0, 'MXN', 0, 0, 0, NULL, NULL, NULL, NULL, NULL, NULL, NULL, '$700', 1, NULL, '2026-02-27 15:53:49', 1, '2026-02-27 16:09:19'),
(80, 1, 80, 170, 3, 42, NULL, 'IMP-260227-000080-81AF', 'apartado', 'Expedia', 12, NULL, NULL, '2026-01-08', '2026-01-09', NULL, NULL, NULL, NULL, 1, 0, 0, 'MXN', 0, 0, 0, NULL, NULL, NULL, NULL, NULL, NULL, NULL, '$700', 1, NULL, '2026-02-27 15:53:49', 1, '2026-02-27 16:09:19'),
(81, 1, 81, 170, 3, 42, NULL, 'IMP-260227-000081-81AF', 'apartado', 'AirB&B', 9, NULL, NULL, '2026-01-09', '2026-01-12', NULL, NULL, NULL, NULL, 1, 0, 0, 'MXN', 0, 0, 0, NULL, NULL, NULL, NULL, NULL, NULL, NULL, '$2646', 1, NULL, '2026-02-27 15:53:49', 1, '2026-02-27 16:09:19'),
(82, 1, 82, 170, 3, 42, NULL, 'IMP-260227-000082-81AF', 'apartado', 'AirB&B', 9, NULL, NULL, '2026-01-12', '2026-01-13', NULL, NULL, NULL, NULL, 1, 0, 0, 'MXN', 0, 0, 0, NULL, NULL, NULL, NULL, NULL, NULL, NULL, '$882', 1, NULL, '2026-02-27 15:53:49', 1, '2026-02-27 16:09:19'),
(83, 1, 83, 170, 3, 42, NULL, 'IMP-260227-000083-81AF', 'apartado', 'AirB&B', 9, NULL, NULL, '2026-01-14', '2026-01-16', NULL, NULL, NULL, NULL, 1, 0, 0, 'MXN', 0, 0, 0, NULL, NULL, NULL, NULL, NULL, NULL, NULL, '$2400', 1, NULL, '2026-02-27 15:53:49', 1, '2026-02-27 16:09:19'),
(84, 1, 84, 170, 3, 42, NULL, 'IMP-260227-000084-81B0', 'apartado', 'Booking', 8, NULL, NULL, '2026-01-16', '2026-01-17', NULL, NULL, NULL, NULL, 1, 0, 0, 'MXN', 0, 0, 0, NULL, NULL, NULL, NULL, NULL, NULL, NULL, '$500', 1, NULL, '2026-02-27 15:53:49', 1, '2026-02-27 16:09:19'),
(85, 1, 85, 170, 3, 42, NULL, 'IMP-260227-000085-81B0', 'apartado', 'Booking', 8, NULL, NULL, '2026-01-17', '2026-01-19', NULL, NULL, NULL, NULL, 1, 0, 0, 'MXN', 0, 0, 0, NULL, NULL, NULL, NULL, NULL, NULL, NULL, '$1600', 1, NULL, '2026-02-27 15:53:49', 1, '2026-02-27 16:09:19'),
(86, 1, 86, 170, 3, 42, NULL, 'IMP-260227-000086-81B0', 'apartado', 'Mapas', NULL, 27, NULL, '2026-01-20', '2026-01-21', NULL, NULL, NULL, NULL, 1, 0, 0, 'MXN', 0, 0, 0, NULL, NULL, NULL, NULL, NULL, NULL, NULL, '$600', 1, NULL, '2026-02-27 15:53:49', 1, '2026-02-27 16:09:19'),
(87, 1, 87, 170, 3, 42, NULL, 'IMP-260227-000087-81B0', 'apartado', 'Booking', 8, NULL, NULL, '2026-01-22', '2026-01-26', NULL, NULL, NULL, NULL, 1, 0, 0, 'MXN', 0, 0, 0, NULL, NULL, NULL, NULL, NULL, NULL, NULL, NULL, 1, NULL, '2026-02-27 15:53:49', 1, '2026-02-27 16:17:45'),
(88, 1, 88, 170, 3, 42, NULL, 'IMP-260227-000088-81B0', 'apartado', 'Booking', 8, NULL, NULL, '2026-01-26', '2026-02-01', NULL, NULL, NULL, NULL, 1, 0, 0, 'MXN', 0, 0, 0, NULL, NULL, NULL, NULL, NULL, NULL, NULL, '$5141', 1, NULL, '2026-02-27 15:53:49', 1, '2026-02-27 16:09:19'),
(89, 1, 89, 175, 3, 43, NULL, 'IMP-260227-000089-81B0', 'apartado', 'Mapas', NULL, 27, NULL, '2026-01-01', '2026-01-02', NULL, NULL, NULL, NULL, 1, 0, 0, 'MXN', 0, 0, 0, NULL, NULL, NULL, NULL, NULL, NULL, NULL, '$1600', 1, NULL, '2026-02-27 15:53:49', 1, '2026-02-27 16:09:19'),
(90, 1, 90, 175, 3, 43, NULL, 'IMP-260227-000090-81B0', 'apartado', 'Booking', 8, NULL, NULL, '2026-01-02', '2026-01-05', NULL, NULL, NULL, NULL, 1, 0, 0, 'MXN', 0, 0, 0, NULL, NULL, NULL, NULL, NULL, NULL, NULL, '$3641', 1, NULL, '2026-02-27 15:53:49', 1, '2026-02-27 16:09:19'),
(91, 1, 91, 175, 3, 43, NULL, 'IMP-260227-000091-81B1', 'apartado', 'Expedia', 12, NULL, NULL, '2026-01-05', '2026-01-06', NULL, NULL, NULL, NULL, 1, 0, 0, 'MXN', 0, 0, 0, NULL, NULL, NULL, NULL, NULL, NULL, NULL, '$700', 1, NULL, '2026-02-27 15:53:49', 1, '2026-02-27 16:09:19'),
(92, 1, 92, 175, 3, 43, NULL, 'IMP-260227-000092-81B1', 'apartado', 'AirB&B', 9, NULL, NULL, '2026-01-07', '2026-01-08', NULL, NULL, NULL, NULL, 1, 0, 0, 'MXN', 0, 0, 0, NULL, NULL, NULL, NULL, NULL, NULL, NULL, '$700', 1, NULL, '2026-02-27 15:53:49', 1, '2026-02-27 16:09:19'),
(93, 1, 93, 175, 3, 43, NULL, 'IMP-260227-000093-81B1', 'apartado', 'AirB&B', 9, NULL, NULL, '2026-01-08', '2026-01-11', NULL, NULL, NULL, NULL, 1, 0, 0, 'MXN', 0, 0, 0, NULL, NULL, NULL, NULL, NULL, NULL, NULL, '$800', 1, NULL, '2026-02-27 15:53:49', 1, '2026-02-27 16:09:19'),
(94, 1, 94, 175, 3, 43, NULL, 'IMP-260227-000094-81B1', 'apartado', 'Mapas', NULL, 27, NULL, '2026-01-11', '2026-01-12', NULL, NULL, NULL, NULL, 1, 0, 0, 'MXN', 0, 0, 0, NULL, NULL, NULL, NULL, NULL, NULL, NULL, '$600', 1, NULL, '2026-02-27 15:53:49', 1, '2026-02-27 16:09:19'),
(95, 1, 95, 175, 3, 43, NULL, 'IMP-260227-000095-81B1', 'apartado', 'Booking', 8, NULL, NULL, '2026-01-15', '2026-01-16', NULL, NULL, NULL, NULL, 1, 0, 0, 'MXN', 0, 0, 0, NULL, NULL, NULL, NULL, NULL, NULL, NULL, '$1150', 1, NULL, '2026-02-27 15:53:49', 1, '2026-02-27 16:09:19'),
(96, 1, 96, 175, 3, 43, NULL, 'IMP-260227-000096-81B1', 'apartado', 'AirB&B', 9, NULL, NULL, '2026-01-16', '2026-01-21', NULL, NULL, NULL, NULL, 1, 0, 0, 'MXN', 0, 0, 0, NULL, NULL, NULL, NULL, NULL, NULL, NULL, NULL, 1, NULL, '2026-02-27 15:53:49', 1, '2026-02-27 16:17:45'),
(97, 1, 97, 175, 3, 43, NULL, 'IMP-260227-000097-81B1', 'apartado', 'Booking', 8, NULL, NULL, '2026-01-21', '2026-01-22', NULL, NULL, NULL, NULL, 1, 0, 0, 'MXN', 0, 0, 0, NULL, NULL, NULL, NULL, NULL, NULL, NULL, '$600', 1, NULL, '2026-02-27 15:53:49', 1, '2026-02-27 16:09:19'),
(98, 1, 98, 175, 3, 43, NULL, 'IMP-260227-000098-81B1', 'apartado', 'Booking', 8, NULL, NULL, '2026-01-22', '2026-01-23', NULL, NULL, NULL, NULL, 1, 0, 0, 'MXN', 0, 0, 0, NULL, NULL, NULL, NULL, NULL, NULL, NULL, '$600', 1, NULL, '2026-02-27 15:53:49', 1, '2026-02-27 16:09:19'),
(99, 1, 99, 175, 3, 43, NULL, 'IMP-260227-000099-81B1', 'apartado', 'Booking', 8, NULL, NULL, '2026-01-23', '2026-01-24', NULL, NULL, NULL, NULL, 1, 0, 0, 'MXN', 0, 0, 0, NULL, NULL, NULL, NULL, NULL, NULL, NULL, '$600', 1, NULL, '2026-02-27 15:53:49', 1, '2026-02-27 16:09:19'),
(100, 1, 100, 175, 3, 43, NULL, 'IMP-260227-000100-81B1', 'apartado', 'Booking', 8, NULL, NULL, '2026-01-24', '2026-01-25', NULL, NULL, NULL, NULL, 1, 0, 0, 'MXN', 0, 0, 0, NULL, NULL, NULL, NULL, NULL, NULL, NULL, '$620', 1, NULL, '2026-02-27 15:53:49', 1, '2026-02-27 16:09:19'),
(101, 1, 101, 175, 3, 43, NULL, 'IMP-260227-000101-81B2', 'apartado', 'AirB&B', 9, NULL, NULL, '2026-01-25', '2026-01-26', NULL, NULL, NULL, NULL, 1, 0, 0, 'MXN', 0, 0, 0, NULL, NULL, NULL, NULL, NULL, NULL, NULL, '$997', 1, NULL, '2026-02-27 15:53:49', 1, '2026-02-27 16:09:19'),
(102, 1, 102, 175, 3, 43, NULL, 'IMP-260227-000102-81B2', 'apartado', 'AirB&B', 9, NULL, NULL, '2026-01-27', '2026-02-01', NULL, NULL, NULL, NULL, 1, 0, 0, 'MXN', 0, 0, 0, NULL, NULL, NULL, NULL, NULL, NULL, NULL, '$3572', 1, NULL, '2026-02-27 15:53:49', 1, '2026-02-27 16:09:19'),
(103, 1, 103, 172, 3, 42, NULL, 'IMP-260227-000103-81B2', 'apartado', 'AirB&B', 9, NULL, NULL, '2026-01-01', '2026-01-02', NULL, NULL, NULL, NULL, 1, 0, 0, 'MXN', 0, 0, 0, NULL, NULL, NULL, NULL, NULL, NULL, NULL, '$1500', 1, NULL, '2026-02-27 15:53:49', 1, '2026-02-27 16:09:19'),
(104, 1, 104, 172, 3, 42, NULL, 'IMP-260227-000104-81B2', 'apartado', 'Mapas', NULL, 27, NULL, '2026-01-02', '2026-01-03', NULL, NULL, NULL, NULL, 1, 0, 0, 'MXN', 0, 0, 0, NULL, NULL, NULL, NULL, NULL, NULL, NULL, '$1600', 1, NULL, '2026-02-27 15:53:49', 1, '2026-02-27 16:09:19'),
(105, 1, 105, 172, 3, 42, NULL, 'IMP-260227-000105-81B2', 'apartado', 'Mapas', NULL, 27, NULL, '2026-01-03', '2026-01-04', NULL, NULL, NULL, NULL, 1, 0, 0, 'MXN', 0, 0, 0, NULL, NULL, NULL, NULL, NULL, NULL, NULL, '$800', 1, NULL, '2026-02-27 15:53:49', 1, '2026-02-27 16:09:19'),
(106, 1, 106, 172, 3, 42, NULL, 'IMP-260227-000106-81B2', 'apartado', 'AirB&B', 9, NULL, NULL, '2026-01-04', '2026-01-06', NULL, NULL, NULL, NULL, 1, 0, 0, 'MXN', 0, 0, 0, NULL, NULL, NULL, NULL, NULL, NULL, NULL, '$1600', 1, NULL, '2026-02-27 15:53:49', 1, '2026-02-27 16:09:19'),
(107, 1, 107, 172, 3, 42, NULL, 'IMP-260227-000107-81B2', 'apartado', 'Expedia', 12, NULL, NULL, '2026-01-06', '2026-01-07', NULL, NULL, NULL, NULL, 1, 0, 0, 'MXN', 0, 0, 0, NULL, NULL, NULL, NULL, NULL, NULL, NULL, '$700', 1, NULL, '2026-02-27 15:53:49', 1, '2026-02-27 16:09:19'),
(108, 1, 108, 172, 3, 42, NULL, 'IMP-260227-000108-81B2', 'apartado', 'AirB&B', 9, NULL, NULL, '2026-01-07', '2026-01-08', NULL, NULL, NULL, NULL, 1, 0, 0, 'MXN', 0, 0, 0, NULL, NULL, NULL, NULL, NULL, NULL, NULL, '$3200', 1, NULL, '2026-02-27 15:53:49', 1, '2026-02-27 16:09:19'),
(109, 1, 109, 172, 3, 42, NULL, 'IMP-260227-000109-81B2', 'apartado', 'Mapas', NULL, 27, NULL, '2026-01-08', '2026-01-09', NULL, NULL, NULL, NULL, 1, 0, 0, 'MXN', 0, 0, 0, NULL, NULL, NULL, NULL, NULL, NULL, NULL, '$1000', 1, NULL, '2026-02-27 15:53:49', 1, '2026-02-27 16:09:19'),
(110, 1, 110, 172, 3, 42, NULL, 'IMP-260227-000110-81B2', 'apartado', 'Mapas', NULL, 27, NULL, '2026-01-09', '2026-01-10', NULL, NULL, NULL, NULL, 1, 0, 0, 'MXN', 0, 0, 0, NULL, NULL, NULL, NULL, NULL, NULL, NULL, '$700', 1, NULL, '2026-02-27 15:53:49', 1, '2026-02-27 16:09:19'),
(111, 1, 111, 172, 3, 42, NULL, 'IMP-260227-000111-81B2', 'apartado', 'Mapas', NULL, 27, NULL, '2026-01-10', '2026-01-11', NULL, NULL, NULL, NULL, 1, 0, 0, 'MXN', 0, 0, 0, NULL, NULL, NULL, NULL, NULL, NULL, NULL, '$1700', 1, NULL, '2026-02-27 15:53:49', 1, '2026-02-27 16:09:19'),
(112, 1, 112, 172, 3, 42, NULL, 'IMP-260227-000112-81B3', 'apartado', 'Mapas', NULL, 27, NULL, '2026-01-15', '2026-01-17', NULL, NULL, NULL, NULL, 1, 0, 0, 'MXN', 0, 0, 0, NULL, NULL, NULL, NULL, NULL, NULL, NULL, '$1800', 1, NULL, '2026-02-27 15:53:49', 1, '2026-02-27 16:09:19'),
(113, 1, 113, 172, 3, 42, NULL, 'IMP-260227-000113-81B3', 'apartado', 'Mapas', NULL, 27, NULL, '2026-01-17', '2026-01-18', NULL, NULL, NULL, NULL, 1, 0, 0, 'MXN', 0, 0, 0, NULL, NULL, NULL, NULL, NULL, NULL, NULL, '$700', 1, NULL, '2026-02-27 15:53:49', 1, '2026-02-27 16:09:19'),
(114, 1, 114, 172, 3, 42, NULL, 'IMP-260227-000114-81B3', 'apartado', 'Mapas', NULL, 27, NULL, '2026-01-18', '2026-01-19', NULL, NULL, NULL, NULL, 1, 0, 0, 'MXN', 0, 0, 0, NULL, NULL, NULL, NULL, NULL, NULL, NULL, '$800', 1, NULL, '2026-02-27 15:53:49', 1, '2026-02-27 16:09:19'),
(115, 1, 115, 172, 3, 42, NULL, 'IMP-260227-000115-81B3', 'apartado', 'Mapas', NULL, 27, NULL, '2026-01-22', '2026-01-23', NULL, NULL, NULL, NULL, 1, 0, 0, 'MXN', 0, 0, 0, NULL, NULL, NULL, NULL, NULL, NULL, NULL, '$600', 1, NULL, '2026-02-27 15:53:49', 1, '2026-02-27 16:09:19'),
(116, 1, 116, 172, 3, 42, NULL, 'IMP-260227-000116-81B3', 'apartado', 'Mapas', NULL, 27, NULL, '2026-01-23', '2026-01-24', NULL, NULL, NULL, NULL, 1, 0, 0, 'MXN', 0, 0, 0, NULL, NULL, NULL, NULL, NULL, NULL, NULL, '$700', 1, NULL, '2026-02-27 15:53:49', 1, '2026-02-27 16:09:19'),
(117, 1, 117, 172, 3, 42, NULL, 'IMP-260227-000117-81B3', 'apartado', 'Booking', 8, NULL, NULL, '2026-01-24', '2026-01-31', NULL, NULL, NULL, NULL, 1, 0, 0, 'MXN', 0, 0, 0, NULL, NULL, NULL, NULL, NULL, NULL, NULL, '$4600', 1, NULL, '2026-02-27 15:53:49', 1, '2026-02-27 16:09:19'),
(118, 1, 118, 172, 3, 42, NULL, 'IMP-260227-000118-81B3', 'apartado', 'AirB&B', 9, NULL, NULL, '2026-01-31', '2026-02-01', NULL, NULL, NULL, NULL, 1, 0, 0, 'MXN', 0, 0, 0, NULL, NULL, NULL, NULL, NULL, NULL, NULL, '$900', 1, NULL, '2026-02-27 15:53:49', 1, '2026-02-27 16:09:19'),
(119, 1, 119, 173, 3, 43, NULL, 'IMP-260227-000119-81B3', 'apartado', 'Booking', 8, NULL, NULL, '2026-01-01', '2026-01-02', NULL, NULL, NULL, NULL, 1, 0, 0, 'MXN', 0, 0, 0, NULL, NULL, NULL, NULL, NULL, NULL, NULL, '$1397', 1, NULL, '2026-02-27 15:53:49', 1, '2026-02-27 16:09:19'),
(120, 1, 120, 173, 3, 43, NULL, 'IMP-260227-000120-81B3', 'apartado', 'Booking', 8, NULL, NULL, '2026-01-02', '2026-01-03', NULL, NULL, NULL, NULL, 1, 0, 0, 'MXN', 0, 0, 0, NULL, NULL, NULL, NULL, NULL, NULL, NULL, NULL, 1, NULL, '2026-02-27 15:53:49', 1, '2026-02-27 16:17:45'),
(121, 1, 121, 173, 3, 43, NULL, 'IMP-260227-000121-81B3', 'apartado', 'Mapas', NULL, 27, NULL, '2026-01-03', '2026-01-04', NULL, NULL, NULL, NULL, 1, 0, 0, 'MXN', 0, 0, 0, NULL, NULL, NULL, NULL, NULL, NULL, NULL, '$800', 1, NULL, '2026-02-27 15:53:49', 1, '2026-02-27 16:09:19'),
(122, 1, 122, 173, 3, 43, NULL, 'IMP-260227-000122-81B4', 'apartado', 'AirB&B', 9, NULL, NULL, '2026-01-04', '2026-01-07', NULL, NULL, NULL, NULL, 1, 0, 0, 'MXN', 0, 0, 0, NULL, NULL, NULL, NULL, NULL, NULL, NULL, '$2100', 1, NULL, '2026-02-27 15:53:49', 1, '2026-02-27 16:09:19'),
(123, 1, 123, 173, 3, 43, NULL, 'IMP-260227-000123-81B4', 'apartado', 'AirB&B', 9, NULL, NULL, '2026-01-07', '2026-01-08', NULL, NULL, NULL, NULL, 1, 0, 0, 'MXN', 0, 0, 0, NULL, NULL, NULL, NULL, NULL, NULL, NULL, '$800', 1, NULL, '2026-02-27 15:53:49', 1, '2026-02-27 16:09:19'),
(124, 1, 124, 173, 3, 43, NULL, 'IMP-260227-000124-81B4', 'apartado', 'Expedia', 12, NULL, NULL, '2026-01-09', '2026-01-10', NULL, NULL, NULL, NULL, 1, 0, 0, 'MXN', 0, 0, 0, NULL, NULL, NULL, NULL, NULL, NULL, NULL, NULL, 1, NULL, '2026-02-27 15:53:49', 1, '2026-02-27 16:17:45'),
(125, 1, 125, 173, 3, 43, NULL, 'IMP-260227-000125-81B4', 'apartado', 'AirB&B', 9, NULL, NULL, '2026-01-10', '2026-01-24', NULL, NULL, NULL, NULL, 1, 0, 0, 'MXN', 0, 0, 0, NULL, NULL, NULL, NULL, NULL, NULL, NULL, '$8400', 1, NULL, '2026-02-27 15:53:49', 1, '2026-02-27 16:09:19'),
(126, 1, 126, 173, 3, 43, NULL, 'IMP-260227-000126-81B4', 'apartado', 'Booking', 8, NULL, NULL, '2026-01-24', '2026-01-30', NULL, NULL, NULL, NULL, 1, 0, 0, 'MXN', 0, 0, 0, NULL, NULL, NULL, NULL, NULL, NULL, NULL, '$3700', 1, NULL, '2026-02-27 15:53:49', 1, '2026-02-27 16:09:19'),
(127, 1, 127, 173, 3, 43, NULL, 'IMP-260227-000127-81B4', 'apartado', 'Booking', 8, NULL, NULL, '2026-01-30', '2026-02-01', NULL, NULL, NULL, NULL, 1, 0, 0, 'MXN', 0, 0, 0, NULL, NULL, NULL, NULL, NULL, NULL, NULL, '$1360', 1, NULL, '2026-02-27 15:53:49', 1, '2026-02-27 16:09:19'),
(128, 1, 128, 174, 3, 43, NULL, 'IMP-260227-000128-81B4', 'apartado', 'AirB&B', 9, NULL, NULL, '2026-01-01', '2026-01-04', NULL, NULL, NULL, NULL, 1, 0, 0, 'MXN', 0, 0, 0, NULL, NULL, NULL, NULL, NULL, NULL, NULL, '$2800', 1, NULL, '2026-02-27 15:53:49', 1, '2026-02-27 16:09:19'),
(129, 1, 129, 174, 3, 43, NULL, 'IMP-260227-000129-81B4', 'apartado', 'AirB&B', 9, NULL, NULL, '2026-01-04', '2026-01-08', NULL, NULL, NULL, NULL, 1, 0, 0, 'MXN', 0, 0, 0, NULL, NULL, NULL, NULL, NULL, NULL, NULL, '$3200', 1, NULL, '2026-02-27 15:53:49', 1, '2026-02-27 16:09:19'),
(130, 1, 130, 174, 3, 43, NULL, 'IMP-260227-000130-81B4', 'apartado', 'Mapas', NULL, 27, NULL, '2026-01-09', '2026-01-10', NULL, NULL, NULL, NULL, 1, 0, 0, 'MXN', 0, 0, 0, NULL, NULL, NULL, NULL, NULL, NULL, NULL, '$700', 1, NULL, '2026-02-27 15:53:49', 1, '2026-02-27 16:09:19'),
(131, 1, 131, 174, 3, 43, NULL, 'IMP-260227-000131-81B4', 'apartado', 'Mapas', NULL, 27, NULL, '2026-01-10', '2026-01-11', NULL, NULL, NULL, NULL, 1, 0, 0, 'MXN', 0, 0, 0, NULL, NULL, NULL, NULL, NULL, NULL, NULL, '$700', 1, NULL, '2026-02-27 15:53:49', 1, '2026-02-27 16:09:19'),
(132, 1, 132, 174, 3, 43, NULL, 'IMP-260227-000132-81B5', 'apartado', 'Booking', 8, NULL, NULL, '2026-01-15', '2026-01-16', NULL, NULL, NULL, NULL, 1, 0, 0, 'MXN', 0, 0, 0, NULL, NULL, NULL, NULL, NULL, NULL, NULL, '$575', 1, NULL, '2026-02-27 15:53:49', 1, '2026-02-27 16:09:19'),
(133, 1, 133, 174, 3, 43, NULL, 'IMP-260227-000133-81B5', 'apartado', 'Mapas', NULL, 27, NULL, '2026-01-16', '2026-01-17', NULL, NULL, NULL, NULL, 1, 0, 0, 'MXN', 0, 0, 0, NULL, NULL, NULL, NULL, NULL, NULL, NULL, '$650', 1, NULL, '2026-02-27 15:53:49', 1, '2026-02-27 16:09:19'),
(134, 1, 134, 174, 3, 43, NULL, 'IMP-260227-000134-81B5', 'apartado', 'Mapas', NULL, 27, NULL, '2026-01-17', '2026-01-18', NULL, NULL, NULL, NULL, 1, 0, 0, 'MXN', 0, 0, 0, NULL, NULL, NULL, NULL, NULL, NULL, NULL, '$600', 1, NULL, '2026-02-27 15:53:49', 1, '2026-02-27 16:09:19'),
(135, 1, 135, 174, 3, 43, NULL, 'IMP-260227-000135-81B5', 'apartado', 'AirB&B', 9, NULL, NULL, '2026-01-18', '2026-01-21', NULL, NULL, NULL, NULL, 1, 0, 0, 'MXN', 0, 0, 0, NULL, NULL, NULL, NULL, NULL, NULL, NULL, '$25841980', 1, NULL, '2026-02-27 15:53:49', 1, '2026-02-27 16:09:19'),
(136, 1, 136, 174, 3, 43, NULL, 'IMP-260227-000136-81B5', 'apartado', 'Booking', 8, NULL, NULL, '2026-01-21', '2026-01-22', NULL, NULL, NULL, NULL, 1, 0, 0, 'MXN', 0, 0, 0, NULL, NULL, NULL, NULL, NULL, NULL, NULL, '$600', 1, NULL, '2026-02-27 15:53:49', 1, '2026-02-27 16:09:19'),
(137, 1, 137, 174, 3, 43, NULL, 'IMP-260227-000137-81B5', 'apartado', 'Booking', 8, NULL, NULL, '2026-01-22', '2026-01-26', NULL, NULL, NULL, NULL, 1, 0, 0, 'MXN', 0, 0, 0, NULL, NULL, NULL, NULL, NULL, NULL, NULL, '$9000', 1, NULL, '2026-02-27 15:53:49', 1, '2026-02-27 16:09:19'),
(138, 1, 138, 174, 3, 43, NULL, 'IMP-260227-000138-81B5', 'apartado', 'Mapas', NULL, 27, NULL, '2026-01-26', '2026-01-27', NULL, NULL, NULL, NULL, 1, 0, 0, 'MXN', 0, 0, 0, NULL, NULL, NULL, NULL, NULL, NULL, NULL, '$700', 1, NULL, '2026-02-27 15:53:49', 1, '2026-02-27 16:09:19'),
(139, 1, 139, 174, 3, 43, NULL, 'IMP-260227-000139-81B5', 'apartado', 'AirB&B', 9, NULL, NULL, '2026-01-27', '2026-02-01', NULL, NULL, NULL, NULL, 1, 0, 0, 'MXN', 0, 0, 0, NULL, NULL, NULL, NULL, NULL, NULL, NULL, '$3000', 1, NULL, '2026-02-27 15:53:49', 1, '2026-02-27 16:09:19'),
(140, 1, 140, 171, 3, 42, NULL, 'IMP-260227-000140-81B5', 'apartado', 'Booking', 8, NULL, NULL, '2026-01-01', '2026-01-03', NULL, NULL, NULL, NULL, 1, 0, 0, 'MXN', 0, 0, 0, NULL, NULL, NULL, NULL, NULL, NULL, NULL, '$4000', 1, NULL, '2026-02-27 15:53:49', 1, '2026-02-27 16:09:19'),
(141, 1, 141, 171, 3, 42, NULL, 'IMP-260227-000141-81B5', 'apartado', 'Booking', 8, NULL, NULL, '2026-01-03', '2026-01-06', NULL, NULL, NULL, NULL, 1, 0, 0, 'MXN', 0, 0, 0, NULL, NULL, NULL, NULL, NULL, NULL, NULL, NULL, 1, NULL, '2026-02-27 15:53:49', 1, '2026-02-27 16:17:45'),
(142, 1, 142, 171, 3, 42, NULL, 'IMP-260227-000142-81B5', 'apartado', 'Mapas', NULL, 27, NULL, '2026-01-06', '2026-01-07', NULL, NULL, NULL, NULL, 1, 0, 0, 'MXN', 0, 0, 0, NULL, NULL, NULL, NULL, NULL, NULL, NULL, '$1000', 1, NULL, '2026-02-27 15:53:49', 1, '2026-02-27 16:09:19'),
(143, 1, 143, 171, 3, 42, NULL, 'IMP-260227-000143-81B6', 'apartado', 'Mapas', NULL, 27, NULL, '2026-01-08', '2026-01-09', NULL, NULL, NULL, NULL, 1, 0, 0, 'MXN', 0, 0, 0, NULL, NULL, NULL, NULL, NULL, NULL, NULL, '$1000', 1, NULL, '2026-02-27 15:53:49', 1, '2026-02-27 16:09:19'),
(144, 1, 144, 171, 3, 42, NULL, 'IMP-260227-000144-81B6', 'apartado', 'Mapas', NULL, 27, NULL, '2026-01-09', '2026-01-10', NULL, NULL, NULL, NULL, 1, 0, 0, 'MXN', 0, 0, 0, NULL, NULL, NULL, NULL, NULL, NULL, NULL, '$1100', 1, NULL, '2026-02-27 15:53:49', 1, '2026-02-27 16:09:19'),
(145, 1, 145, 171, 3, 42, NULL, 'IMP-260227-000145-81B6', 'apartado', 'Mapas', NULL, 27, NULL, '2026-01-10', '2026-01-11', NULL, NULL, NULL, NULL, 1, 0, 0, 'MXN', 0, 0, 0, NULL, NULL, NULL, NULL, NULL, NULL, NULL, NULL, 1, NULL, '2026-02-27 15:53:49', 1, '2026-02-27 16:17:45'),
(146, 1, 146, 171, 3, 42, NULL, 'IMP-260227-000146-81B6', 'apartado', 'Mapas', NULL, 27, NULL, '2026-01-11', '2026-01-12', NULL, NULL, NULL, NULL, 1, 0, 0, 'MXN', 0, 0, 0, NULL, NULL, NULL, NULL, NULL, NULL, NULL, '$1000', 1, NULL, '2026-02-27 15:53:49', 1, '2026-02-27 16:09:19'),
(147, 1, 147, 171, 3, 42, NULL, 'IMP-260227-000147-81B6', 'apartado', 'AirB&B', 9, NULL, NULL, '2026-01-15', '2026-01-16', NULL, NULL, NULL, NULL, 1, 0, 0, 'MXN', 0, 0, 0, NULL, NULL, NULL, NULL, NULL, NULL, NULL, '$5000', 1, NULL, '2026-02-27 15:53:49', 1, '2026-02-27 16:09:19'),
(148, 1, 148, 171, 3, 42, NULL, 'IMP-260227-000148-81B6', 'apartado', 'Booking', 8, NULL, NULL, '2026-01-16', '2026-01-17', NULL, NULL, NULL, NULL, 1, 0, 0, 'MXN', 0, 0, 0, NULL, NULL, NULL, NULL, NULL, NULL, NULL, '$600', 1, NULL, '2026-02-27 15:53:49', 1, '2026-02-27 16:09:19'),
(149, 1, 149, 171, 3, 42, NULL, 'IMP-260227-000149-81B6', 'apartado', 'Booking', 8, NULL, NULL, '2026-01-17', '2026-01-18', NULL, NULL, NULL, NULL, 1, 0, 0, 'MXN', 0, 0, 0, NULL, NULL, NULL, NULL, NULL, NULL, NULL, '$800', 1, NULL, '2026-02-27 15:53:49', 1, '2026-02-27 16:09:19'),
(150, 1, 150, 171, 3, 42, NULL, 'IMP-260227-000150-81B6', 'apartado', 'Mapas', NULL, 27, NULL, '2026-01-18', '2026-01-21', NULL, NULL, NULL, NULL, 1, 0, 0, 'MXN', 0, 0, 0, NULL, NULL, NULL, NULL, NULL, NULL, NULL, '$2100', 1, NULL, '2026-02-27 15:53:49', 1, '2026-02-27 16:09:19'),
(151, 1, 151, 171, 3, 42, NULL, 'IMP-260227-000151-81B6', 'apartado', 'Mapas', NULL, 27, NULL, '2026-01-21', '2026-01-22', NULL, NULL, NULL, NULL, 1, 0, 0, 'MXN', 0, 0, 0, NULL, NULL, NULL, NULL, NULL, NULL, NULL, '$700', 1, NULL, '2026-02-27 15:53:49', 1, '2026-02-27 16:09:19'),
(152, 1, 152, 171, 3, 42, NULL, 'IMP-260227-000152-81B6', 'apartado', 'Mapas', NULL, 27, NULL, '2026-01-27', '2026-01-29', NULL, NULL, NULL, NULL, 1, 0, 0, 'MXN', 0, 0, 0, NULL, NULL, NULL, NULL, NULL, NULL, NULL, '$2000', 1, NULL, '2026-02-27 15:53:49', 1, '2026-02-27 16:09:19'),
(153, 1, 153, 171, 3, 42, NULL, 'IMP-260227-000153-81B7', 'apartado', 'Mapas', NULL, 27, NULL, '2026-01-29', '2026-01-30', NULL, NULL, NULL, NULL, 1, 0, 0, 'MXN', 0, 0, 0, NULL, NULL, NULL, NULL, NULL, NULL, NULL, '$700', 1, NULL, '2026-02-27 15:53:49', 1, '2026-02-27 16:09:19'),
(154, 1, 154, 171, 3, 42, NULL, 'IMP-260227-000154-81B7', 'apartado', 'Booking', 8, NULL, NULL, '2026-01-30', '2026-02-01', NULL, NULL, NULL, NULL, 1, 0, 0, 'MXN', 0, 0, 0, NULL, NULL, NULL, NULL, NULL, NULL, NULL, '$1760', 1, NULL, '2026-02-27 15:53:49', 1, '2026-02-27 16:09:19'),
(155, 1, 155, 184, 4, 50, NULL, 'IMP-260227-000186-81B8', 'apartado', 'AirB&B', 9, NULL, NULL, '2026-01-13', '2026-01-15', NULL, NULL, NULL, NULL, 1, 0, 0, 'MXN', 0, 0, 0, NULL, NULL, NULL, NULL, NULL, NULL, NULL, '$1600', 1, NULL, '2026-02-27 15:53:49', 1, '2026-02-27 16:09:19'),
(156, 1, 156, 184, 4, 50, NULL, 'IMP-260227-000187-81B8', 'apartado', 'Mapas', NULL, 27, NULL, '2026-01-29', '2026-02-01', NULL, NULL, NULL, NULL, 1, 0, 0, 'MXN', 0, 0, 0, NULL, NULL, NULL, NULL, NULL, NULL, NULL, '$4400', 1, NULL, '2026-02-27 15:53:49', 1, '2026-02-27 16:09:19'),
(157, 1, 157, 185, 4, 50, NULL, 'IMP-260227-000188-81B8', 'apartado', 'AirB&B', 9, NULL, NULL, '2026-01-01', '2026-01-21', NULL, NULL, NULL, NULL, 1, 0, 0, 'MXN', 0, 0, 0, NULL, NULL, NULL, NULL, NULL, NULL, NULL, '$18000', 1, NULL, '2026-02-27 15:53:49', 1, '2026-02-27 16:09:19'),
(158, 1, 158, 185, 4, 50, NULL, 'IMP-260227-000189-81B8', 'apartado', 'AirB&B', 9, NULL, NULL, '2026-01-21', '2026-02-01', NULL, NULL, NULL, NULL, 1, 0, 0, 'MXN', 0, 0, 0, NULL, NULL, NULL, NULL, NULL, NULL, NULL, '$18000', 1, NULL, '2026-02-27 15:53:49', 1, '2026-02-27 16:09:19'),
(159, 1, 159, 177, 6, 45, NULL, 'IMP-260227-000190-81B8', 'apartado', 'Booking', 8, NULL, NULL, '2026-01-01', '2026-01-04', NULL, NULL, NULL, NULL, 1, 0, 0, 'MXN', 0, 0, 0, NULL, NULL, NULL, NULL, NULL, NULL, NULL, NULL, 1, NULL, '2026-02-27 15:53:49', 1, '2026-02-27 16:17:45'),
(160, 1, 160, 177, 6, 45, NULL, 'IMP-260227-000191-81B8', 'apartado', 'AirB&B', 9, NULL, NULL, '2026-01-04', '2026-01-09', NULL, NULL, NULL, NULL, 1, 0, 0, 'MXN', 0, 0, 0, NULL, NULL, NULL, NULL, NULL, NULL, NULL, '$7300', 1, NULL, '2026-02-27 15:53:49', 1, '2026-02-27 16:09:19'),
(161, 1, 161, 177, 6, 45, NULL, 'IMP-260227-000192-81B8', 'apartado', 'AirB&B', 9, NULL, NULL, '2026-01-09', '2026-01-10', NULL, NULL, NULL, NULL, 1, 0, 0, 'MXN', 0, 0, 0, NULL, NULL, NULL, NULL, NULL, NULL, NULL, '$1500', 1, NULL, '2026-02-27 15:53:49', 1, '2026-02-27 16:09:19'),
(162, 1, 162, 177, 6, 45, NULL, 'IMP-260227-000193-81B8', 'apartado', 'Booking', 8, NULL, NULL, '2026-01-10', '2026-01-12', NULL, NULL, NULL, NULL, 1, 0, 0, 'MXN', 0, 0, 0, NULL, NULL, NULL, NULL, NULL, NULL, NULL, '$3398', 1, NULL, '2026-02-27 15:53:49', 1, '2026-02-27 16:09:19'),
(163, 1, 163, 177, 6, 45, NULL, 'IMP-260227-000194-81B8', 'apartado', 'Mapas', NULL, 27, NULL, '2026-01-18', '2026-01-21', NULL, NULL, NULL, NULL, 1, 0, 0, 'MXN', 0, 0, 0, NULL, NULL, NULL, NULL, NULL, NULL, NULL, '$4500', 1, NULL, '2026-02-27 15:53:49', 1, '2026-02-27 16:09:19'),
(164, 1, 164, 177, 6, 45, NULL, 'IMP-260227-000195-81B9', 'apartado', 'AirB&B', 9, NULL, NULL, '2026-01-22', '2026-01-25', NULL, NULL, NULL, NULL, 1, 0, 0, 'MXN', 0, 0, 0, NULL, NULL, NULL, NULL, NULL, NULL, NULL, '$4624', 1, NULL, '2026-02-27 15:53:49', 1, '2026-02-27 16:09:19'),
(165, 1, 165, 177, 6, 45, NULL, 'IMP-260227-000196-81B9', 'apartado', 'AirB&B', 9, NULL, NULL, '2026-01-25', '2026-01-29', NULL, NULL, NULL, NULL, 1, 0, 0, 'MXN', 0, 0, 0, NULL, NULL, NULL, NULL, NULL, NULL, NULL, '$7000', 1, NULL, '2026-02-27 15:53:49', 1, '2026-02-27 16:09:19'),
(166, 1, 166, 177, 6, 45, NULL, 'IMP-260227-000197-81B9', 'apartado', 'AirB&B', 9, NULL, NULL, '2026-01-29', '2026-02-01', NULL, NULL, NULL, NULL, 1, 0, 0, 'MXN', 0, 0, 0, NULL, NULL, NULL, NULL, NULL, NULL, NULL, '$5685', 1, NULL, '2026-02-27 15:53:49', 1, '2026-02-27 16:09:19'),
(167, 1, 167, 178, 6, 45, NULL, 'IMP-260227-000198-81B9', 'apartado', 'Booking', 8, NULL, NULL, '2026-01-01', '2026-01-02', NULL, NULL, NULL, NULL, 1, 0, 0, 'MXN', 0, 0, 0, NULL, NULL, NULL, NULL, NULL, NULL, NULL, NULL, 1, NULL, '2026-02-27 15:53:49', 1, '2026-02-27 16:17:45'),
(168, 1, 168, 178, 6, 45, NULL, 'IMP-260227-000199-81B9', 'apartado', 'AirB&B', 9, NULL, NULL, '2026-01-02', '2026-01-04', NULL, NULL, NULL, NULL, 1, 0, 0, 'MXN', 0, 0, 0, NULL, NULL, NULL, NULL, NULL, NULL, NULL, '$3400', 1, NULL, '2026-02-27 15:53:49', 1, '2026-02-27 16:09:19'),
(169, 1, 169, 178, 6, 45, NULL, 'IMP-260227-000200-81B9', 'apartado', 'AirB&B', 9, NULL, NULL, '2026-01-04', '2026-01-05', NULL, NULL, NULL, NULL, 1, 0, 0, 'MXN', 0, 0, 0, NULL, NULL, NULL, NULL, NULL, NULL, NULL, '$1800', 1, NULL, '2026-02-27 15:53:49', 1, '2026-02-27 16:09:19'),
(170, 1, 170, 178, 6, 45, NULL, 'IMP-260227-000201-81B9', 'apartado', 'Booking', 8, NULL, NULL, '2026-01-08', '2026-01-11', NULL, NULL, NULL, NULL, 1, 0, 0, 'MXN', 0, 0, 0, NULL, NULL, NULL, NULL, NULL, NULL, NULL, '$4313', 1, NULL, '2026-02-27 15:53:49', 1, '2026-02-27 16:09:19'),
(171, 1, 171, 178, 6, 45, NULL, 'IMP-260227-000202-81B9', 'apartado', 'Expedia', 12, NULL, NULL, '2026-01-11', '2026-01-13', NULL, NULL, NULL, NULL, 1, 0, 0, 'MXN', 0, 0, 0, NULL, NULL, NULL, NULL, NULL, NULL, NULL, '$2670', 1, NULL, '2026-02-27 15:53:49', 1, '2026-02-27 16:09:19'),
(172, 1, 172, 178, 6, 45, NULL, 'IMP-260227-000203-81B9', 'apartado', 'Expedia', 12, NULL, NULL, '2026-01-16', '2026-01-20', NULL, NULL, NULL, NULL, 1, 0, 0, 'MXN', 0, 0, 0, NULL, NULL, NULL, NULL, NULL, NULL, NULL, '$5200', 1, NULL, '2026-02-27 15:53:49', 1, '2026-02-27 16:09:19'),
(173, 1, 173, 178, 6, 45, NULL, 'IMP-260227-000204-81B9', 'apartado', 'AirB&B', 9, NULL, NULL, '2026-01-21', '2026-01-22', NULL, NULL, NULL, NULL, 1, 0, 0, 'MXN', 0, 0, 0, NULL, NULL, NULL, NULL, NULL, NULL, NULL, '$1300', 1, NULL, '2026-02-27 15:53:49', 1, '2026-02-27 16:09:19'),
(174, 1, 174, 178, 6, 45, NULL, 'IMP-260227-000205-81BA', 'apartado', 'Booking', 8, NULL, NULL, '2026-01-23', '2026-01-27', NULL, NULL, NULL, NULL, 1, 0, 0, 'MXN', 0, 0, 0, NULL, NULL, NULL, NULL, NULL, NULL, NULL, '$7000', 1, NULL, '2026-02-27 15:53:49', 1, '2026-02-27 16:09:19'),
(175, 1, 175, 178, 6, 45, NULL, 'IMP-260227-000206-81BA', 'apartado', 'Booking', 8, NULL, NULL, '2026-01-27', '2026-01-29', NULL, NULL, NULL, NULL, 1, 0, 0, 'MXN', 0, 0, 0, NULL, NULL, NULL, NULL, NULL, NULL, NULL, '$2600', 1, NULL, '2026-02-27 15:53:49', 1, '2026-02-27 16:09:19'),
(176, 1, 176, 178, 6, 45, NULL, 'IMP-260227-000207-81BA', 'apartado', 'Booking', 8, NULL, NULL, '2026-01-29', '2026-02-01', NULL, NULL, NULL, NULL, 1, 0, 0, 'MXN', 0, 0, 0, NULL, NULL, NULL, NULL, NULL, NULL, NULL, '$5300', 1, NULL, '2026-02-27 15:53:49', 1, '2026-02-27 16:09:19'),
(177, 1, 177, 230, 6, 45, NULL, 'IMP-260227-000208-81BA', 'apartado', 'AirB&B', 9, NULL, NULL, '2026-01-01', '2026-01-02', NULL, NULL, NULL, NULL, 1, 0, 0, 'MXN', 0, 0, 0, NULL, NULL, NULL, NULL, NULL, NULL, NULL, NULL, 1, NULL, '2026-02-27 15:53:49', 1, '2026-02-27 16:17:45');
INSERT INTO `reservation` (`id_reservation`, `id_user`, `id_guest`, `id_room`, `id_property`, `id_category`, `id_rateplan`, `code`, `status`, `source`, `id_ota_account`, `id_reservation_source`, `channel_ref`, `check_in_date`, `check_out_date`, `eta`, `etd`, `checkin_at`, `checkout_at`, `adults`, `children`, `infants`, `currency`, `total_price_cents`, `balance_due_cents`, `deposit_due_cents`, `deposit_due_at`, `rate_snapshot_json`, `price_breakdown_json`, `cancel_reason`, `canceled_at`, `hold_until`, `notes_guest`, `notes_internal`, `is_active`, `deleted_at`, `created_at`, `created_by`, `updated_at`) VALUES
(178, 1, 178, 230, 6, 45, NULL, 'IMP-260227-000209-81BA', 'apartado', 'Booking', 8, NULL, NULL, '2026-01-02', '2026-01-03', NULL, NULL, NULL, NULL, 1, 0, 0, 'MXN', 0, 0, 0, NULL, NULL, NULL, NULL, NULL, NULL, NULL, '$1500', 1, NULL, '2026-02-27 15:53:49', 1, '2026-02-27 16:09:19'),
(179, 1, 179, 231, 6, 45, NULL, 'IMP-260227-000210-81BA', 'apartado', 'AirB&B', 9, NULL, NULL, '2026-01-01', '2026-01-02', NULL, NULL, NULL, NULL, 1, 0, 0, 'MXN', 0, 0, 0, NULL, NULL, NULL, NULL, NULL, NULL, NULL, '$3000', 1, NULL, '2026-02-27 15:53:49', 1, '2026-02-27 16:09:19'),
(180, 1, 180, 231, 6, 45, NULL, 'IMP-260227-000211-81BA', 'apartado', 'AirB&B', 9, NULL, NULL, '2026-01-02', '2026-01-06', NULL, NULL, NULL, NULL, 1, 0, 0, 'MXN', 0, 0, 0, NULL, NULL, NULL, NULL, NULL, NULL, NULL, '$10000', 1, NULL, '2026-02-27 15:53:49', 1, '2026-02-27 16:09:19'),
(181, 1, 181, 231, 6, 45, NULL, 'IMP-260227-000212-81BB', 'apartado', 'AirB&B', 9, NULL, NULL, '2026-01-06', '2026-01-09', NULL, NULL, NULL, NULL, 1, 0, 0, 'MXN', 0, 0, 0, NULL, NULL, NULL, NULL, NULL, NULL, NULL, '$7500', 1, NULL, '2026-02-27 15:53:49', 1, '2026-02-27 16:09:19'),
(182, 1, 182, 231, 6, 45, NULL, 'IMP-260227-000213-81BB', 'apartado', 'Booking', 8, NULL, NULL, '2026-01-09', '2026-01-14', NULL, NULL, NULL, NULL, 1, 0, 0, 'MXN', 0, 0, 0, NULL, NULL, NULL, NULL, NULL, NULL, NULL, '$7817', 1, NULL, '2026-02-27 15:53:49', 1, '2026-02-27 16:09:19'),
(183, 1, 183, 211, 9, 58, NULL, 'IMP-260227-000214-81BB', 'apartado', 'Booking', 8, NULL, NULL, '2026-01-01', '2026-01-02', NULL, NULL, NULL, NULL, 1, 0, 0, 'MXN', 0, 0, 0, NULL, NULL, NULL, NULL, NULL, NULL, NULL, NULL, 1, NULL, '2026-02-27 15:53:49', 1, '2026-02-27 16:17:45'),
(184, 1, 184, 211, 9, 58, NULL, 'IMP-260227-000215-81BB', 'apartado', 'Mapas', NULL, 27, NULL, '2026-01-02', '2026-01-03', NULL, NULL, NULL, NULL, 1, 0, 0, 'MXN', 0, 0, 0, NULL, NULL, NULL, NULL, NULL, NULL, NULL, '$1200', 1, NULL, '2026-02-27 15:53:49', 1, '2026-02-27 16:09:19'),
(185, 1, 185, 211, 9, 58, NULL, 'IMP-260227-000216-81BB', 'apartado', 'Mapas', NULL, 27, NULL, '2026-01-03', '2026-01-04', NULL, NULL, NULL, NULL, 1, 0, 0, 'MXN', 0, 0, 0, NULL, NULL, NULL, NULL, NULL, NULL, NULL, '$1300', 1, NULL, '2026-02-27 15:53:49', 1, '2026-02-27 16:09:19'),
(186, 1, 186, 211, 9, 58, NULL, 'IMP-260227-000217-81BB', 'apartado', 'Mapas', NULL, 27, NULL, '2026-01-04', '2026-01-05', NULL, NULL, NULL, NULL, 1, 0, 0, 'MXN', 0, 0, 0, NULL, NULL, NULL, NULL, NULL, NULL, NULL, '$1500', 1, NULL, '2026-02-27 15:53:49', 1, '2026-02-27 16:09:19'),
(187, 1, 187, 211, 9, 58, NULL, 'IMP-260227-000218-81BB', 'apartado', 'Mapas', NULL, 27, NULL, '2026-01-05', '2026-01-06', NULL, NULL, NULL, NULL, 1, 0, 0, 'MXN', 0, 0, 0, NULL, NULL, NULL, NULL, NULL, NULL, NULL, '$700', 1, NULL, '2026-02-27 15:53:49', 1, '2026-02-27 16:09:19'),
(188, 1, 188, 211, 9, 58, NULL, 'IMP-260227-000219-81BB', 'apartado', 'Booking', 8, NULL, NULL, '2026-01-08', '2026-01-09', NULL, NULL, NULL, NULL, 1, 0, 0, 'MXN', 0, 0, 0, NULL, NULL, NULL, NULL, NULL, NULL, NULL, '$2700', 1, NULL, '2026-02-27 15:53:49', 1, '2026-02-27 16:09:19'),
(189, 1, 189, 211, 9, 58, NULL, 'IMP-260227-000220-81BB', 'apartado', 'Mapas', NULL, 27, NULL, '2026-01-26', '2026-01-27', NULL, NULL, NULL, NULL, 1, 0, 0, 'MXN', 0, 0, 0, NULL, NULL, NULL, NULL, NULL, NULL, NULL, '$650', 1, NULL, '2026-02-27 15:53:49', 1, '2026-02-27 16:09:19'),
(190, 1, 190, 211, 9, 58, NULL, 'IMP-260227-000221-81BB', 'apartado', 'Mapas', NULL, 27, NULL, '2026-01-31', '2026-02-01', NULL, NULL, NULL, NULL, 1, 0, 0, 'MXN', 0, 0, 0, NULL, NULL, NULL, NULL, NULL, NULL, NULL, '$800', 1, NULL, '2026-02-27 15:53:49', 1, '2026-02-27 16:09:19'),
(191, 1, 191, 212, 9, 58, NULL, 'IMP-260227-000222-81BC', 'apartado', 'Mapas', NULL, 27, NULL, '2026-01-01', '2026-01-04', NULL, NULL, NULL, NULL, 1, 0, 0, 'MXN', 0, 0, 0, NULL, NULL, NULL, NULL, NULL, NULL, NULL, NULL, 1, NULL, '2026-02-27 15:53:49', 1, '2026-02-27 16:17:45'),
(192, 1, 192, 212, 9, 58, NULL, 'IMP-260227-000223-81BC', 'apartado', 'Mapas', NULL, 27, NULL, '2026-01-04', '2026-01-05', NULL, NULL, NULL, NULL, 1, 0, 0, 'MXN', 0, 0, 0, NULL, NULL, NULL, NULL, NULL, NULL, NULL, '$1500', 1, NULL, '2026-02-27 15:53:49', 1, '2026-02-27 16:09:19'),
(193, 1, 193, 212, 9, 58, NULL, 'IMP-260227-000224-81BC', 'apartado', 'Booking', 8, NULL, NULL, '2026-01-10', '2026-01-12', NULL, NULL, NULL, NULL, 1, 0, 0, 'MXN', 0, 0, 0, NULL, NULL, NULL, NULL, NULL, NULL, NULL, '$2000', 1, NULL, '2026-02-27 15:53:49', 1, '2026-02-27 16:09:19'),
(194, 1, 194, 212, 9, 58, NULL, 'IMP-260227-000225-81BC', 'apartado', 'Mapas', NULL, 27, NULL, '2026-01-16', '2026-01-17', NULL, NULL, NULL, NULL, 1, 0, 0, 'MXN', 0, 0, 0, NULL, NULL, NULL, NULL, NULL, NULL, NULL, '$450', 1, NULL, '2026-02-27 15:53:49', 1, '2026-02-27 16:09:19'),
(195, 1, 195, 212, 9, 58, NULL, 'IMP-260227-000226-81BC', 'apartado', 'Mapas', NULL, 27, NULL, '2026-01-17', '2026-01-18', NULL, NULL, NULL, NULL, 1, 0, 0, 'MXN', 0, 0, 0, NULL, NULL, NULL, NULL, NULL, NULL, NULL, '$700', 1, NULL, '2026-02-27 15:53:49', 1, '2026-02-27 16:09:19'),
(196, 1, 196, 212, 9, 58, NULL, 'IMP-260227-000227-81BC', 'apartado', 'Booking', 8, NULL, NULL, '2026-01-25', '2026-01-26', NULL, NULL, NULL, NULL, 1, 0, 0, 'MXN', 0, 0, 0, NULL, NULL, NULL, NULL, NULL, NULL, NULL, '$800', 1, NULL, '2026-02-27 15:53:49', 1, '2026-02-27 16:09:19'),
(197, 1, 197, 212, 9, 58, NULL, 'IMP-260227-000228-81BC', 'apartado', 'Mapas', NULL, 27, NULL, '2026-01-27', '2026-01-28', NULL, NULL, NULL, NULL, 1, 0, 0, 'MXN', 0, 0, 0, NULL, NULL, NULL, NULL, NULL, NULL, NULL, '$700', 1, NULL, '2026-02-27 15:53:49', 1, '2026-02-27 16:09:19'),
(198, 1, 198, 212, 9, 58, NULL, 'IMP-260227-000229-81BC', 'apartado', 'Mapas', NULL, 27, NULL, '2026-01-28', '2026-01-29', NULL, NULL, NULL, NULL, 1, 0, 0, 'MXN', 0, 0, 0, NULL, NULL, NULL, NULL, NULL, NULL, NULL, '$700', 1, NULL, '2026-02-27 15:53:49', 1, '2026-02-27 16:09:19'),
(199, 1, 199, 212, 9, 58, NULL, 'IMP-260227-000230-81BC', 'apartado', 'AirB&B', 9, NULL, NULL, '2026-01-31', '2026-02-01', NULL, NULL, NULL, NULL, 1, 0, 0, 'MXN', 0, 0, 0, NULL, NULL, NULL, NULL, NULL, NULL, NULL, '$800', 1, NULL, '2026-02-27 15:53:49', 1, '2026-02-27 16:09:19'),
(200, 1, 200, 213, 9, 58, NULL, 'IMP-260227-000231-81BD', 'apartado', 'Mapas', NULL, 27, NULL, '2026-01-01', '2026-01-04', NULL, NULL, NULL, NULL, 1, 0, 0, 'MXN', 0, 0, 0, NULL, NULL, NULL, NULL, NULL, NULL, NULL, NULL, 1, NULL, '2026-02-27 15:53:49', 1, '2026-02-27 16:17:45'),
(201, 1, 201, 213, 9, 58, NULL, 'IMP-260227-000232-81BD', 'apartado', 'Booking', 8, NULL, NULL, '2026-01-04', '2026-01-07', NULL, NULL, NULL, NULL, 1, 0, 0, 'MXN', 0, 0, 0, NULL, NULL, NULL, NULL, NULL, NULL, NULL, NULL, 1, NULL, '2026-02-27 15:53:49', 1, '2026-02-27 16:17:45'),
(202, 1, 202, 213, 9, 58, NULL, 'IMP-260227-000233-81BD', 'apartado', 'Booking', 8, NULL, NULL, '2026-01-18', '2026-01-19', NULL, NULL, NULL, NULL, 1, 0, 0, 'MXN', 0, 0, 0, NULL, NULL, NULL, NULL, NULL, NULL, NULL, NULL, 1, NULL, '2026-02-27 15:53:49', 1, '2026-02-27 16:17:45'),
(203, 1, 203, 213, 9, 58, NULL, 'IMP-260227-000234-81BD', 'apartado', 'Mapas', NULL, 27, NULL, '2026-01-23', '2026-01-24', NULL, NULL, NULL, NULL, 1, 0, 0, 'MXN', 0, 0, 0, NULL, NULL, NULL, NULL, NULL, NULL, NULL, '$700', 1, NULL, '2026-02-27 15:53:49', 1, '2026-02-27 16:09:19'),
(204, 1, 204, 213, 9, 58, NULL, 'IMP-260227-000235-81BD', 'apartado', 'AirB&B', 9, NULL, NULL, '2026-01-25', '2026-01-29', NULL, NULL, NULL, NULL, 1, 0, 0, 'MXN', 0, 0, 0, NULL, NULL, NULL, NULL, NULL, NULL, NULL, '$3600', 1, NULL, '2026-02-27 15:53:49', 1, '2026-02-27 16:09:19'),
(205, 1, 205, 213, 9, 58, NULL, 'IMP-260227-000236-81BD', 'apartado', 'Mapas', NULL, 27, NULL, '2026-01-31', '2026-02-01', NULL, NULL, NULL, NULL, 1, 0, 0, 'MXN', 0, 0, 0, NULL, NULL, NULL, NULL, NULL, NULL, NULL, '$2000', 1, NULL, '2026-02-27 15:53:49', 1, '2026-02-27 16:09:19'),
(206, 1, 206, 214, 9, 58, NULL, 'IMP-260227-000237-81BD', 'apartado', 'Mapas', NULL, 27, NULL, '2026-01-01', '2026-01-04', NULL, NULL, NULL, NULL, 1, 0, 0, 'MXN', 0, 0, 0, NULL, NULL, NULL, NULL, NULL, NULL, NULL, NULL, 1, NULL, '2026-02-27 15:53:49', 1, '2026-02-27 16:17:45'),
(207, 1, 207, 214, 9, 58, NULL, 'IMP-260227-000238-81BD', 'apartado', 'Booking', 8, NULL, NULL, '2026-01-04', '2026-01-07', NULL, NULL, NULL, NULL, 1, 0, 0, 'MXN', 0, 0, 0, NULL, NULL, NULL, NULL, NULL, NULL, NULL, '$10000', 1, NULL, '2026-02-27 15:53:49', 1, '2026-02-27 16:09:19'),
(208, 1, 208, 214, 9, 58, NULL, 'IMP-260227-000239-81BD', 'apartado', 'AirB&B', 9, NULL, NULL, '2026-01-07', '2026-01-11', NULL, NULL, NULL, NULL, 1, 0, 0, 'MXN', 0, 0, 0, NULL, NULL, NULL, NULL, NULL, NULL, NULL, '$4600', 1, NULL, '2026-02-27 15:53:49', 1, '2026-02-27 16:09:19'),
(209, 1, 209, 214, 9, 58, NULL, 'IMP-260227-000240-81BD', 'apartado', 'Booking', 8, NULL, NULL, '2026-01-14', '2026-01-15', NULL, NULL, NULL, NULL, 1, 0, 0, 'MXN', 0, 0, 0, NULL, NULL, NULL, NULL, NULL, NULL, NULL, NULL, 1, NULL, '2026-02-27 15:53:49', 1, '2026-02-27 16:17:45'),
(210, 1, 210, 214, 9, 58, NULL, 'IMP-260227-000241-81BE', 'apartado', 'Mapas', NULL, 27, NULL, '2026-01-16', '2026-01-17', NULL, NULL, NULL, NULL, 1, 0, 0, 'MXN', 0, 0, 0, NULL, NULL, NULL, NULL, NULL, NULL, NULL, '$680', 1, NULL, '2026-02-27 15:53:49', 1, '2026-02-27 16:09:19'),
(211, 1, 211, 214, 9, 58, NULL, 'IMP-260227-000242-81BE', 'apartado', 'Mapas', NULL, 27, NULL, '2026-01-17', '2026-01-18', NULL, NULL, NULL, NULL, 1, 0, 0, 'MXN', 0, 0, 0, NULL, NULL, NULL, NULL, NULL, NULL, NULL, '$700', 1, NULL, '2026-02-27 15:53:49', 1, '2026-02-27 16:09:19'),
(212, 1, 212, 214, 9, 58, NULL, 'IMP-260227-000243-81BE', 'apartado', 'Mapas', NULL, 27, NULL, '2026-01-21', '2026-01-22', NULL, NULL, NULL, NULL, 1, 0, 0, 'MXN', 0, 0, 0, NULL, NULL, NULL, NULL, NULL, NULL, NULL, '$650', 1, NULL, '2026-02-27 15:53:49', 1, '2026-02-27 16:09:19'),
(213, 1, 213, 214, 9, 58, NULL, 'IMP-260227-000244-81BE', 'apartado', 'Mapas', NULL, 27, NULL, '2026-01-22', '2026-01-23', NULL, NULL, NULL, NULL, 1, 0, 0, 'MXN', 0, 0, 0, NULL, NULL, NULL, NULL, NULL, NULL, NULL, '$650', 1, NULL, '2026-02-27 15:53:49', 1, '2026-02-27 16:09:19'),
(214, 1, 214, 214, 9, 58, NULL, 'IMP-260227-000245-81BE', 'apartado', 'Mapas', NULL, 27, NULL, '2026-01-23', '2026-01-24', NULL, NULL, NULL, NULL, 1, 0, 0, 'MXN', 0, 0, 0, NULL, NULL, NULL, NULL, NULL, NULL, NULL, '$650', 1, NULL, '2026-02-27 15:53:49', 1, '2026-02-27 16:09:19'),
(215, 1, 215, 214, 9, 58, NULL, 'IMP-260227-000246-81BE', 'apartado', 'Booking', 8, NULL, NULL, '2026-01-26', '2026-01-30', NULL, NULL, NULL, NULL, 1, 0, 0, 'MXN', 0, 0, 0, NULL, NULL, NULL, NULL, NULL, NULL, NULL, '$3300', 1, NULL, '2026-02-27 15:53:49', 1, '2026-02-27 16:09:19'),
(216, 1, 216, 214, 9, 58, NULL, 'IMP-260227-000247-81BE', 'apartado', 'Booking', 8, NULL, NULL, '2026-01-30', '2026-02-01', NULL, NULL, NULL, NULL, 1, 0, 0, 'MXN', 0, 0, 0, NULL, NULL, NULL, NULL, NULL, NULL, NULL, '$2475', 1, NULL, '2026-02-27 15:53:49', 1, '2026-02-27 16:09:19'),
(217, 1, 217, 215, 9, 59, NULL, 'IMP-260227-000248-81BE', 'apartado', 'AirB&B', 9, NULL, NULL, '2026-01-01', '2026-01-04', NULL, NULL, NULL, NULL, 1, 0, 0, 'MXN', 0, 0, 0, NULL, NULL, NULL, NULL, NULL, NULL, NULL, '$4500', 1, NULL, '2026-02-27 15:53:49', 1, '2026-02-27 16:09:19'),
(218, 1, 218, 215, 9, 59, NULL, 'IMP-260227-000249-81BE', 'apartado', 'Booking', 8, NULL, NULL, '2026-01-04', '2026-01-07', NULL, NULL, NULL, NULL, 1, 0, 0, 'MXN', 0, 0, 0, NULL, NULL, NULL, NULL, NULL, NULL, NULL, NULL, 1, NULL, '2026-02-27 15:53:49', 1, '2026-02-27 16:17:45'),
(219, 1, 219, 215, 9, 59, NULL, 'IMP-260227-000250-81BE', 'apartado', 'Booking', 8, NULL, NULL, '2026-01-07', '2026-01-08', NULL, NULL, NULL, NULL, 1, 0, 0, 'MXN', 0, 0, 0, NULL, NULL, NULL, NULL, NULL, NULL, NULL, '$800', 1, NULL, '2026-02-27 15:53:49', 1, '2026-02-27 16:09:19'),
(220, 1, 220, 215, 9, 59, NULL, 'IMP-260227-000251-81BE', 'apartado', 'Mapas', NULL, 27, NULL, '2026-01-09', '2026-01-10', NULL, NULL, NULL, NULL, 1, 0, 0, 'MXN', 0, 0, 0, NULL, NULL, NULL, NULL, NULL, NULL, NULL, '$1000', 1, NULL, '2026-02-27 15:53:49', 1, '2026-02-27 16:09:19'),
(221, 1, 221, 215, 9, 59, NULL, 'IMP-260227-000252-81BF', 'apartado', 'Mapas', NULL, 27, NULL, '2026-01-10', '2026-01-11', NULL, NULL, NULL, NULL, 1, 0, 0, 'MXN', 0, 0, 0, NULL, NULL, NULL, NULL, NULL, NULL, NULL, '$1000', 1, NULL, '2026-02-27 15:53:49', 1, '2026-02-27 16:09:19'),
(222, 1, 222, 215, 9, 59, NULL, 'IMP-260227-000253-81BF', 'apartado', 'Mapas', NULL, 27, NULL, '2026-01-17', '2026-01-18', NULL, NULL, NULL, NULL, 1, 0, 0, 'MXN', 0, 0, 0, NULL, NULL, NULL, NULL, NULL, NULL, NULL, '$900', 1, NULL, '2026-02-27 15:53:49', 1, '2026-02-27 16:09:19'),
(223, 1, 223, 215, 9, 59, NULL, 'IMP-260227-000254-81BF', 'apartado', 'Booking', 8, NULL, NULL, '2026-01-21', '2026-01-22', NULL, NULL, NULL, NULL, 1, 0, 0, 'MXN', 0, 0, 0, NULL, NULL, NULL, NULL, NULL, NULL, NULL, '$830', 1, NULL, '2026-02-27 15:53:49', 1, '2026-02-27 16:09:19'),
(224, 1, 224, 215, 9, 59, NULL, 'IMP-260227-000255-81BF', 'apartado', 'Booking', 8, NULL, NULL, '2026-01-22', '2026-01-23', NULL, NULL, NULL, NULL, 1, 0, 0, 'MXN', 0, 0, 0, NULL, NULL, NULL, NULL, NULL, NULL, NULL, '$830', 1, NULL, '2026-02-27 15:53:49', 1, '2026-02-27 16:09:19'),
(225, 1, 225, 215, 9, 59, NULL, 'IMP-260227-000256-81BF', 'apartado', 'Mapas', NULL, 27, NULL, '2026-01-25', '2026-01-27', NULL, NULL, NULL, NULL, 1, 0, 0, 'MXN', 0, 0, 0, NULL, NULL, NULL, NULL, NULL, NULL, NULL, '$2000', 1, NULL, '2026-02-27 15:53:49', 1, '2026-02-27 16:09:19'),
(226, 1, 226, 215, 9, 59, NULL, 'IMP-260227-000257-81BF', 'apartado', 'Mapas', NULL, 27, NULL, '2026-01-29', '2026-01-31', NULL, NULL, NULL, NULL, 1, 0, 0, 'MXN', 0, 0, 0, NULL, NULL, NULL, NULL, NULL, NULL, NULL, '$1600', 1, NULL, '2026-02-27 15:53:49', 1, '2026-02-27 16:09:19'),
(227, 1, 227, 215, 9, 59, NULL, 'IMP-260227-000258-81BF', 'apartado', 'Mapas', NULL, 27, NULL, '2026-01-31', '2026-02-01', NULL, NULL, NULL, NULL, 1, 0, 0, 'MXN', 0, 0, 0, NULL, NULL, NULL, NULL, NULL, NULL, NULL, '$700', 1, NULL, '2026-02-27 15:53:49', 1, '2026-02-27 16:09:19'),
(228, 1, 228, 216, 9, 59, NULL, 'IMP-260227-000259-81BF', 'apartado', 'Booking', 8, NULL, NULL, '2026-01-01', '2026-01-03', NULL, NULL, NULL, NULL, 1, 0, 0, 'MXN', 0, 0, 0, NULL, NULL, NULL, NULL, NULL, NULL, NULL, NULL, 1, NULL, '2026-02-27 15:53:49', 1, '2026-02-27 16:17:45'),
(229, 1, 229, 216, 9, 59, NULL, 'IMP-260227-000260-81BF', 'apartado', 'AirB&B', 9, NULL, NULL, '2026-01-03', '2026-01-04', NULL, NULL, NULL, NULL, 1, 0, 0, 'MXN', 0, 0, 0, NULL, NULL, NULL, NULL, NULL, NULL, NULL, '$1900', 1, NULL, '2026-02-27 15:53:49', 1, '2026-02-27 16:09:19'),
(230, 1, 230, 216, 9, 59, NULL, 'IMP-260227-000261-81BF', 'apartado', 'Mapas', NULL, 27, NULL, '2026-01-04', '2026-01-05', NULL, NULL, NULL, NULL, 1, 0, 0, 'MXN', 0, 0, 0, NULL, NULL, NULL, NULL, NULL, NULL, NULL, '$1000', 1, NULL, '2026-02-27 15:53:49', 1, '2026-02-27 16:09:19'),
(231, 1, 231, 216, 9, 59, NULL, 'IMP-260227-000262-81BF', 'apartado', 'Expedia', 12, NULL, NULL, '2026-01-05', '2026-01-06', NULL, NULL, NULL, NULL, 1, 0, 0, 'MXN', 0, 0, 0, NULL, NULL, NULL, NULL, NULL, NULL, NULL, '$800', 1, NULL, '2026-02-27 15:53:49', 1, '2026-02-27 16:09:19'),
(232, 1, 232, 216, 9, 59, NULL, 'IMP-260227-000263-81C0', 'apartado', 'Expedia', 12, NULL, NULL, '2026-01-06', '2026-01-07', NULL, NULL, NULL, NULL, 1, 0, 0, 'MXN', 0, 0, 0, NULL, NULL, NULL, NULL, NULL, NULL, NULL, '$2000', 1, NULL, '2026-02-27 15:53:49', 1, '2026-02-27 16:09:19'),
(233, 1, 233, 216, 9, 59, NULL, 'IMP-260227-000264-81C0', 'apartado', 'Booking', 8, NULL, NULL, '2026-01-07', '2026-01-08', NULL, NULL, NULL, NULL, 1, 0, 0, 'MXN', 0, 0, 0, NULL, NULL, NULL, NULL, NULL, NULL, NULL, '$800', 1, NULL, '2026-02-27 15:53:49', 1, '2026-02-27 16:09:19'),
(234, 1, 234, 216, 9, 59, NULL, 'IMP-260227-000265-81C0', 'apartado', 'Mapas', NULL, 27, NULL, '2026-01-08', '2026-01-09', NULL, NULL, NULL, NULL, 1, 0, 0, 'MXN', 0, 0, 0, NULL, NULL, NULL, NULL, NULL, NULL, NULL, '$1200', 1, NULL, '2026-02-27 15:53:49', 1, '2026-02-27 16:09:19'),
(235, 1, 235, 216, 9, 59, NULL, 'IMP-260227-000266-81C0', 'apartado', 'Mapas', NULL, 27, NULL, '2026-01-09', '2026-01-10', NULL, NULL, NULL, NULL, 1, 0, 0, 'MXN', 0, 0, 0, NULL, NULL, NULL, NULL, NULL, NULL, NULL, '$1100', 1, NULL, '2026-02-27 15:53:49', 1, '2026-02-27 16:09:19'),
(236, 1, 236, 216, 9, 59, NULL, 'IMP-260227-000267-81C0', 'apartado', 'Mapas', NULL, 27, NULL, '2026-01-10', '2026-01-11', NULL, NULL, NULL, NULL, 1, 0, 0, 'MXN', 0, 0, 0, NULL, NULL, NULL, NULL, NULL, NULL, NULL, '$1100', 1, NULL, '2026-02-27 15:53:49', 1, '2026-02-27 16:09:19'),
(237, 1, 237, 216, 9, 59, NULL, 'IMP-260227-000268-81C0', 'apartado', 'Mapas', NULL, 27, NULL, '2026-01-11', '2026-01-12', NULL, NULL, NULL, NULL, 1, 0, 0, 'MXN', 0, 0, 0, NULL, NULL, NULL, NULL, NULL, NULL, NULL, '$1000', 1, NULL, '2026-02-27 15:53:49', 1, '2026-02-27 16:09:19'),
(238, 1, 238, 216, 9, 59, NULL, 'IMP-260227-000269-81C0', 'apartado', 'Booking', 8, NULL, NULL, '2026-01-12', '2026-01-13', NULL, NULL, NULL, NULL, 1, 0, 0, 'MXN', 0, 0, 0, NULL, NULL, NULL, NULL, NULL, NULL, NULL, NULL, 1, NULL, '2026-02-27 15:53:49', 1, '2026-02-27 16:17:45'),
(239, 1, 239, 216, 9, 59, NULL, 'IMP-260227-000270-81C0', 'apartado', 'Mapas', NULL, 27, NULL, '2026-01-17', '2026-01-18', NULL, NULL, NULL, NULL, 1, 0, 0, 'MXN', 0, 0, 0, NULL, NULL, NULL, NULL, NULL, NULL, NULL, '$800', 1, NULL, '2026-02-27 15:53:49', 1, '2026-02-27 16:09:19'),
(240, 1, 240, 216, 9, 59, NULL, 'IMP-260227-000271-81C0', 'apartado', 'Mapas', NULL, 27, NULL, '2026-01-24', '2026-01-26', NULL, NULL, NULL, NULL, 1, 0, 0, 'MXN', 0, 0, 0, NULL, NULL, NULL, NULL, NULL, NULL, NULL, '$2000', 1, NULL, '2026-02-27 15:53:49', 1, '2026-02-27 16:09:19'),
(241, 1, 241, 216, 9, 59, NULL, 'IMP-260227-000272-81C0', 'apartado', 'Mapas', NULL, 27, NULL, '2026-01-26', '2026-01-27', NULL, NULL, NULL, NULL, 1, 0, 0, 'MXN', 0, 0, 0, NULL, NULL, NULL, NULL, NULL, NULL, NULL, '$1000', 1, NULL, '2026-02-27 15:53:49', 1, '2026-02-27 16:09:19'),
(242, 1, 242, 216, 9, 59, NULL, 'IMP-260227-000273-81C0', 'apartado', 'Mapas', NULL, 27, NULL, '2026-01-27', '2026-01-28', NULL, NULL, NULL, NULL, 1, 0, 0, 'MXN', 0, 0, 0, NULL, NULL, NULL, NULL, NULL, NULL, NULL, '$1000', 1, NULL, '2026-02-27 15:53:49', 1, '2026-02-27 16:09:19'),
(243, 1, 243, 216, 9, 59, NULL, 'IMP-260227-000274-81C1', 'apartado', 'AirB&B', 9, NULL, NULL, '2026-01-31', '2026-02-01', NULL, NULL, NULL, NULL, 1, 0, 0, 'MXN', 0, 0, 0, NULL, NULL, NULL, NULL, NULL, NULL, NULL, '$1900', 1, NULL, '2026-02-27 15:53:49', 1, '2026-02-27 16:09:19'),
(244, 1, 244, 217, 9, 60, NULL, 'IMP-260227-000275-81C1', 'apartado', 'Booking', 8, NULL, NULL, '2026-01-01', '2026-01-02', NULL, NULL, NULL, NULL, 1, 0, 0, 'MXN', 0, 0, 0, NULL, NULL, NULL, NULL, NULL, NULL, NULL, NULL, 1, NULL, '2026-02-27 15:53:49', 1, '2026-02-27 16:17:45'),
(245, 1, 245, 217, 9, 60, NULL, 'IMP-260227-000276-81C1', 'apartado', 'AirB&B', 9, NULL, NULL, '2026-01-02', '2026-01-04', NULL, NULL, NULL, NULL, 1, 0, 0, 'MXN', 0, 0, 0, NULL, NULL, NULL, NULL, NULL, NULL, NULL, NULL, 1, NULL, '2026-02-27 15:53:49', 1, '2026-02-27 16:17:45'),
(246, 1, 246, 217, 9, 60, NULL, 'IMP-260227-000277-81C1', 'apartado', 'Mapas', NULL, 27, NULL, '2026-01-04', '2026-01-05', NULL, NULL, NULL, NULL, 1, 0, 0, 'MXN', 0, 0, 0, NULL, NULL, NULL, NULL, NULL, NULL, NULL, '$1300', 1, NULL, '2026-02-27 15:53:49', 1, '2026-02-27 16:09:19'),
(247, 1, 247, 217, 9, 60, NULL, 'IMP-260227-000278-81C1', 'apartado', 'Expedia', 12, NULL, NULL, '2026-01-09', '2026-01-10', NULL, NULL, NULL, NULL, 1, 0, 0, 'MXN', 0, 0, 0, NULL, NULL, NULL, NULL, NULL, NULL, NULL, '$700', 1, NULL, '2026-02-27 15:53:49', 1, '2026-02-27 16:09:19'),
(248, 1, 248, 217, 9, 60, NULL, 'IMP-260227-000279-81C1', 'apartado', 'Mapas', NULL, 27, NULL, '2026-01-11', '2026-01-12', NULL, NULL, NULL, NULL, 1, 0, 0, 'MXN', 0, 0, 0, NULL, NULL, NULL, NULL, NULL, NULL, NULL, '$700', 1, NULL, '2026-02-27 15:53:49', 1, '2026-02-27 16:09:19'),
(249, 1, 249, 217, 9, 60, NULL, 'IMP-260227-000280-81C1', 'apartado', 'Mapas', NULL, 27, NULL, '2026-01-16', '2026-01-17', NULL, NULL, NULL, NULL, 1, 0, 0, 'MXN', 0, 0, 0, NULL, NULL, NULL, NULL, NULL, NULL, NULL, '$700', 1, NULL, '2026-02-27 15:53:49', 1, '2026-02-27 16:09:19'),
(250, 1, 250, 217, 9, 60, NULL, 'IMP-260227-000281-81C1', 'apartado', 'Mapas', NULL, 27, NULL, '2026-01-21', '2026-01-22', NULL, NULL, NULL, NULL, 1, 0, 0, 'MXN', 0, 0, 0, NULL, NULL, NULL, NULL, NULL, NULL, NULL, '$650', 1, NULL, '2026-02-27 15:53:49', 1, '2026-02-27 16:09:19'),
(251, 1, 251, 217, 9, 60, NULL, 'IMP-260227-000282-81C2', 'apartado', 'Mapas', NULL, 27, NULL, '2026-01-23', '2026-01-24', NULL, NULL, NULL, NULL, 1, 0, 0, 'MXN', 0, 0, 0, NULL, NULL, NULL, NULL, NULL, NULL, NULL, '$650', 1, NULL, '2026-02-27 15:53:49', 1, '2026-02-27 16:09:19'),
(252, 1, 252, 217, 9, 60, NULL, 'IMP-260227-000283-81C2', 'apartado', 'Booking', 8, NULL, NULL, '2026-01-27', '2026-01-28', NULL, NULL, NULL, NULL, 1, 0, 0, 'MXN', 0, 0, 0, NULL, NULL, NULL, NULL, NULL, NULL, NULL, '$600', 1, NULL, '2026-02-27 15:53:49', 1, '2026-02-27 16:09:19'),
(253, 1, 253, 217, 9, 60, NULL, 'IMP-260227-000284-81C2', 'apartado', 'Mapas', NULL, 27, NULL, '2026-01-28', '2026-01-29', NULL, NULL, NULL, NULL, 1, 0, 0, 'MXN', 0, 0, 0, NULL, NULL, NULL, NULL, NULL, NULL, NULL, '$900', 1, NULL, '2026-02-27 15:53:49', 1, '2026-02-27 16:09:19'),
(254, 1, 254, 217, 9, 60, NULL, 'IMP-260227-000285-81C2', 'apartado', 'Mapas', NULL, 27, NULL, '2026-01-31', '2026-02-01', NULL, NULL, NULL, NULL, 1, 0, 0, 'MXN', 0, 0, 0, NULL, NULL, NULL, NULL, NULL, NULL, NULL, '$1300', 1, NULL, '2026-02-27 15:53:49', 1, '2026-02-27 16:09:19'),
(255, 1, 255, 218, 9, 60, NULL, 'IMP-260227-000286-81C2', 'apartado', 'AirB&B', 9, NULL, NULL, '2026-01-01', '2026-01-05', NULL, NULL, NULL, NULL, 1, 0, 0, 'MXN', 0, 0, 0, NULL, NULL, NULL, NULL, NULL, NULL, NULL, NULL, 1, NULL, '2026-02-27 15:53:49', 1, '2026-02-27 16:17:45'),
(256, 1, 256, 218, 9, 60, NULL, 'IMP-260227-000287-81C2', 'apartado', 'Booking', 8, NULL, NULL, '2026-01-06', '2026-01-07', NULL, NULL, NULL, NULL, 1, 0, 0, 'MXN', 0, 0, 0, NULL, NULL, NULL, NULL, NULL, NULL, NULL, '$700', 1, NULL, '2026-02-27 15:53:49', 1, '2026-02-27 16:09:19'),
(257, 1, 257, 218, 9, 60, NULL, 'IMP-260227-000288-81C2', 'apartado', 'AirB&B', 9, NULL, NULL, '2026-01-09', '2026-01-10', NULL, NULL, NULL, NULL, 1, 0, 0, 'MXN', 0, 0, 0, NULL, NULL, NULL, NULL, NULL, NULL, NULL, '$700', 1, NULL, '2026-02-27 15:53:49', 1, '2026-02-27 16:09:19'),
(258, 1, 258, 218, 9, 60, NULL, 'IMP-260227-000289-81C2', 'apartado', 'Mapas', NULL, 27, NULL, '2026-01-10', '2026-01-11', NULL, NULL, NULL, NULL, 1, 0, 0, 'MXN', 0, 0, 0, NULL, NULL, NULL, NULL, NULL, NULL, NULL, '$700', 1, NULL, '2026-02-27 15:53:49', 1, '2026-02-27 16:09:19'),
(259, 1, 259, 218, 9, 60, NULL, 'IMP-260227-000290-81C3', 'apartado', 'Booking', 8, NULL, NULL, '2026-01-13', '2026-01-14', NULL, NULL, NULL, NULL, 1, 0, 0, 'MXN', 0, 0, 0, NULL, NULL, NULL, NULL, NULL, NULL, NULL, '$700', 1, NULL, '2026-02-27 15:53:49', 1, '2026-02-27 16:09:19'),
(260, 1, 260, 218, 9, 60, NULL, 'IMP-260227-000291-81C3', 'apartado', 'Booking', 8, NULL, NULL, '2026-01-16', '2026-01-19', NULL, NULL, NULL, NULL, 1, 0, 0, 'MXN', 0, 0, 0, NULL, NULL, NULL, NULL, NULL, NULL, NULL, '$2064', 1, NULL, '2026-02-27 15:53:49', 1, '2026-02-27 16:09:19'),
(261, 1, 261, 218, 9, 60, NULL, 'IMP-260227-000292-81C3', 'apartado', 'Booking', 8, NULL, NULL, '2026-01-23', '2026-01-24', NULL, NULL, NULL, NULL, 1, 0, 0, 'MXN', 0, 0, 0, NULL, NULL, NULL, NULL, NULL, NULL, NULL, '$600', 1, NULL, '2026-02-27 15:53:49', 1, '2026-02-27 16:09:19'),
(262, 1, 262, 218, 9, 60, NULL, 'IMP-260227-000293-81C3', 'apartado', 'Mapas', NULL, 27, NULL, '2026-01-26', '2026-01-30', NULL, NULL, NULL, NULL, 1, 0, 0, 'MXN', 0, 0, 0, NULL, NULL, NULL, NULL, NULL, NULL, NULL, '$2400', 1, NULL, '2026-02-27 15:53:49', 1, '2026-02-27 16:09:19'),
(263, 1, 263, 218, 9, 60, NULL, 'IMP-260227-000294-81C3', 'apartado', 'Mapas', NULL, 27, NULL, '2026-01-31', '2026-02-01', NULL, NULL, NULL, NULL, 1, 0, 0, 'MXN', 0, 0, 0, NULL, NULL, NULL, NULL, NULL, NULL, NULL, '$700', 1, NULL, '2026-02-27 15:53:49', 1, '2026-02-27 16:09:19'),
(264, 1, 264, 210, 9, 58, NULL, 'IMP-260227-000295-81C3', 'apartado', 'AirB&B', 9, NULL, NULL, '2026-01-01', '2026-01-04', NULL, NULL, NULL, NULL, 1, 0, 0, 'MXN', 0, 0, 0, NULL, NULL, NULL, NULL, NULL, NULL, NULL, NULL, 1, NULL, '2026-02-27 15:53:49', 1, '2026-02-27 16:17:45'),
(265, 1, 265, 210, 9, 58, NULL, 'IMP-260227-000296-81C3', 'apartado', 'Mapas', NULL, 27, NULL, '2026-01-04', '2026-01-05', NULL, NULL, NULL, NULL, 1, 0, 0, 'MXN', 0, 0, 0, NULL, NULL, NULL, NULL, NULL, NULL, NULL, NULL, 1, NULL, '2026-02-27 15:53:49', 1, '2026-02-27 16:17:45'),
(266, 1, 266, 210, 9, 58, NULL, 'IMP-260227-000297-81C4', 'apartado', 'Booking', 8, NULL, NULL, '2026-01-08', '2026-01-09', NULL, NULL, NULL, NULL, 1, 0, 0, 'MXN', 0, 0, 0, NULL, NULL, NULL, NULL, NULL, NULL, NULL, NULL, 1, NULL, '2026-02-27 15:53:49', 1, '2026-02-27 16:17:45'),
(267, 1, 267, 210, 9, 58, NULL, 'IMP-260227-000298-81C4', 'apartado', 'Mapas', NULL, 27, NULL, '2026-01-10', '2026-01-12', NULL, NULL, NULL, NULL, 1, 0, 0, 'MXN', 0, 0, 0, NULL, NULL, NULL, NULL, NULL, NULL, NULL, '$2000', 1, NULL, '2026-02-27 15:53:49', 1, '2026-02-27 16:09:19'),
(268, 1, 268, 210, 9, 58, NULL, 'IMP-260227-000299-81C4', 'apartado', 'Mapas', NULL, 27, NULL, '2026-01-21', '2026-01-26', NULL, NULL, NULL, NULL, 1, 0, 0, 'MXN', 0, 0, 0, NULL, NULL, NULL, NULL, NULL, NULL, NULL, '$3500', 1, NULL, '2026-02-27 15:53:49', 1, '2026-02-27 16:09:19'),
(269, 1, 269, 210, 9, 58, NULL, 'IMP-260227-000300-81C4', 'apartado', 'Mapas', NULL, 27, NULL, '2026-01-27', '2026-01-28', NULL, NULL, NULL, NULL, 1, 0, 0, 'MXN', 0, 0, 0, NULL, NULL, NULL, NULL, NULL, NULL, NULL, '$650', 1, NULL, '2026-02-27 15:53:49', 1, '2026-02-27 16:09:19'),
(270, 1, 270, 210, 9, 58, NULL, 'IMP-260227-000301-81C4', 'apartado', 'Mapas', NULL, 27, NULL, '2026-01-31', '2026-02-01', NULL, NULL, NULL, NULL, 1, 0, 0, 'MXN', 0, 0, 0, NULL, NULL, NULL, NULL, NULL, NULL, NULL, '$1800', 1, NULL, '2026-02-27 15:53:49', 1, '2026-02-27 16:09:19'),
(271, 1, 271, 222, 11, 66, NULL, 'IMP-260227-000302-81C4', 'apartado', 'AirB&B', 9, NULL, NULL, '2026-01-01', '2026-01-03', NULL, NULL, NULL, NULL, 1, 0, 0, 'MXN', 0, 0, 0, NULL, NULL, NULL, NULL, NULL, NULL, NULL, NULL, 1, NULL, '2026-02-27 15:53:49', 1, '2026-02-27 16:17:45'),
(272, 1, 272, 222, 11, 66, NULL, 'IMP-260227-000303-81C4', 'apartado', 'AirB&B', 9, NULL, NULL, '2026-01-03', '2026-01-13', NULL, NULL, NULL, NULL, 1, 0, 0, 'MXN', 0, 0, 0, NULL, NULL, NULL, NULL, NULL, NULL, NULL, '$12000', 1, NULL, '2026-02-27 15:53:49', 1, '2026-02-27 16:09:19'),
(273, 1, 273, 222, 11, 66, NULL, 'IMP-260227-000304-81C4', 'apartado', 'AirB&B', 9, NULL, NULL, '2026-01-15', '2026-01-18', NULL, NULL, NULL, NULL, 1, 0, 0, 'MXN', 0, 0, 0, NULL, NULL, NULL, NULL, NULL, NULL, NULL, '$8400', 1, NULL, '2026-02-27 15:53:49', 1, '2026-02-27 16:09:19'),
(274, 1, 274, 221, 11, 64, NULL, 'IMP-260227-000305-81C5', 'apartado', 'AirB&B', 9, NULL, NULL, '2026-01-03', '2026-01-06', NULL, NULL, NULL, NULL, 1, 0, 0, 'MXN', 0, 0, 0, NULL, NULL, NULL, NULL, NULL, NULL, NULL, '$3600', 1, NULL, '2026-02-27 15:53:49', 1, '2026-02-27 16:09:19'),
(275, 1, 275, 221, 11, 64, NULL, 'IMP-260227-000306-81C5', 'apartado', 'AirB&B', 9, NULL, NULL, '2026-01-06', '2026-01-10', NULL, NULL, NULL, NULL, 1, 0, 0, 'MXN', 0, 0, 0, NULL, NULL, NULL, NULL, NULL, NULL, NULL, '$5000', 1, NULL, '2026-02-27 15:53:49', 1, '2026-02-27 16:09:19'),
(276, 1, 276, 221, 11, 64, NULL, 'IMP-260227-000307-81C5', 'apartado', 'Expedia', 12, NULL, NULL, '2026-01-10', '2026-01-11', NULL, NULL, NULL, NULL, 1, 0, 0, 'MXN', 0, 0, 0, NULL, NULL, NULL, NULL, NULL, NULL, NULL, '$1300', 1, NULL, '2026-02-27 15:53:49', 1, '2026-02-27 16:09:19'),
(277, 1, 277, 221, 11, 64, NULL, 'IMP-260227-000308-81C5', 'apartado', 'AirB&B', 9, NULL, NULL, '2026-01-11', '2026-01-15', NULL, NULL, NULL, NULL, 1, 0, 0, 'MXN', 0, 0, 0, NULL, NULL, NULL, NULL, NULL, NULL, NULL, '$4800', 1, NULL, '2026-02-27 15:53:49', 1, '2026-02-27 16:09:19'),
(278, 1, 278, 221, 11, 64, NULL, 'IMP-260227-000309-81C5', 'apartado', 'AirB&B', 9, NULL, NULL, '2026-01-19', '2026-01-23', NULL, NULL, NULL, NULL, 1, 0, 0, 'MXN', 0, 0, 0, NULL, NULL, NULL, NULL, NULL, NULL, NULL, NULL, 1, NULL, '2026-02-27 15:53:49', 1, '2026-02-27 16:17:45'),
(279, 1, 279, 221, 11, 64, NULL, 'IMP-260227-000310-81C5', 'apartado', 'AirB&B', 9, NULL, NULL, '2026-01-28', '2026-02-01', NULL, NULL, NULL, NULL, 1, 0, 0, 'MXN', 0, 0, 0, NULL, NULL, NULL, NULL, NULL, NULL, NULL, NULL, 1, NULL, '2026-02-27 15:53:49', 1, '2026-02-27 16:17:45'),
(280, 1, 280, 187, 1, 44, NULL, 'IMP-260227-000311-81C5', 'apartado', 'Booking', 8, NULL, NULL, '2026-02-01', '2026-02-06', NULL, NULL, NULL, NULL, 1, 0, 0, 'MXN', 0, 0, 0, NULL, NULL, NULL, NULL, NULL, NULL, NULL, NULL, 1, NULL, '2026-02-27 15:53:49', 1, '2026-02-27 16:17:45'),
(281, 1, 281, 187, 1, 44, NULL, 'IMP-260227-000312-81C6', 'apartado', 'Booking', 8, NULL, NULL, '2026-02-06', '2026-02-07', NULL, NULL, NULL, NULL, 1, 0, 0, 'MXN', 0, 0, 0, NULL, NULL, NULL, NULL, NULL, NULL, NULL, NULL, 1, NULL, '2026-02-27 15:53:49', 1, '2026-02-27 16:17:45'),
(282, 1, 282, 187, 1, 44, NULL, 'IMP-260227-000313-81C6', 'apartado', 'AirB&B', 9, NULL, NULL, '2026-02-07', '2026-02-11', NULL, NULL, NULL, NULL, 1, 0, 0, 'MXN', 0, 0, 0, NULL, NULL, NULL, NULL, NULL, NULL, NULL, '$3073', 1, NULL, '2026-02-27 15:53:49', 1, '2026-02-27 16:09:19'),
(283, 1, 283, 187, 1, 44, NULL, 'IMP-260227-000314-81C6', 'apartado', 'Booking', 8, NULL, NULL, '2026-02-14', '2026-02-15', NULL, NULL, NULL, NULL, 1, 0, 0, 'MXN', 0, 0, 0, NULL, NULL, NULL, NULL, NULL, NULL, NULL, '$800', 1, NULL, '2026-02-27 15:53:49', 1, '2026-02-27 16:09:19'),
(284, 1, 284, 187, 1, 44, NULL, 'IMP-260227-000315-81C6', 'apartado', 'Booking', 8, NULL, NULL, '2026-02-16', '2026-02-17', NULL, NULL, NULL, NULL, 1, 0, 0, 'MXN', 0, 0, 0, NULL, NULL, NULL, NULL, NULL, NULL, NULL, NULL, 1, NULL, '2026-02-27 15:53:49', 1, '2026-02-27 16:17:45'),
(285, 1, 285, 187, 1, 44, NULL, 'IMP-260227-000316-81C6', 'apartado', 'Mapas', NULL, 27, NULL, '2026-02-17', '2026-02-18', NULL, NULL, NULL, NULL, 1, 0, 0, 'MXN', 0, 0, 0, NULL, NULL, NULL, NULL, NULL, NULL, NULL, '$800', 1, NULL, '2026-02-27 15:53:49', 1, '2026-02-27 16:09:19'),
(286, 1, 286, 187, 1, 44, NULL, 'IMP-260227-000317-81C6', 'apartado', 'Booking', 8, NULL, NULL, '2026-02-18', '2026-02-23', NULL, NULL, NULL, NULL, 1, 0, 0, 'MXN', 0, 0, 0, NULL, NULL, NULL, NULL, NULL, NULL, NULL, '$3600', 1, NULL, '2026-02-27 15:53:49', 1, '2026-02-27 16:09:19'),
(287, 1, 287, 187, 1, 44, NULL, 'IMP-260227-000318-81C6', 'apartado', 'Booking', 8, NULL, NULL, '2026-02-23', '2026-02-25', NULL, NULL, NULL, NULL, 1, 0, 0, 'MXN', 0, 0, 0, NULL, NULL, NULL, NULL, NULL, NULL, NULL, '$1600', 1, NULL, '2026-02-27 15:53:49', 1, '2026-02-27 16:09:19'),
(288, 1, 288, 187, 1, 44, NULL, 'IMP-260227-000319-81C6', 'apartado', 'Booking', 8, NULL, NULL, '2026-02-25', '2026-02-26', NULL, NULL, NULL, NULL, 1, 0, 0, 'MXN', 0, 0, 0, NULL, NULL, NULL, NULL, NULL, NULL, NULL, '$700', 1, NULL, '2026-02-27 15:53:49', 1, '2026-02-27 16:09:19'),
(289, 1, 289, 187, 1, 44, NULL, 'IMP-260227-000320-81C6', 'apartado', 'Booking', 8, NULL, NULL, '2026-02-26', '2026-03-01', NULL, NULL, NULL, NULL, 1, 0, 0, 'MXN', 0, 0, 0, NULL, NULL, NULL, NULL, NULL, NULL, NULL, '$2100', 1, NULL, '2026-02-27 15:53:49', 1, '2026-02-27 16:09:19'),
(290, 1, 290, 186, 1, 44, NULL, 'IMP-260227-000321-81C6', 'apartado', 'Expedia', 12, NULL, NULL, '2026-02-01', '2026-02-02', NULL, NULL, NULL, NULL, 1, 0, 0, 'MXN', 0, 0, 0, NULL, NULL, NULL, NULL, NULL, NULL, NULL, NULL, 1, NULL, '2026-02-27 15:53:49', 1, '2026-02-27 16:17:45'),
(291, 1, 291, 186, 1, 44, NULL, 'IMP-260227-000322-81C7', 'apartado', 'Booking', 8, NULL, NULL, '2026-02-02', '2026-02-03', NULL, NULL, NULL, NULL, 1, 0, 0, 'MXN', 0, 0, 0, NULL, NULL, NULL, NULL, NULL, NULL, NULL, '$2600', 1, NULL, '2026-02-27 15:53:49', 1, '2026-02-27 16:09:19'),
(292, 1, 292, 186, 1, 44, NULL, 'IMP-260227-000323-81C7', 'apartado', 'Booking', 8, NULL, NULL, '2026-02-04', '2026-02-05', NULL, NULL, NULL, NULL, 1, 0, 0, 'MXN', 0, 0, 0, NULL, NULL, NULL, NULL, NULL, NULL, NULL, '$750', 1, NULL, '2026-02-27 15:53:49', 1, '2026-02-27 16:09:19'),
(293, 1, 293, 186, 1, 44, NULL, 'IMP-260227-000324-81C7', 'apartado', 'AirB&B', 9, NULL, NULL, '2026-02-08', '2026-02-09', NULL, NULL, NULL, NULL, 1, 0, 0, 'MXN', 0, 0, 0, NULL, NULL, NULL, NULL, NULL, NULL, NULL, '$700', 1, NULL, '2026-02-27 15:53:49', 1, '2026-02-27 16:09:19'),
(294, 1, 294, 186, 1, 44, NULL, 'IMP-260227-000325-81C7', 'apartado', 'AirB&B', 9, NULL, NULL, '2026-02-10', '2026-02-14', NULL, NULL, NULL, NULL, 1, 0, 0, 'MXN', 0, 0, 0, NULL, NULL, NULL, NULL, NULL, NULL, NULL, '$3053', 1, NULL, '2026-02-27 15:53:49', 1, '2026-02-27 16:09:19'),
(295, 1, 295, 186, 1, 44, NULL, 'IMP-260227-000326-81C7', 'apartado', 'Booking', 8, NULL, NULL, '2026-02-14', '2026-02-16', NULL, NULL, NULL, NULL, 1, 0, 0, 'MXN', 0, 0, 0, NULL, NULL, NULL, NULL, NULL, NULL, NULL, '$1440', 1, NULL, '2026-02-27 15:53:49', 1, '2026-02-27 16:09:19'),
(296, 1, 296, 186, 1, 44, NULL, 'IMP-260227-000327-81C7', 'apartado', 'Booking', 8, NULL, NULL, '2026-02-16', '2026-02-17', NULL, NULL, NULL, NULL, 1, 0, 0, 'MXN', 0, 0, 0, NULL, NULL, NULL, NULL, NULL, NULL, NULL, '$700', 1, NULL, '2026-02-27 15:53:49', 1, '2026-02-27 16:09:19'),
(297, 1, 297, 186, 1, 44, NULL, 'IMP-260227-000328-81C7', 'apartado', 'Booking', 8, NULL, NULL, '2026-02-18', '2026-02-19', NULL, NULL, NULL, NULL, 1, 0, 0, 'MXN', 0, 0, 0, NULL, NULL, NULL, NULL, NULL, NULL, NULL, '$700', 1, NULL, '2026-02-27 15:53:49', 1, '2026-02-27 16:09:19'),
(298, 1, 298, 186, 1, 44, NULL, 'IMP-260227-000329-81C7', 'apartado', 'Booking', 8, NULL, NULL, '2026-02-19', '2026-02-21', NULL, NULL, NULL, NULL, 1, 0, 0, 'MXN', 0, 0, 0, NULL, NULL, NULL, NULL, NULL, NULL, NULL, '$1500', 1, NULL, '2026-02-27 15:53:49', 1, '2026-02-27 16:09:19'),
(299, 1, 299, 186, 1, 44, NULL, 'IMP-260227-000330-81C7', 'apartado', 'Mapas', NULL, 27, NULL, '2026-02-21', '2026-02-23', NULL, NULL, NULL, NULL, 1, 0, 0, 'MXN', 0, 0, 0, NULL, NULL, NULL, NULL, NULL, NULL, NULL, '$1400', 1, NULL, '2026-02-27 15:53:49', 1, '2026-02-27 16:09:19'),
(300, 1, 300, 186, 1, 44, NULL, 'IMP-260227-000331-81C7', 'apartado', 'Mapas', NULL, 27, NULL, '2026-02-23', '2026-02-24', NULL, NULL, NULL, NULL, 1, 0, 0, 'MXN', 0, 0, 0, NULL, NULL, NULL, NULL, NULL, NULL, NULL, '$700', 1, NULL, '2026-02-27 15:53:49', 1, '2026-02-27 16:09:19'),
(301, 1, 301, 186, 1, 44, NULL, 'IMP-260227-000332-81C8', 'apartado', 'Booking', 8, NULL, NULL, '2026-02-24', '2026-02-25', NULL, NULL, NULL, NULL, 1, 0, 0, 'MXN', 0, 0, 0, NULL, NULL, NULL, NULL, NULL, NULL, NULL, '$1400', 1, NULL, '2026-02-27 15:53:49', 1, '2026-02-27 16:09:19'),
(302, 1, 302, 186, 1, 44, NULL, 'IMP-260227-000333-81C8', 'apartado', 'Booking', 8, NULL, NULL, '2026-02-25', '2026-02-26', NULL, NULL, NULL, NULL, 1, 0, 0, 'MXN', 0, 0, 0, NULL, NULL, NULL, NULL, NULL, NULL, NULL, '$650', 1, NULL, '2026-02-27 15:53:49', 1, '2026-02-27 16:09:19'),
(303, 1, 303, 186, 1, 44, NULL, 'IMP-260227-000334-81C8', 'apartado', 'AirB&B', 9, NULL, NULL, '2026-02-26', '2026-02-27', NULL, NULL, NULL, NULL, 1, 0, 0, 'MXN', 0, 0, 0, NULL, NULL, NULL, NULL, NULL, NULL, NULL, '$750', 1, NULL, '2026-02-27 15:53:49', 1, '2026-02-27 16:09:19'),
(304, 1, 304, 186, 1, 44, NULL, 'IMP-260227-000335-81C8', 'apartado', 'Booking', 8, NULL, NULL, '2026-02-28', '2026-03-02', NULL, NULL, NULL, NULL, 1, 0, 0, 'MXN', 0, 0, 0, NULL, NULL, NULL, NULL, NULL, NULL, NULL, NULL, 1, NULL, '2026-02-27 15:53:49', 1, '2026-02-27 16:17:45'),
(305, 1, 305, 188, 1, 53, NULL, 'IMP-260227-000336-81C8', 'apartado', 'Booking', 8, NULL, NULL, '2026-02-01', '2026-02-02', NULL, NULL, NULL, NULL, 1, 0, 0, 'MXN', 0, 0, 0, NULL, NULL, NULL, NULL, NULL, NULL, NULL, NULL, 1, NULL, '2026-02-27 15:53:49', 1, '2026-02-27 16:17:45'),
(306, 1, 306, 188, 1, 53, NULL, 'IMP-260227-000337-81C8', 'apartado', 'Expedia', 12, NULL, NULL, '2026-02-02', '2026-02-07', NULL, NULL, NULL, NULL, 1, 0, 0, 'MXN', 0, 0, 0, NULL, NULL, NULL, NULL, NULL, NULL, NULL, NULL, 1, NULL, '2026-02-27 15:53:49', 1, '2026-02-27 16:17:45'),
(307, 1, 307, 188, 1, 53, NULL, 'IMP-260227-000338-81C8', 'apartado', 'Booking', 8, NULL, NULL, '2026-02-07', '2026-02-08', NULL, NULL, NULL, NULL, 1, 0, 0, 'MXN', 0, 0, 0, NULL, NULL, NULL, NULL, NULL, NULL, NULL, NULL, 1, NULL, '2026-02-27 15:53:49', 1, '2026-02-27 16:17:45'),
(308, 1, 308, 188, 1, 53, NULL, 'IMP-260227-000339-81C8', 'apartado', 'Mapas', NULL, 27, NULL, '2026-02-10', '2026-02-11', NULL, NULL, NULL, NULL, 1, 0, 0, 'MXN', 0, 0, 0, NULL, NULL, NULL, NULL, NULL, NULL, NULL, NULL, 1, NULL, '2026-02-27 15:53:49', 1, '2026-02-27 16:17:45'),
(309, 1, 309, 188, 1, 53, NULL, 'IMP-260227-000340-81C8', 'apartado', 'Booking', 8, NULL, NULL, '2026-02-12', '2026-02-14', NULL, NULL, NULL, NULL, 1, 0, 0, 'MXN', 0, 0, 0, NULL, NULL, NULL, NULL, NULL, NULL, NULL, '$1321', 1, NULL, '2026-02-27 15:53:49', 1, '2026-02-27 16:09:19'),
(310, 1, 310, 188, 1, 53, NULL, 'IMP-260227-000341-81C8', 'apartado', 'AirB&B', 9, NULL, NULL, '2026-02-14', '2026-02-17', NULL, NULL, NULL, NULL, 1, 0, 0, 'MXN', 0, 0, 0, NULL, NULL, NULL, NULL, NULL, NULL, NULL, '$2250', 1, NULL, '2026-02-27 15:53:49', 1, '2026-02-27 16:09:19'),
(311, 1, 311, 188, 1, 53, NULL, 'IMP-260227-000342-81C9', 'apartado', 'AirB&B', 9, NULL, NULL, '2026-02-17', '2026-02-18', NULL, NULL, NULL, NULL, 1, 0, 0, 'MXN', 0, 0, 0, NULL, NULL, NULL, NULL, NULL, NULL, NULL, '$750', 1, NULL, '2026-02-27 15:53:49', 1, '2026-02-27 16:09:19'),
(312, 1, 312, 188, 1, 53, NULL, 'IMP-260227-000343-81C9', 'apartado', 'AirB&B', 9, NULL, NULL, '2026-02-18', '2026-02-19', NULL, NULL, NULL, NULL, 1, 0, 0, 'MXN', 0, 0, 0, NULL, NULL, NULL, NULL, NULL, NULL, NULL, '$700', 1, NULL, '2026-02-27 15:53:49', 1, '2026-02-27 16:09:19'),
(313, 1, 313, 188, 1, 53, NULL, 'IMP-260227-000344-81C9', 'apartado', 'Booking', 8, NULL, NULL, '2026-02-19', '2026-02-20', NULL, NULL, NULL, NULL, 1, 0, 0, 'MXN', 0, 0, 0, NULL, NULL, NULL, NULL, NULL, NULL, NULL, '$1500', 1, NULL, '2026-02-27 15:53:49', 1, '2026-02-27 16:09:19'),
(314, 1, 314, 188, 1, 53, NULL, 'IMP-260227-000345-81C9', 'apartado', 'AirB&B', 9, NULL, NULL, '2026-02-20', '2026-02-23', NULL, NULL, NULL, NULL, 1, 0, 0, 'MXN', 0, 0, 0, NULL, NULL, NULL, NULL, NULL, NULL, NULL, '$2400', 1, NULL, '2026-02-27 15:53:49', 1, '2026-02-27 16:09:19'),
(315, 1, 315, 188, 1, 53, NULL, 'IMP-260227-000346-81C9', 'apartado', 'Mapas', NULL, 27, NULL, '2026-02-23', '2026-02-24', NULL, NULL, NULL, NULL, 1, 0, 0, 'MXN', 0, 0, 0, NULL, NULL, NULL, NULL, NULL, NULL, NULL, '$750', 1, NULL, '2026-02-27 15:53:49', 1, '2026-02-27 16:09:19'),
(316, 1, 316, 188, 1, 53, NULL, 'IMP-260227-000347-81C9', 'apartado', 'Booking', 8, NULL, NULL, '2026-02-24', '2026-02-26', NULL, NULL, NULL, NULL, 1, 0, 0, 'MXN', 0, 0, 0, NULL, NULL, NULL, NULL, NULL, NULL, NULL, '$6', 1, NULL, '2026-02-27 15:53:49', 1, '2026-02-27 16:09:19'),
(317, 1, 317, 188, 1, 53, NULL, 'IMP-260227-000348-81C9', 'apartado', 'Booking', 8, NULL, NULL, '2026-02-26', '2026-02-27', NULL, NULL, NULL, NULL, 1, 0, 0, 'MXN', 0, 0, 0, NULL, NULL, NULL, NULL, NULL, NULL, NULL, '$700', 1, NULL, '2026-02-27 15:53:49', 1, '2026-02-27 16:09:19'),
(318, 1, 318, 189, 1, 51, NULL, 'IMP-260227-000349-81C9', 'apartado', 'Booking', 8, NULL, NULL, '2026-02-01', '2026-02-03', NULL, NULL, NULL, NULL, 1, 0, 0, 'MXN', 0, 0, 0, NULL, NULL, NULL, NULL, NULL, NULL, NULL, '$1600', 1, NULL, '2026-02-27 15:53:49', 1, '2026-02-27 16:09:19'),
(319, 1, 319, 189, 1, 51, NULL, 'IMP-260227-000350-81C9', 'apartado', 'Mapas', NULL, 27, NULL, '2026-02-06', '2026-02-09', NULL, NULL, NULL, NULL, 1, 0, 0, 'MXN', 0, 0, 0, NULL, NULL, NULL, NULL, NULL, NULL, NULL, '$2400', 1, NULL, '2026-02-27 15:53:49', 1, '2026-02-27 16:09:19'),
(320, 1, 320, 189, 1, 51, NULL, 'IMP-260227-000351-81C9', 'apartado', 'Booking', 8, NULL, NULL, '2026-02-10', '2026-02-11', NULL, NULL, NULL, NULL, 1, 0, 0, 'MXN', 0, 0, 0, NULL, NULL, NULL, NULL, NULL, NULL, NULL, '$700', 1, NULL, '2026-02-27 15:53:49', 1, '2026-02-27 16:09:19'),
(321, 1, 321, 189, 1, 51, NULL, 'IMP-260227-000352-81CA', 'apartado', 'Booking', 8, NULL, NULL, '2026-02-11', '2026-02-12', NULL, NULL, NULL, NULL, 1, 0, 0, 'MXN', 0, 0, 0, NULL, NULL, NULL, NULL, NULL, NULL, NULL, '$700', 1, NULL, '2026-02-27 15:53:49', 1, '2026-02-27 16:09:19'),
(322, 1, 322, 189, 1, 51, NULL, 'IMP-260227-000353-81CA', 'apartado', 'Booking', 8, NULL, NULL, '2026-02-12', '2026-02-15', NULL, NULL, NULL, NULL, 1, 0, 0, 'MXN', 0, 0, 0, NULL, NULL, NULL, NULL, NULL, NULL, NULL, '$2500', 1, NULL, '2026-02-27 15:53:49', 1, '2026-02-27 16:09:19'),
(323, 1, 323, 189, 1, 51, NULL, 'IMP-260227-000354-81CA', 'apartado', 'Booking', 8, NULL, NULL, '2026-02-15', '2026-02-17', NULL, NULL, NULL, NULL, 1, 0, 0, 'MXN', 0, 0, 0, NULL, NULL, NULL, NULL, NULL, NULL, NULL, '$1400', 1, NULL, '2026-02-27 15:53:49', 1, '2026-02-27 16:09:19'),
(324, 1, 324, 189, 1, 51, NULL, 'IMP-260227-000355-81CA', 'apartado', 'Mapas', NULL, 27, NULL, '2026-02-17', '2026-02-18', NULL, NULL, NULL, NULL, 1, 0, 0, 'MXN', 0, 0, 0, NULL, NULL, NULL, NULL, NULL, NULL, NULL, '$650', 1, NULL, '2026-02-27 15:53:49', 1, '2026-02-27 16:09:19'),
(325, 1, 325, 189, 1, 51, NULL, 'IMP-260227-000356-81CA', 'apartado', 'Booking', 8, NULL, NULL, '2026-02-18', '2026-02-19', NULL, NULL, NULL, NULL, 1, 0, 0, 'MXN', 0, 0, 0, NULL, NULL, NULL, NULL, NULL, NULL, NULL, NULL, 1, NULL, '2026-02-27 15:53:49', 1, '2026-02-27 16:17:45'),
(326, 1, 326, 189, 1, 51, NULL, 'IMP-260227-000357-81CA', 'apartado', 'Booking', 8, NULL, NULL, '2026-02-20', '2026-02-23', NULL, NULL, NULL, NULL, 1, 0, 0, 'MXN', 0, 0, 0, NULL, NULL, NULL, NULL, NULL, NULL, NULL, '$2025', 1, NULL, '2026-02-27 15:53:49', 1, '2026-02-27 16:09:19'),
(327, 1, 327, 189, 1, 51, NULL, 'IMP-260227-000358-81CA', 'apartado', 'Booking', 8, NULL, NULL, '2026-02-24', '2026-02-25', NULL, NULL, NULL, NULL, 1, 0, 0, 'MXN', 0, 0, 0, NULL, NULL, NULL, NULL, NULL, NULL, NULL, '$650', 1, NULL, '2026-02-27 15:53:49', 1, '2026-02-27 16:09:19'),
(328, 1, 328, 189, 1, 51, NULL, 'IMP-260227-000359-81CA', 'apartado', 'Booking', 8, NULL, NULL, '2026-02-25', '2026-02-26', NULL, NULL, NULL, NULL, 1, 0, 0, 'MXN', 0, 0, 0, NULL, NULL, NULL, NULL, NULL, NULL, NULL, NULL, 1, NULL, '2026-02-27 15:53:49', 1, '2026-02-27 16:17:45'),
(329, 1, 329, 189, 1, 51, NULL, 'IMP-260227-000360-81CB', 'apartado', 'Booking', 8, NULL, NULL, '2026-02-27', '2026-02-28', NULL, NULL, NULL, NULL, 1, 0, 0, 'MXN', 0, 0, 0, NULL, NULL, NULL, NULL, NULL, NULL, NULL, NULL, 1, NULL, '2026-02-27 15:53:49', 1, '2026-02-27 16:17:45'),
(330, 1, 330, 190, 1, 51, NULL, 'IMP-260227-000361-81CB', 'apartado', 'AirB&B', 9, NULL, NULL, '2026-02-01', '2026-02-02', NULL, NULL, NULL, NULL, 1, 0, 0, 'MXN', 0, 0, 0, NULL, NULL, NULL, NULL, NULL, NULL, NULL, NULL, 1, NULL, '2026-02-27 15:53:49', 1, '2026-02-27 16:17:45'),
(331, 1, 331, 190, 1, 51, NULL, 'IMP-260227-000362-81CB', 'apartado', 'Booking', 8, NULL, NULL, '2026-02-02', '2026-02-04', NULL, NULL, NULL, NULL, 1, 0, 0, 'MXN', 0, 0, 0, NULL, NULL, NULL, NULL, NULL, NULL, NULL, '$1600', 1, NULL, '2026-02-27 15:53:49', 1, '2026-02-27 16:09:19'),
(332, 1, 332, 190, 1, 51, NULL, 'IMP-260227-000363-81CB', 'apartado', 'Booking', 8, NULL, NULL, '2026-02-04', '2026-02-07', NULL, NULL, NULL, NULL, 1, 0, 0, 'MXN', 0, 0, 0, NULL, NULL, NULL, NULL, NULL, NULL, NULL, '$1870', 1, NULL, '2026-02-27 15:53:49', 1, '2026-02-27 16:09:19'),
(333, 1, 333, 190, 1, 51, NULL, 'IMP-260227-000364-81CB', 'apartado', 'Booking', 8, NULL, NULL, '2026-02-07', '2026-02-11', NULL, NULL, NULL, NULL, 1, 0, 0, 'MXN', 0, 0, 0, NULL, NULL, NULL, NULL, NULL, NULL, NULL, '$3200', 1, NULL, '2026-02-27 15:53:49', 1, '2026-02-27 16:09:19'),
(334, 1, 334, 190, 1, 51, NULL, 'IMP-260227-000365-81CB', 'apartado', 'AirB&B', 9, NULL, NULL, '2026-02-11', '2026-02-14', NULL, NULL, NULL, NULL, 1, 0, 0, 'MXN', 0, 0, 0, NULL, NULL, NULL, NULL, NULL, NULL, NULL, '$2040', 1, NULL, '2026-02-27 15:53:49', 1, '2026-02-27 16:09:19'),
(335, 1, 335, 190, 1, 51, NULL, 'IMP-260227-000366-81CB', 'apartado', 'Booking', 8, NULL, NULL, '2026-02-14', '2026-02-16', NULL, NULL, NULL, NULL, 1, 0, 0, 'MXN', 0, 0, 0, NULL, NULL, NULL, NULL, NULL, NULL, NULL, '$1250', 1, NULL, '2026-02-27 15:53:49', 1, '2026-02-27 16:09:19'),
(336, 1, 336, 190, 1, 51, NULL, 'IMP-260227-000367-81CB', 'apartado', 'Booking', 8, NULL, NULL, '2026-02-16', '2026-02-17', NULL, NULL, NULL, NULL, 1, 0, 0, 'MXN', 0, 0, 0, NULL, NULL, NULL, NULL, NULL, NULL, NULL, NULL, 1, NULL, '2026-02-27 15:53:49', 1, '2026-02-27 16:17:45'),
(337, 1, 337, 190, 1, 51, NULL, 'IMP-260227-000368-81CB', 'apartado', 'Booking', 8, NULL, NULL, '2026-02-17', '2026-02-18', NULL, NULL, NULL, NULL, 1, 0, 0, 'MXN', 0, 0, 0, NULL, NULL, NULL, NULL, NULL, NULL, NULL, '$670', 1, NULL, '2026-02-27 15:53:49', 1, '2026-02-27 16:09:19'),
(338, 1, 338, 190, 1, 51, NULL, 'IMP-260227-000369-81CC', 'apartado', 'Booking', 8, NULL, NULL, '2026-02-18', '2026-02-21', NULL, NULL, NULL, NULL, 1, 0, 0, 'MXN', 0, 0, 0, NULL, NULL, NULL, NULL, NULL, NULL, NULL, '$2025', 1, NULL, '2026-02-27 15:53:49', 1, '2026-02-27 16:09:19'),
(339, 1, 339, 190, 1, 51, NULL, 'IMP-260227-000370-81CC', 'apartado', 'Booking', 8, NULL, NULL, '2026-02-22', '2026-02-23', NULL, NULL, NULL, NULL, 1, 0, 0, 'MXN', 0, 0, 0, NULL, NULL, NULL, NULL, NULL, NULL, NULL, '$630', 1, NULL, '2026-02-27 15:53:49', 1, '2026-02-27 16:09:19'),
(340, 1, 340, 190, 1, 51, NULL, 'IMP-260227-000371-81CC', 'apartado', 'Booking', 8, NULL, NULL, '2026-02-23', '2026-02-24', NULL, NULL, NULL, NULL, 1, 0, 0, 'MXN', 0, 0, 0, NULL, NULL, NULL, NULL, NULL, NULL, NULL, '$650', 1, NULL, '2026-02-27 15:53:49', 1, '2026-02-27 16:09:19'),
(341, 1, 341, 190, 1, 51, NULL, 'IMP-260227-000372-81CC', 'apartado', 'OTA', 9, NULL, NULL, '2026-02-25', '2026-03-18', NULL, NULL, NULL, NULL, 1, 0, 0, 'MXN', 0, 0, 0, NULL, NULL, NULL, NULL, NULL, NULL, NULL, '$13650', 1, NULL, '2026-02-27 15:53:49', 1, '2026-02-27 10:50:25'),
(342, 1, 342, 191, 1, 52, NULL, 'IMP-260227-000373-81CC', 'apartado', 'Booking', 8, NULL, NULL, '2026-02-01', '2026-02-07', NULL, NULL, NULL, NULL, 1, 0, 0, 'MXN', 0, 0, 0, NULL, NULL, NULL, NULL, NULL, NULL, NULL, '$4700', 1, NULL, '2026-02-27 15:53:49', 1, '2026-02-27 16:09:19'),
(343, 1, 343, 191, 1, 52, NULL, 'IMP-260227-000374-81CC', 'apartado', 'Mapas', NULL, 27, NULL, '2026-02-07', '2026-02-08', NULL, NULL, NULL, NULL, 1, 0, 0, 'MXN', 0, 0, 0, NULL, NULL, NULL, NULL, NULL, NULL, NULL, '$800', 1, NULL, '2026-02-27 15:53:49', 1, '2026-02-27 16:09:19'),
(344, 1, 344, 191, 1, 52, NULL, 'IMP-260227-000375-81CC', 'apartado', 'Expedia', 12, NULL, NULL, '2026-02-09', '2026-02-13', NULL, NULL, NULL, NULL, 1, 0, 0, 'MXN', 0, 0, 0, NULL, NULL, NULL, NULL, NULL, NULL, NULL, '$3100', 1, NULL, '2026-02-27 15:53:49', 1, '2026-02-27 16:09:19'),
(345, 1, 345, 191, 1, 52, NULL, 'IMP-260227-000376-81CC', 'apartado', 'Booking', 8, NULL, NULL, '2026-02-13', '2026-02-15', NULL, NULL, NULL, NULL, 1, 0, 0, 'MXN', 0, 0, 0, NULL, NULL, NULL, NULL, NULL, NULL, NULL, '$1115', 1, NULL, '2026-02-27 15:53:49', 1, '2026-02-27 16:09:19'),
(346, 1, 346, 191, 1, 52, NULL, 'IMP-260227-000377-81CC', 'apartado', 'Mapas', NULL, 27, NULL, '2026-02-17', '2026-02-20', NULL, NULL, NULL, NULL, 1, 0, 0, 'MXN', 0, 0, 0, NULL, NULL, NULL, NULL, NULL, NULL, NULL, '$2100', 1, NULL, '2026-02-27 15:53:49', 1, '2026-02-27 16:09:19'),
(347, 1, 347, 191, 1, 52, NULL, 'IMP-260227-000378-81CC', 'apartado', 'Mapas', NULL, 27, NULL, '2026-02-21', '2026-02-22', NULL, NULL, NULL, NULL, 1, 0, 0, 'MXN', 0, 0, 0, NULL, NULL, NULL, NULL, NULL, NULL, NULL, '$700', 1, NULL, '2026-02-27 15:53:49', 1, '2026-02-27 16:09:19'),
(348, 1, 348, 191, 1, 52, NULL, 'IMP-260227-000379-81CC', 'apartado', 'Booking', 8, NULL, NULL, '2026-02-22', '2026-02-24', NULL, NULL, NULL, NULL, 1, 0, 0, 'MXN', 0, 0, 0, NULL, NULL, NULL, NULL, NULL, NULL, NULL, NULL, 1, NULL, '2026-02-27 15:53:49', 1, '2026-02-27 16:17:45'),
(349, 1, 349, 191, 1, 52, NULL, 'IMP-260227-000380-81CD', 'apartado', 'Booking', 8, NULL, NULL, '2026-02-24', '2026-02-25', NULL, NULL, NULL, NULL, 1, 0, 0, 'MXN', 0, 0, 0, NULL, NULL, NULL, NULL, NULL, NULL, NULL, '$700', 1, NULL, '2026-02-27 15:53:49', 1, '2026-02-27 16:09:19'),
(350, 1, 350, 191, 1, 52, NULL, 'IMP-260227-000381-81CD', 'apartado', 'Booking', 8, NULL, NULL, '2026-02-25', '2026-02-26', NULL, NULL, NULL, NULL, 1, 0, 0, 'MXN', 0, 0, 0, NULL, NULL, NULL, NULL, NULL, NULL, NULL, '$2', 1, NULL, '2026-02-27 15:53:49', 1, '2026-02-27 16:09:19'),
(351, 1, 351, 191, 1, 52, NULL, 'IMP-260227-000382-81CD', 'apartado', 'Booking', 8, NULL, NULL, '2026-02-26', '2026-02-27', NULL, NULL, NULL, NULL, 1, 0, 0, 'MXN', 0, 0, 0, NULL, NULL, NULL, NULL, NULL, NULL, NULL, '$700', 1, NULL, '2026-02-27 15:53:49', 1, '2026-02-27 16:09:19'),
(352, 1, 352, 191, 1, 52, NULL, 'IMP-260227-000383-81CD', 'apartado', 'Booking', 8, NULL, NULL, '2026-02-27', '2026-02-28', NULL, NULL, NULL, NULL, 1, 0, 0, 'MXN', 0, 0, 0, NULL, NULL, NULL, NULL, NULL, NULL, NULL, NULL, 1, NULL, '2026-02-27 15:53:49', 1, '2026-02-27 16:17:45'),
(353, 1, 353, 192, 1, 53, NULL, 'IMP-260227-000384-81CD', 'apartado', 'Mapas', NULL, 27, NULL, '2026-02-01', '2026-02-02', NULL, NULL, NULL, NULL, 1, 0, 0, 'MXN', 0, 0, 0, NULL, NULL, NULL, NULL, NULL, NULL, NULL, NULL, 1, NULL, '2026-02-27 15:53:49', 1, '2026-02-27 16:17:45');
INSERT INTO `reservation` (`id_reservation`, `id_user`, `id_guest`, `id_room`, `id_property`, `id_category`, `id_rateplan`, `code`, `status`, `source`, `id_ota_account`, `id_reservation_source`, `channel_ref`, `check_in_date`, `check_out_date`, `eta`, `etd`, `checkin_at`, `checkout_at`, `adults`, `children`, `infants`, `currency`, `total_price_cents`, `balance_due_cents`, `deposit_due_cents`, `deposit_due_at`, `rate_snapshot_json`, `price_breakdown_json`, `cancel_reason`, `canceled_at`, `hold_until`, `notes_guest`, `notes_internal`, `is_active`, `deleted_at`, `created_at`, `created_by`, `updated_at`) VALUES
(354, 1, 354, 192, 1, 53, NULL, 'IMP-260227-000385-81CD', 'apartado', 'Booking', 8, NULL, NULL, '2026-02-03', '2026-02-05', NULL, NULL, NULL, NULL, 1, 0, 0, 'MXN', 0, 0, 0, NULL, NULL, NULL, NULL, NULL, NULL, NULL, NULL, 1, NULL, '2026-02-27 15:53:49', 1, '2026-02-27 16:17:45'),
(355, 1, 355, 192, 1, 53, NULL, 'IMP-260227-000386-81CD', 'apartado', 'Mapas', NULL, 27, NULL, '2026-02-06', '2026-02-07', NULL, NULL, NULL, NULL, 1, 0, 0, 'MXN', 0, 0, 0, NULL, NULL, NULL, NULL, NULL, NULL, NULL, '$1000', 1, NULL, '2026-02-27 15:53:49', 1, '2026-02-27 16:09:19'),
(356, 1, 356, 192, 1, 53, NULL, 'IMP-260227-000387-81CD', 'apartado', 'Mapas', NULL, 27, NULL, '2026-02-07', '2026-02-09', NULL, NULL, NULL, NULL, 1, 0, 0, 'MXN', 0, 0, 0, NULL, NULL, NULL, NULL, NULL, NULL, NULL, '$1400', 1, NULL, '2026-02-27 15:53:49', 1, '2026-02-27 16:09:19'),
(357, 1, 357, 192, 1, 53, NULL, 'IMP-260227-000388-81CD', 'apartado', 'AirB&B', 9, NULL, NULL, '2026-02-09', '2026-02-20', NULL, NULL, NULL, NULL, 1, 0, 0, 'MXN', 0, 0, 0, NULL, NULL, NULL, NULL, NULL, NULL, NULL, '$7700', 1, NULL, '2026-02-27 15:53:49', 1, '2026-02-27 16:09:19'),
(358, 1, 358, 192, 1, 53, NULL, 'IMP-260227-000389-81CD', 'apartado', 'Booking', 8, NULL, NULL, '2026-02-22', '2026-02-26', NULL, NULL, NULL, NULL, 1, 0, 0, 'MXN', 0, 0, 0, NULL, NULL, NULL, NULL, NULL, NULL, NULL, '$6000', 1, NULL, '2026-02-27 15:53:49', 1, '2026-02-27 16:09:19'),
(359, 1, 359, 192, 1, 53, NULL, 'IMP-260227-000390-81CE', 'apartado', 'Booking', 8, NULL, NULL, '2026-02-26', '2026-02-27', NULL, NULL, NULL, NULL, 1, 0, 0, 'MXN', 0, 0, 0, NULL, NULL, NULL, NULL, NULL, NULL, NULL, '$750', 1, NULL, '2026-02-27 15:53:49', 1, '2026-02-27 16:09:19'),
(360, 1, 360, 170, 3, 42, NULL, 'IMP-260227-000391-81CE', 'apartado', 'Booking', 8, NULL, NULL, '2026-02-01', '2026-02-02', NULL, NULL, NULL, NULL, 1, 0, 0, 'MXN', 0, 0, 0, NULL, NULL, NULL, NULL, NULL, NULL, NULL, '$857', 1, NULL, '2026-02-27 15:53:49', 1, '2026-02-27 16:09:19'),
(361, 1, 361, 170, 3, 42, NULL, 'IMP-260227-000392-81CE', 'apartado', 'Booking', 8, NULL, NULL, '2026-02-02', '2026-02-04', NULL, NULL, NULL, NULL, 1, 0, 0, 'MXN', 0, 0, 0, NULL, NULL, NULL, NULL, NULL, NULL, NULL, NULL, 1, NULL, '2026-02-27 15:53:49', 1, '2026-02-27 16:17:45'),
(362, 1, 362, 170, 3, 42, NULL, 'IMP-260227-000393-81CE', 'apartado', 'Mapas', NULL, 27, NULL, '2026-02-04', '2026-02-05', NULL, NULL, NULL, NULL, 1, 0, 0, 'MXN', 0, 0, 0, NULL, NULL, NULL, NULL, NULL, NULL, NULL, '$700', 1, NULL, '2026-02-27 15:53:49', 1, '2026-02-27 16:09:19'),
(363, 1, 363, 170, 3, 42, NULL, 'IMP-260227-000394-81CE', 'apartado', 'AirB&B', 9, NULL, NULL, '2026-02-07', '2026-02-09', NULL, NULL, NULL, NULL, 1, 0, 0, 'MXN', 0, 0, 0, NULL, NULL, NULL, NULL, NULL, NULL, NULL, '$2200', 1, NULL, '2026-02-27 15:53:49', 1, '2026-02-27 16:09:19'),
(364, 1, 364, 170, 3, 42, NULL, 'IMP-260227-000395-81CE', 'apartado', 'Mapas', NULL, 27, NULL, '2026-02-10', '2026-02-11', NULL, NULL, NULL, NULL, 1, 0, 0, 'MXN', 0, 0, 0, NULL, NULL, NULL, NULL, NULL, NULL, NULL, '$700', 1, NULL, '2026-02-27 15:53:49', 1, '2026-02-27 16:09:19'),
(365, 1, 365, 170, 3, 42, NULL, 'IMP-260227-000396-81CE', 'apartado', 'Mapas', NULL, 27, NULL, '2026-02-12', '2026-02-13', NULL, NULL, NULL, NULL, 1, 0, 0, 'MXN', 0, 0, 0, NULL, NULL, NULL, NULL, NULL, NULL, NULL, '$700', 1, NULL, '2026-02-27 15:53:49', 1, '2026-02-27 16:09:19'),
(366, 1, 366, 170, 3, 42, NULL, 'IMP-260227-000397-81CE', 'apartado', 'Mapas', NULL, 27, NULL, '2026-02-13', '2026-02-15', NULL, NULL, NULL, NULL, 1, 0, 0, 'MXN', 0, 0, 0, NULL, NULL, NULL, NULL, NULL, NULL, NULL, '$1800', 1, NULL, '2026-02-27 15:53:49', 1, '2026-02-27 16:09:19'),
(367, 1, 367, 170, 3, 42, NULL, 'IMP-260227-000398-81CE', 'apartado', 'AirB&B', 9, NULL, NULL, '2026-02-17', '2026-02-20', NULL, NULL, NULL, NULL, 1, 0, 0, 'MXN', 0, 0, 0, NULL, NULL, NULL, NULL, NULL, NULL, NULL, '$2070', 1, NULL, '2026-02-27 15:53:49', 1, '2026-02-27 16:09:19'),
(368, 1, 368, 170, 3, 42, NULL, 'IMP-260227-000399-81CE', 'apartado', 'AirB&B', 9, NULL, NULL, '2026-02-20', '2026-02-24', NULL, NULL, NULL, NULL, 1, 0, 0, 'MXN', 0, 0, 0, NULL, NULL, NULL, NULL, NULL, NULL, NULL, '$3863', 1, NULL, '2026-02-27 15:53:49', 1, '2026-02-27 16:09:19'),
(369, 1, 369, 170, 3, 42, NULL, 'IMP-260227-000400-81CF', 'apartado', 'AirB&B', 9, NULL, NULL, '2026-02-24', '2026-02-25', NULL, NULL, NULL, NULL, 1, 0, 0, 'MXN', 0, 0, 0, NULL, NULL, NULL, NULL, NULL, NULL, NULL, '$700', 1, NULL, '2026-02-27 15:53:49', 1, '2026-02-27 16:09:19'),
(370, 1, 370, 170, 3, 42, NULL, 'IMP-260227-000401-81CF', 'apartado', 'Mapas', NULL, 27, NULL, '2026-02-26', '2026-02-27', NULL, NULL, NULL, NULL, 1, 0, 0, 'MXN', 0, 0, 0, NULL, NULL, NULL, NULL, NULL, NULL, NULL, '$700', 1, NULL, '2026-02-27 15:53:49', 1, '2026-02-27 16:09:19'),
(371, 1, 371, 170, 3, 42, NULL, 'IMP-260227-000402-81CF', 'confirmado', 'OTA', 9, NULL, NULL, '2026-02-28', '2026-03-03', NULL, NULL, NULL, NULL, 3, 0, 0, 'MXN', 187574, 187574, 0, NULL, '{\"base_nightly_cents\":120000,\"nights\":3,\"calc\":\"override_total\"}', '[{\"date_range\":[\"2026-02-28\",\"2026-03-03\"],\"nightly_cents\":120000,\"nights\":3,\"amount_cents\":60000}]', NULL, NULL, NULL, NULL, '$2700', 1, NULL, '2026-02-27 15:53:49', 1, '2026-02-28 15:58:45'),
(372, 1, 372, 175, 3, 43, NULL, 'IMP-260227-000403-81CF', 'apartado', 'AirB&B', 9, NULL, NULL, '2026-02-01', '2026-02-02', NULL, NULL, NULL, NULL, 1, 0, 0, 'MXN', 0, 0, 0, NULL, NULL, NULL, NULL, NULL, NULL, NULL, '$714', 1, NULL, '2026-02-27 15:53:49', 1, '2026-02-27 16:09:19'),
(373, 1, 373, 175, 3, 43, NULL, 'IMP-260227-000404-81CF', 'apartado', 'AirB&B', 9, NULL, NULL, '2026-02-02', '2026-02-09', NULL, NULL, NULL, NULL, 1, 0, 0, 'MXN', 0, 0, 0, NULL, NULL, NULL, NULL, NULL, NULL, NULL, '$5480', 1, NULL, '2026-02-27 15:53:49', 1, '2026-02-27 16:09:19'),
(374, 1, 374, 175, 3, 43, NULL, 'IMP-260227-000405-81CF', 'apartado', 'Booking', 8, NULL, NULL, '2026-02-09', '2026-02-10', NULL, NULL, NULL, NULL, 1, 0, 0, 'MXN', 0, 0, 0, NULL, NULL, NULL, NULL, NULL, NULL, NULL, '$500', 1, NULL, '2026-02-27 15:53:49', 1, '2026-02-27 16:09:19'),
(375, 1, 375, 175, 3, 43, NULL, 'IMP-260227-000406-81CF', 'apartado', 'Mapas', NULL, 27, NULL, '2026-02-10', '2026-02-11', NULL, NULL, NULL, NULL, 1, 0, 0, 'MXN', 0, 0, 0, NULL, NULL, NULL, NULL, NULL, NULL, NULL, '$600', 1, NULL, '2026-02-27 15:53:49', 1, '2026-02-27 16:09:19'),
(376, 1, 376, 175, 3, 43, NULL, 'IMP-260227-000407-81CF', 'apartado', 'Mapas', NULL, 27, NULL, '2026-02-11', '2026-02-12', NULL, NULL, NULL, NULL, 1, 0, 0, 'MXN', 0, 0, 0, NULL, NULL, NULL, NULL, NULL, NULL, NULL, '$650', 1, NULL, '2026-02-27 15:53:49', 1, '2026-02-27 16:09:19'),
(377, 1, 377, 175, 3, 43, NULL, 'IMP-260227-000408-81CF', 'apartado', 'Mapas', NULL, 27, NULL, '2026-02-13', '2026-02-14', NULL, NULL, NULL, NULL, 1, 0, 0, 'MXN', 0, 0, 0, NULL, NULL, NULL, NULL, NULL, NULL, NULL, '$600', 1, NULL, '2026-02-27 15:53:49', 1, '2026-02-27 16:09:19'),
(378, 1, 378, 175, 3, 43, NULL, 'IMP-260227-000409-81CF', 'apartado', 'Booking', 8, NULL, NULL, '2026-02-14', '2026-02-16', NULL, NULL, NULL, NULL, 1, 0, 0, 'MXN', 0, 0, 0, NULL, NULL, NULL, NULL, NULL, NULL, NULL, '$1500', 1, NULL, '2026-02-27 15:53:49', 1, '2026-02-27 16:09:19'),
(379, 1, 379, 175, 3, 43, NULL, 'IMP-260227-000410-81D0', 'apartado', 'Mapas', NULL, 27, NULL, '2026-02-17', '2026-02-19', NULL, NULL, NULL, NULL, 1, 0, 0, 'MXN', 0, 0, 0, NULL, NULL, NULL, NULL, NULL, NULL, NULL, '$1200', 1, NULL, '2026-02-27 15:53:49', 1, '2026-02-27 16:09:19'),
(380, 1, 380, 175, 3, 43, NULL, 'IMP-260227-000411-81D0', 'apartado', 'AirB&B', 9, NULL, NULL, '2026-02-20', '2026-02-23', NULL, NULL, NULL, NULL, 1, 0, 0, 'MXN', 0, 0, 0, NULL, NULL, NULL, NULL, NULL, NULL, NULL, '$2100', 1, NULL, '2026-02-27 15:53:49', 1, '2026-02-27 16:09:19'),
(381, 1, 381, 175, 3, 43, NULL, 'IMP-260227-000412-81D0', 'apartado', 'AirB&B', 9, NULL, NULL, '2026-02-23', '2026-02-24', NULL, NULL, NULL, NULL, 1, 0, 0, 'MXN', 0, 0, 0, NULL, NULL, NULL, NULL, NULL, NULL, NULL, '$700', 1, NULL, '2026-02-27 15:53:49', 1, '2026-02-27 16:09:19'),
(382, 1, 382, 175, 3, 43, NULL, 'IMP-260227-000413-81D0', 'apartado', 'Mapas', NULL, 27, NULL, '2026-02-24', '2026-02-26', NULL, NULL, NULL, NULL, 1, 0, 0, 'MXN', 0, 0, 0, NULL, NULL, NULL, NULL, NULL, NULL, NULL, '$1600', 1, NULL, '2026-02-27 15:53:49', 1, '2026-02-27 16:09:19'),
(383, 1, 383, 175, 3, 43, NULL, 'IMP-260227-000414-81D0', 'apartado', 'Mapas', NULL, 27, NULL, '2026-02-26', '2026-02-27', NULL, NULL, NULL, NULL, 1, 0, 0, 'MXN', 0, 0, 0, NULL, NULL, NULL, NULL, NULL, NULL, NULL, '$800', 1, NULL, '2026-02-27 15:53:49', 1, '2026-02-27 16:09:19'),
(384, 1, 384, 172, 3, 42, NULL, 'IMP-260227-000415-81D0', 'apartado', 'Booking', 8, NULL, NULL, '2026-02-01', '2026-02-06', NULL, NULL, NULL, NULL, 1, 0, 0, 'MXN', 0, 0, 0, NULL, NULL, NULL, NULL, NULL, NULL, NULL, '$3050', 1, NULL, '2026-02-27 15:53:49', 1, '2026-02-27 16:09:19'),
(385, 1, 385, 172, 3, 42, NULL, 'IMP-260227-000416-81D0', 'apartado', 'Mapas', NULL, 27, NULL, '2026-02-07', '2026-02-10', NULL, NULL, NULL, NULL, 1, 0, 0, 'MXN', 0, 0, 0, NULL, NULL, NULL, NULL, NULL, NULL, NULL, '$2400', 1, NULL, '2026-02-27 15:53:49', 1, '2026-02-27 16:09:19'),
(386, 1, 386, 172, 3, 42, NULL, 'IMP-260227-000417-81D0', 'apartado', 'Mapas', NULL, 27, NULL, '2026-02-11', '2026-02-15', NULL, NULL, NULL, NULL, 1, 0, 0, 'MXN', 0, 0, 0, NULL, NULL, NULL, NULL, NULL, NULL, NULL, '$2800', 1, NULL, '2026-02-27 15:53:49', 1, '2026-02-27 16:09:19'),
(387, 1, 387, 172, 3, 42, NULL, 'IMP-260227-000418-81D0', 'apartado', 'Booking', 8, NULL, NULL, '2026-02-16', '2026-02-17', NULL, NULL, NULL, NULL, 1, 0, 0, 'MXN', 0, 0, 0, NULL, NULL, NULL, NULL, NULL, NULL, NULL, '$1400', 1, NULL, '2026-02-27 15:53:49', 1, '2026-02-27 16:09:19'),
(388, 1, 388, 172, 3, 42, NULL, 'IMP-260227-000419-81D1', 'apartado', 'Mapas', NULL, 27, NULL, '2026-02-17', '2026-02-18', NULL, NULL, NULL, NULL, 1, 0, 0, 'MXN', 0, 0, 0, NULL, NULL, NULL, NULL, NULL, NULL, NULL, '$1100', 1, NULL, '2026-02-27 15:53:49', 1, '2026-02-27 16:09:19'),
(389, 1, 389, 172, 3, 42, NULL, 'IMP-260227-000420-81D1', 'apartado', 'Mapas', NULL, 27, NULL, '2026-02-20', '2026-02-21', NULL, NULL, NULL, NULL, 1, 0, 0, 'MXN', 0, 0, 0, NULL, NULL, NULL, NULL, NULL, NULL, NULL, '$1400', 1, NULL, '2026-02-27 15:53:49', 1, '2026-02-27 16:09:19'),
(390, 1, 390, 172, 3, 42, NULL, 'IMP-260227-000421-81D1', 'apartado', 'Mapas', NULL, 27, NULL, '2026-02-21', '2026-02-22', NULL, NULL, NULL, NULL, 1, 0, 0, 'MXN', 0, 0, 0, NULL, NULL, NULL, NULL, NULL, NULL, NULL, '$800', 1, NULL, '2026-02-27 15:53:49', 1, '2026-02-27 16:09:19'),
(391, 1, 391, 172, 3, 42, NULL, 'IMP-260227-000422-81D1', 'apartado', 'Mapas', NULL, 27, NULL, '2026-02-22', '2026-02-26', NULL, NULL, NULL, NULL, 1, 0, 0, 'MXN', 0, 0, 0, NULL, NULL, NULL, NULL, NULL, NULL, NULL, '$2800', 1, NULL, '2026-02-27 15:53:49', 1, '2026-02-27 16:09:19'),
(392, 1, 392, 172, 3, 42, NULL, 'IMP-260227-000423-81D1', 'apartado', 'AirB&B', 9, NULL, NULL, '2026-02-26', '2026-03-01', NULL, NULL, NULL, NULL, 1, 0, 0, 'MXN', 0, 0, 0, NULL, NULL, NULL, NULL, NULL, NULL, NULL, NULL, 1, NULL, '2026-02-27 15:53:49', 1, '2026-02-27 16:17:45'),
(393, 1, 393, 173, 3, 43, NULL, 'IMP-260227-000424-81D1', 'apartado', 'Booking', 8, NULL, NULL, '2026-02-01', '2026-02-02', NULL, NULL, NULL, NULL, 1, 0, 0, 'MXN', 0, 0, 0, NULL, NULL, NULL, NULL, NULL, NULL, NULL, '$2040', 1, NULL, '2026-02-27 15:53:49', 1, '2026-02-27 16:09:19'),
(394, 1, 394, 173, 3, 43, NULL, 'IMP-260227-000425-81D1', 'apartado', 'Booking', 8, NULL, NULL, '2026-02-02', '2026-02-09', NULL, NULL, NULL, NULL, 1, 0, 0, 'MXN', 0, 0, 0, NULL, NULL, NULL, NULL, NULL, NULL, NULL, '$4500', 1, NULL, '2026-02-27 15:53:49', 1, '2026-02-27 16:09:19'),
(395, 1, 395, 173, 3, 43, NULL, 'IMP-260227-000426-81D1', 'apartado', 'AirB&B', 9, NULL, NULL, '2026-02-10', '2026-02-12', NULL, NULL, NULL, NULL, 1, 0, 0, 'MXN', 0, 0, 0, NULL, NULL, NULL, NULL, NULL, NULL, NULL, '$1400', 1, NULL, '2026-02-27 15:53:49', 1, '2026-02-27 16:09:19'),
(396, 1, 396, 173, 3, 43, NULL, 'IMP-260227-000427-81D1', 'apartado', 'Mapas', NULL, 27, NULL, '2026-02-13', '2026-02-15', NULL, NULL, NULL, NULL, 1, 0, 0, 'MXN', 0, 0, 0, NULL, NULL, NULL, NULL, NULL, NULL, NULL, '$2000', 1, NULL, '2026-02-27 15:53:49', 1, '2026-02-27 16:09:19'),
(397, 1, 397, 173, 3, 43, NULL, 'IMP-260227-000428-81D2', 'apartado', 'Booking', 8, NULL, NULL, '2026-02-17', '2026-02-19', NULL, NULL, NULL, NULL, 1, 0, 0, 'MXN', 0, 0, 0, NULL, NULL, NULL, NULL, NULL, NULL, NULL, '$1400', 1, NULL, '2026-02-27 15:53:49', 1, '2026-02-27 16:09:19'),
(398, 1, 398, 173, 3, 43, NULL, 'IMP-260227-000429-81D2', 'apartado', 'Mapas', NULL, 27, NULL, '2026-02-21', '2026-02-22', NULL, NULL, NULL, NULL, 1, 0, 0, 'MXN', 0, 0, 0, NULL, NULL, NULL, NULL, NULL, NULL, NULL, '$800', 1, NULL, '2026-02-27 15:53:49', 1, '2026-02-27 16:09:19'),
(399, 1, 399, 173, 3, 43, NULL, 'IMP-260227-000430-81D2', 'apartado', 'Booking', 8, NULL, NULL, '2026-02-22', '2026-02-23', NULL, NULL, NULL, NULL, 1, 0, 0, 'MXN', 0, 0, 0, NULL, NULL, NULL, NULL, NULL, NULL, NULL, '$700', 1, NULL, '2026-02-27 15:53:49', 1, '2026-02-27 16:09:19'),
(400, 1, 400, 173, 3, 43, NULL, 'IMP-260227-000431-81D2', 'apartado', 'AirB&B', 9, NULL, NULL, '2026-02-23', '2026-02-25', NULL, NULL, NULL, NULL, 1, 0, 0, 'MXN', 0, 0, 0, NULL, NULL, NULL, NULL, NULL, NULL, NULL, '$1400', 1, NULL, '2026-02-27 15:53:49', 1, '2026-02-27 16:09:19'),
(401, 1, 401, 173, 3, 43, NULL, 'IMP-260227-000432-81D2', 'apartado', 'Booking', 8, NULL, NULL, '2026-02-25', '2026-02-28', NULL, NULL, NULL, NULL, 1, 0, 0, 'MXN', 0, 0, 0, NULL, NULL, NULL, NULL, NULL, NULL, NULL, '$2100', 1, NULL, '2026-02-27 15:53:49', 1, '2026-02-27 16:09:19'),
(402, 1, 402, 174, 3, 43, NULL, 'IMP-260227-000433-81D2', 'apartado', 'AirB&B', 9, NULL, NULL, '2026-02-01', '2026-02-05', NULL, NULL, NULL, NULL, 1, 0, 0, 'MXN', 0, 0, 0, NULL, NULL, NULL, NULL, NULL, NULL, NULL, '$2400', 1, NULL, '2026-02-27 15:53:49', 1, '2026-02-27 16:09:19'),
(403, 1, 403, 174, 3, 43, NULL, 'IMP-260227-000434-81D2', 'apartado', 'Booking', 8, NULL, NULL, '2026-02-05', '2026-02-08', NULL, NULL, NULL, NULL, 1, 0, 0, 'MXN', 0, 0, 0, NULL, NULL, NULL, NULL, NULL, NULL, NULL, '$4000', 1, NULL, '2026-02-27 15:53:49', 1, '2026-02-27 16:09:19'),
(404, 1, 404, 174, 3, 43, NULL, 'IMP-260227-000435-81D2', 'apartado', 'Mapas', NULL, 27, NULL, '2026-02-08', '2026-02-09', NULL, NULL, NULL, NULL, 1, 0, 0, 'MXN', 0, 0, 0, NULL, NULL, NULL, NULL, NULL, NULL, NULL, '$800', 1, NULL, '2026-02-27 15:53:49', 1, '2026-02-27 16:09:19'),
(405, 1, 405, 174, 3, 43, NULL, 'IMP-260227-000436-81D3', 'apartado', 'Mapas', NULL, 27, NULL, '2026-02-09', '2026-02-11', NULL, NULL, NULL, NULL, 1, 0, 0, 'MXN', 0, 0, 0, NULL, NULL, NULL, NULL, NULL, NULL, NULL, '$1500', 1, NULL, '2026-02-27 15:53:49', 1, '2026-02-27 16:09:19'),
(406, 1, 406, 174, 3, 43, NULL, 'IMP-260227-000437-81D3', 'apartado', 'Mapas', NULL, 27, NULL, '2026-02-11', '2026-02-14', NULL, NULL, NULL, NULL, 1, 0, 0, 'MXN', 0, 0, 0, NULL, NULL, NULL, NULL, NULL, NULL, NULL, '$2400', 1, NULL, '2026-02-27 15:53:49', 1, '2026-02-27 16:09:19'),
(407, 1, 407, 174, 3, 43, NULL, 'IMP-260227-000438-81D3', 'apartado', 'AirB&B', 9, NULL, NULL, '2026-02-14', '2026-02-17', NULL, NULL, NULL, NULL, 1, 0, 0, 'MXN', 0, 0, 0, NULL, NULL, NULL, NULL, NULL, NULL, NULL, '$2000', 1, NULL, '2026-02-27 15:53:49', 1, '2026-02-27 16:09:19'),
(408, 1, 408, 174, 3, 43, NULL, 'IMP-260227-000439-81D3', 'apartado', 'AirB&B', 9, NULL, NULL, '2026-02-17', '2026-02-18', NULL, NULL, NULL, NULL, 1, 0, 0, 'MXN', 0, 0, 0, NULL, NULL, NULL, NULL, NULL, NULL, NULL, '$500', 1, NULL, '2026-02-27 15:53:49', 1, '2026-02-27 16:09:19'),
(409, 1, 409, 174, 3, 43, NULL, 'IMP-260227-000440-81D3', 'apartado', 'AirB&B', 9, NULL, NULL, '2026-02-18', '2026-02-21', NULL, NULL, NULL, NULL, 1, 0, 0, 'MXN', 0, 0, 0, NULL, NULL, NULL, NULL, NULL, NULL, NULL, '$1800', 1, NULL, '2026-02-27 15:53:49', 1, '2026-02-27 16:09:19'),
(410, 1, 410, 174, 3, 43, NULL, 'IMP-260227-000441-81D3', 'apartado', 'AirB&B', 9, NULL, NULL, '2026-02-21', '2026-02-23', NULL, NULL, NULL, NULL, 1, 0, 0, 'MXN', 0, 0, 0, NULL, NULL, NULL, NULL, NULL, NULL, NULL, '$1500', 1, NULL, '2026-02-27 15:53:49', 1, '2026-02-27 16:09:19'),
(411, 1, 411, 174, 3, 43, NULL, 'IMP-260227-000442-81D3', 'apartado', 'Booking', 8, NULL, NULL, '2026-02-23', '2026-02-27', NULL, NULL, NULL, NULL, 1, 0, 0, 'MXN', 0, 0, 0, NULL, NULL, NULL, NULL, NULL, NULL, NULL, '$2500', 1, NULL, '2026-02-27 15:53:49', 1, '2026-02-27 16:09:19'),
(412, 1, 412, 174, 3, 43, NULL, 'IMP-260227-000443-81D3', 'apartado', 'Mapas', NULL, 27, NULL, '2026-02-27', '2026-03-02', NULL, NULL, NULL, NULL, 1, 0, 0, 'MXN', 0, 0, 0, NULL, NULL, NULL, NULL, NULL, NULL, NULL, '$2000', 1, NULL, '2026-02-27 15:53:49', 1, '2026-02-27 16:09:19'),
(413, 1, 413, 171, 3, 42, NULL, 'IMP-260227-000444-81D4', 'apartado', 'Booking', 8, NULL, NULL, '2026-02-01', '2026-02-09', NULL, NULL, NULL, NULL, 1, 0, 0, 'MXN', 0, 0, 0, NULL, NULL, NULL, NULL, NULL, NULL, NULL, '$7040', 1, NULL, '2026-02-27 15:53:49', 1, '2026-02-27 16:09:19'),
(414, 1, 414, 171, 3, 42, NULL, 'IMP-260227-000445-81D4', 'apartado', 'AirB&B', 9, NULL, NULL, '2026-02-10', '2026-02-18', NULL, NULL, NULL, NULL, 1, 0, 0, 'MXN', 0, 0, 0, NULL, NULL, NULL, NULL, NULL, NULL, NULL, '$5727', 1, NULL, '2026-02-27 15:53:49', 1, '2026-02-27 16:09:19'),
(415, 1, 415, 171, 3, 42, NULL, 'IMP-260227-000446-81D4', 'apartado', 'AirB&B', 9, NULL, NULL, '2026-02-18', '2026-02-22', NULL, NULL, NULL, NULL, 1, 0, 0, 'MXN', 0, 0, 0, NULL, NULL, NULL, NULL, NULL, NULL, NULL, '$3559', 1, NULL, '2026-02-27 15:53:49', 1, '2026-02-27 16:09:19'),
(416, 1, 416, 171, 3, 42, NULL, 'IMP-260227-000447-81D4', 'apartado', 'AirB&B', 9, NULL, NULL, '2026-02-22', '2026-02-23', NULL, NULL, NULL, NULL, 1, 0, 0, 'MXN', 0, 0, 0, NULL, NULL, NULL, NULL, NULL, NULL, NULL, '$950', 1, NULL, '2026-02-27 15:53:49', 1, '2026-02-27 16:09:19'),
(417, 1, 417, 171, 3, 42, NULL, 'IMP-260227-000448-81D4', 'apartado', 'AirB&B', 9, NULL, NULL, '2026-02-23', '2026-02-24', NULL, NULL, NULL, NULL, 1, 0, 0, 'MXN', 0, 0, 0, NULL, NULL, NULL, NULL, NULL, NULL, NULL, '$950', 1, NULL, '2026-02-27 15:53:49', 1, '2026-02-27 16:09:19'),
(418, 1, 418, 171, 3, 42, NULL, 'IMP-260227-000449-81D4', 'apartado', 'Mapas', NULL, 27, NULL, '2026-02-26', '2026-02-27', NULL, NULL, NULL, NULL, 1, 0, 0, 'MXN', 0, 0, 0, NULL, NULL, NULL, NULL, NULL, NULL, NULL, '$750', 1, NULL, '2026-02-27 15:53:49', 1, '2026-02-27 16:09:19'),
(419, 1, 419, 184, 4, 50, NULL, 'IMP-260227-000474-81D5', 'apartado', 'Mapas', NULL, 27, NULL, '2026-02-07', '2026-02-08', NULL, NULL, NULL, NULL, 1, 0, 0, 'MXN', 0, 0, 0, NULL, NULL, NULL, NULL, NULL, NULL, NULL, '$900', 1, NULL, '2026-02-27 15:53:49', 1, '2026-02-27 16:09:19'),
(420, 1, 420, 184, 4, 50, NULL, 'IMP-260227-000475-81D5', 'apartado', 'Booking', 8, NULL, NULL, '2026-02-14', '2026-02-15', NULL, NULL, NULL, NULL, 1, 0, 0, 'MXN', 0, 0, 0, NULL, NULL, NULL, NULL, NULL, NULL, NULL, '$800', 1, NULL, '2026-02-27 15:53:49', 1, '2026-02-27 16:09:19'),
(421, 1, 421, 184, 4, 50, NULL, 'IMP-260227-000476-81D5', 'apartado', 'Mapas', NULL, 27, NULL, '2026-02-16', '2026-02-17', NULL, NULL, NULL, NULL, 1, 0, 0, 'MXN', 0, 0, 0, NULL, NULL, NULL, NULL, NULL, NULL, NULL, '$700', 1, NULL, '2026-02-27 15:53:49', 1, '2026-02-27 16:09:19'),
(422, 1, 422, 184, 4, 50, NULL, 'IMP-260227-000477-81D5', 'apartado', 'Mapas', NULL, 27, NULL, '2026-02-20', '2026-02-23', NULL, NULL, NULL, NULL, 1, 0, 0, 'MXN', 0, 0, 0, NULL, NULL, NULL, NULL, NULL, NULL, NULL, '$3000', 1, NULL, '2026-02-27 15:53:49', 1, '2026-02-27 16:09:19'),
(423, 1, 423, 184, 4, 50, NULL, 'IMP-260227-000478-81D6', 'apartado', 'Mapas', NULL, 27, NULL, '2026-02-23', '2026-02-25', NULL, NULL, NULL, NULL, 1, 0, 0, 'MXN', 0, 0, 0, NULL, NULL, NULL, NULL, NULL, NULL, NULL, '$2000', 1, NULL, '2026-02-27 15:53:49', 1, '2026-02-27 16:09:19'),
(424, 1, 424, 185, 4, 50, NULL, 'IMP-260227-000479-81D6', 'apartado', 'AirB&B', 9, NULL, NULL, '2026-02-01', '2026-02-12', NULL, NULL, NULL, NULL, 1, 0, 0, 'MXN', 0, 0, 0, NULL, NULL, NULL, NULL, NULL, NULL, NULL, NULL, 1, NULL, '2026-02-27 15:53:49', 1, '2026-02-27 16:17:45'),
(425, 1, 425, 185, 4, 50, NULL, 'IMP-260227-000480-81D6', 'apartado', 'AirB&B', 9, NULL, NULL, '2026-02-14', '2026-02-17', NULL, NULL, NULL, NULL, 1, 0, 0, 'MXN', 0, 0, 0, NULL, NULL, NULL, NULL, NULL, NULL, NULL, '$2700', 1, NULL, '2026-02-27 15:53:49', 1, '2026-02-27 16:09:19'),
(426, 1, 426, 185, 4, 50, NULL, 'IMP-260227-000481-81D6', 'apartado', 'AirB&B', 9, NULL, NULL, '2026-02-20', '2026-02-23', NULL, NULL, NULL, NULL, 1, 0, 0, 'MXN', 0, 0, 0, NULL, NULL, NULL, NULL, NULL, NULL, NULL, '$2100', 1, NULL, '2026-02-27 15:53:49', 1, '2026-02-27 16:09:19'),
(427, 1, 427, 177, 6, 45, NULL, 'IMP-260227-000482-81D6', 'apartado', 'Booking', 8, NULL, NULL, '2026-02-01', '2026-02-03', NULL, NULL, NULL, NULL, 1, 0, 0, 'MXN', 0, 0, 0, NULL, NULL, NULL, NULL, NULL, NULL, NULL, '$3000', 1, NULL, '2026-02-27 15:53:49', 1, '2026-02-27 16:09:19'),
(428, 1, 428, 177, 6, 45, NULL, 'IMP-260227-000483-81D6', 'apartado', 'AirB&B', 9, NULL, NULL, '2026-02-03', '2026-02-04', NULL, NULL, NULL, NULL, 1, 0, 0, 'MXN', 0, 0, 0, NULL, NULL, NULL, NULL, NULL, NULL, NULL, '$1300', 1, NULL, '2026-02-27 15:53:49', 1, '2026-02-27 16:09:19'),
(429, 1, 429, 177, 6, 45, NULL, 'IMP-260227-000484-81D6', 'apartado', 'AirB&B', 9, NULL, NULL, '2026-02-04', '2026-02-07', NULL, NULL, NULL, NULL, 1, 0, 0, 'MXN', 0, 0, 0, NULL, NULL, NULL, NULL, NULL, NULL, NULL, '$4541', 1, NULL, '2026-02-27 15:53:49', 1, '2026-02-27 16:09:19'),
(430, 1, 430, 177, 6, 45, NULL, 'IMP-260227-000485-81D7', 'apartado', 'Booking', 8, NULL, NULL, '2026-02-07', '2026-02-09', NULL, NULL, NULL, NULL, 1, 0, 0, 'MXN', 0, 0, 0, NULL, NULL, NULL, NULL, NULL, NULL, NULL, '$3000', 1, NULL, '2026-02-27 15:53:49', 1, '2026-02-27 16:09:19'),
(431, 1, 431, 177, 6, 45, NULL, 'IMP-260227-000486-81D7', 'apartado', 'AirB&B', 9, NULL, NULL, '2026-02-09', '2026-02-13', NULL, NULL, NULL, NULL, 1, 0, 0, 'MXN', 0, 0, 0, NULL, NULL, NULL, NULL, NULL, NULL, NULL, '$5400', 1, NULL, '2026-02-27 15:53:49', 1, '2026-02-27 16:09:19'),
(432, 1, 432, 177, 6, 45, NULL, 'IMP-260227-000487-81D7', 'apartado', 'Booking', 8, NULL, NULL, '2026-02-13', '2026-02-17', NULL, NULL, NULL, NULL, 1, 0, 0, 'MXN', 0, 0, 0, NULL, NULL, NULL, NULL, NULL, NULL, NULL, '$6000', 1, NULL, '2026-02-27 15:53:49', 1, '2026-02-27 16:09:19'),
(433, 1, 433, 177, 6, 45, NULL, 'IMP-260227-000488-81D7', 'apartado', 'AirB&B', 9, NULL, NULL, '2026-02-19', '2026-02-24', NULL, NULL, NULL, NULL, 1, 0, 0, 'MXN', 0, 0, 0, NULL, NULL, NULL, NULL, NULL, NULL, NULL, '$7700', 1, NULL, '2026-02-27 15:53:49', 1, '2026-02-27 16:09:19'),
(434, 1, 434, 177, 6, 45, NULL, 'IMP-260227-000489-81D7', 'apartado', 'AirB&B', 9, NULL, NULL, '2026-02-24', '2026-02-26', NULL, NULL, NULL, NULL, 1, 0, 0, 'MXN', 0, 0, 0, NULL, NULL, NULL, NULL, NULL, NULL, NULL, '$2137', 1, NULL, '2026-02-27 15:53:49', 1, '2026-02-27 16:09:19'),
(435, 1, 435, 177, 6, 45, NULL, 'IMP-260227-000490-81D7', 'apartado', 'Mapas', NULL, 27, NULL, '2026-02-26', '2026-02-28', NULL, NULL, NULL, NULL, 1, 0, 0, 'MXN', 0, 0, 0, NULL, NULL, NULL, NULL, NULL, NULL, NULL, NULL, 1, NULL, '2026-02-27 15:53:49', 1, '2026-02-27 16:17:45'),
(436, 1, 436, 178, 6, 45, NULL, 'IMP-260227-000492-81D7', 'apartado', 'Booking', 8, NULL, NULL, '2026-02-01', '2026-02-02', NULL, NULL, NULL, NULL, 1, 0, 0, 'MXN', 0, 0, 0, NULL, NULL, NULL, NULL, NULL, NULL, NULL, NULL, 1, NULL, '2026-02-27 15:53:49', 1, '2026-02-27 16:17:45'),
(437, 1, 437, 178, 6, 45, NULL, 'IMP-260227-000493-81D8', 'apartado', 'Booking', 8, NULL, NULL, '2026-02-02', '2026-02-03', NULL, NULL, NULL, NULL, 1, 0, 0, 'MXN', 0, 0, 0, NULL, NULL, NULL, NULL, NULL, NULL, NULL, '$1400', 1, NULL, '2026-02-27 15:53:49', 1, '2026-02-27 16:09:19'),
(438, 1, 438, 178, 6, 45, NULL, 'IMP-260227-000494-81D8', 'apartado', 'AirB&B', 9, NULL, NULL, '2026-02-05', '2026-02-09', NULL, NULL, NULL, NULL, 1, 0, 0, 'MXN', 0, 0, 0, NULL, NULL, NULL, NULL, NULL, NULL, NULL, '$6300', 1, NULL, '2026-02-27 15:53:49', 1, '2026-02-27 16:09:19'),
(439, 1, 439, 178, 6, 45, NULL, 'IMP-260227-000495-81D8', 'apartado', 'AirB&B', 9, NULL, NULL, '2026-02-09', '2026-02-11', NULL, NULL, NULL, NULL, 1, 0, 0, 'MXN', 0, 0, 0, NULL, NULL, NULL, NULL, NULL, NULL, NULL, '$400', 1, NULL, '2026-02-27 15:53:49', 1, '2026-02-27 16:09:19'),
(440, 1, 440, 178, 6, 45, NULL, 'IMP-260227-000496-81D8', 'apartado', 'AirB&B', 9, NULL, NULL, '2026-02-11', '2026-02-15', NULL, NULL, NULL, NULL, 1, 0, 0, 'MXN', 0, 0, 0, NULL, NULL, NULL, NULL, NULL, NULL, NULL, '$6800', 1, NULL, '2026-02-27 15:53:49', 1, '2026-02-27 16:09:19'),
(441, 1, 441, 178, 6, 45, NULL, 'IMP-260227-000497-81D8', 'apartado', 'AirB&B', 9, NULL, NULL, '2026-02-15', '2026-02-17', NULL, NULL, NULL, NULL, 1, 0, 0, 'MXN', 0, 0, 0, NULL, NULL, NULL, NULL, NULL, NULL, NULL, '$2942', 1, NULL, '2026-02-27 15:53:49', 1, '2026-02-27 16:09:19'),
(442, 1, 442, 178, 6, 45, NULL, 'IMP-260227-000498-81D8', 'apartado', 'AirB&B', 9, NULL, NULL, '2026-02-19', '2026-02-24', NULL, NULL, NULL, NULL, 1, 0, 0, 'MXN', 0, 0, 0, NULL, NULL, NULL, NULL, NULL, NULL, NULL, '$6400', 1, NULL, '2026-02-27 15:53:49', 1, '2026-02-27 16:09:19'),
(443, 1, 443, 178, 6, 45, NULL, 'IMP-260227-000499-81D8', 'apartado', 'AirB&B', 9, NULL, NULL, '2026-02-24', '2026-02-28', NULL, NULL, NULL, NULL, 1, 0, 0, 'MXN', 0, 0, 0, NULL, NULL, NULL, NULL, NULL, NULL, NULL, '$7000', 1, NULL, '2026-02-27 15:53:49', 1, '2026-02-27 16:09:19'),
(444, 1, 444, 178, 6, 45, NULL, 'IMP-260227-000500-81D8', 'apartado', 'AirB&B', 9, NULL, NULL, '2026-02-28', '2026-03-04', NULL, NULL, NULL, NULL, 1, 0, 0, 'MXN', 0, 0, 0, NULL, NULL, NULL, NULL, NULL, NULL, NULL, NULL, 1, NULL, '2026-02-27 15:53:49', 1, '2026-02-27 16:17:45'),
(445, 1, 445, 211, 9, 58, NULL, 'IMP-260227-000501-81D9', 'apartado', 'Mapas', NULL, 27, NULL, '2026-02-01', '2026-02-03', NULL, NULL, NULL, NULL, 1, 0, 0, 'MXN', 0, 0, 0, NULL, NULL, NULL, NULL, NULL, NULL, NULL, NULL, 1, NULL, '2026-02-27 15:53:49', 1, '2026-02-27 16:17:45'),
(446, 1, 446, 211, 9, 58, NULL, 'IMP-260227-000502-81D9', 'apartado', 'Mapas', NULL, 27, NULL, '2026-02-03', '2026-02-08', NULL, NULL, NULL, NULL, 1, 0, 0, 'MXN', 0, 0, 0, NULL, NULL, NULL, NULL, NULL, NULL, NULL, '$3000', 1, NULL, '2026-02-27 15:53:49', 1, '2026-02-27 16:09:19'),
(447, 1, 447, 211, 9, 58, NULL, 'IMP-260227-000503-81D9', 'apartado', 'Mapas', NULL, 27, NULL, '2026-02-08', '2026-02-13', NULL, NULL, NULL, NULL, 1, 0, 0, 'MXN', 0, 0, 0, NULL, NULL, NULL, NULL, NULL, NULL, NULL, '$3000', 1, NULL, '2026-02-27 15:53:49', 1, '2026-02-27 16:09:19'),
(448, 1, 448, 212, 9, 58, NULL, 'IMP-260227-000504-81D9', 'apartado', 'Mapas', NULL, 27, NULL, '2026-02-01', '2026-02-03', NULL, NULL, NULL, NULL, 1, 0, 0, 'MXN', 0, 0, 0, NULL, NULL, NULL, NULL, NULL, NULL, NULL, '$1200', 1, NULL, '2026-02-27 15:53:49', 1, '2026-02-27 16:09:19'),
(449, 1, 449, 212, 9, 58, NULL, 'IMP-260227-000505-81D9', 'apartado', 'Mapas', NULL, 27, NULL, '2026-02-07', '2026-02-08', NULL, NULL, NULL, NULL, 1, 0, 0, 'MXN', 0, 0, 0, NULL, NULL, NULL, NULL, NULL, NULL, NULL, '$6400', 1, NULL, '2026-02-27 15:53:49', 1, '2026-02-27 16:09:19'),
(450, 1, 450, 212, 9, 58, NULL, 'IMP-260227-000506-81D9', 'apartado', 'Expedia', 12, NULL, NULL, '2026-02-26', '2026-03-02', NULL, NULL, NULL, NULL, 1, 0, 0, 'MXN', 0, 0, 0, NULL, NULL, NULL, NULL, NULL, NULL, NULL, '$2600', 1, NULL, '2026-02-27 15:53:49', 1, '2026-02-27 16:09:19'),
(451, 1, 451, 213, 9, 58, NULL, 'IMP-260227-000507-81D9', 'apartado', 'Mapas', NULL, 27, NULL, '2026-02-01', '2026-02-02', NULL, NULL, NULL, NULL, 1, 0, 0, 'MXN', 0, 0, 0, NULL, NULL, NULL, NULL, NULL, NULL, NULL, '$700', 1, NULL, '2026-02-27 15:53:49', 1, '2026-02-27 16:09:19'),
(452, 1, 452, 213, 9, 58, NULL, 'IMP-260227-000508-81D9', 'apartado', 'Mapas', NULL, 27, NULL, '2026-02-05', '2026-02-07', NULL, NULL, NULL, NULL, 1, 0, 0, 'MXN', 0, 0, 0, NULL, NULL, NULL, NULL, NULL, NULL, NULL, '$1500', 1, NULL, '2026-02-27 15:53:49', 1, '2026-02-27 16:09:19'),
(453, 1, 453, 213, 9, 58, NULL, 'IMP-260227-000509-81DA', 'apartado', 'AirB&B', 9, NULL, NULL, '2026-02-14', '2026-02-15', NULL, NULL, NULL, NULL, 1, 0, 0, 'MXN', 0, 0, 0, NULL, NULL, NULL, NULL, NULL, NULL, NULL, '$700', 1, NULL, '2026-02-27 15:53:49', 1, '2026-02-27 16:09:19'),
(454, 1, 454, 214, 9, 58, NULL, 'IMP-260227-000510-81DA', 'apartado', 'Booking', 8, NULL, NULL, '2026-02-01', '2026-02-02', NULL, NULL, NULL, NULL, 1, 0, 0, 'MXN', 0, 0, 0, NULL, NULL, NULL, NULL, NULL, NULL, NULL, NULL, 1, NULL, '2026-02-27 15:53:49', 1, '2026-02-27 16:17:45'),
(455, 1, 455, 214, 9, 58, NULL, 'IMP-260227-000511-81DA', 'apartado', 'Mapas', NULL, 27, NULL, '2026-02-14', '2026-02-15', NULL, NULL, NULL, NULL, 1, 0, 0, 'MXN', 0, 0, 0, NULL, NULL, NULL, NULL, NULL, NULL, NULL, '$1000', 1, NULL, '2026-02-27 15:53:49', 1, '2026-02-27 16:09:19'),
(456, 1, 456, 214, 9, 58, NULL, 'IMP-260227-000512-81DA', 'apartado', 'Mapas', NULL, 27, NULL, '2026-02-23', '2026-02-25', NULL, NULL, NULL, NULL, 1, 0, 0, 'MXN', 0, 0, 0, NULL, NULL, NULL, NULL, NULL, NULL, NULL, '$1800', 1, NULL, '2026-02-27 15:53:49', 1, '2026-02-27 16:09:19'),
(457, 1, 457, 214, 9, 58, NULL, 'IMP-260227-000513-81DA', 'apartado', 'AirB&B', 9, NULL, NULL, '2026-02-25', '2026-02-26', NULL, NULL, NULL, NULL, 1, 0, 0, 'MXN', 0, 0, 0, NULL, NULL, NULL, NULL, NULL, NULL, NULL, '$600', 1, NULL, '2026-02-27 15:53:49', 1, '2026-02-27 16:09:19'),
(458, 1, 458, 215, 9, 59, NULL, 'IMP-260227-000514-81DA', 'apartado', 'Booking', 8, NULL, NULL, '2026-02-01', '2026-02-04', NULL, NULL, NULL, NULL, 1, 0, 0, 'MXN', 0, 0, 0, NULL, NULL, NULL, NULL, NULL, NULL, NULL, '$2100', 1, NULL, '2026-02-27 15:53:49', 1, '2026-02-27 16:09:19'),
(459, 1, 459, 215, 9, 59, NULL, 'IMP-260227-000515-81DA', 'apartado', 'Expedia', 12, NULL, NULL, '2026-02-04', '2026-02-06', NULL, NULL, NULL, NULL, 1, 0, 0, 'MXN', 0, 0, 0, NULL, NULL, NULL, NULL, NULL, NULL, NULL, '$1800', 1, NULL, '2026-02-27 15:53:49', 1, '2026-02-27 16:09:19'),
(460, 1, 460, 215, 9, 59, NULL, 'IMP-260227-000516-81DA', 'apartado', 'AirB&B', 9, NULL, NULL, '2026-02-06', '2026-02-09', NULL, NULL, NULL, NULL, 1, 0, 0, 'MXN', 0, 0, 0, NULL, NULL, NULL, NULL, NULL, NULL, NULL, '$2813', 1, NULL, '2026-02-27 15:53:49', 1, '2026-02-27 16:09:19'),
(461, 1, 461, 215, 9, 59, NULL, 'IMP-260227-000517-81DA', 'apartado', 'Mapas', NULL, 27, NULL, '2026-02-13', '2026-02-14', NULL, NULL, NULL, NULL, 1, 0, 0, 'MXN', 0, 0, 0, NULL, NULL, NULL, NULL, NULL, NULL, NULL, '$800', 1, NULL, '2026-02-27 15:53:49', 1, '2026-02-27 16:09:19'),
(462, 1, 462, 215, 9, 59, NULL, 'IMP-260227-000518-81DB', 'apartado', 'AirB&B', 9, NULL, NULL, '2026-02-14', '2026-02-17', NULL, NULL, NULL, NULL, 1, 0, 0, 'MXN', 0, 0, 0, NULL, NULL, NULL, NULL, NULL, NULL, NULL, NULL, 1, NULL, '2026-02-27 15:53:49', 1, '2026-02-27 16:17:45'),
(463, 1, 463, 215, 9, 59, NULL, 'IMP-260227-000519-81DB', 'apartado', 'Mapas', NULL, 27, NULL, '2026-02-21', '2026-02-26', NULL, NULL, NULL, NULL, 1, 0, 0, 'MXN', 0, 0, 0, NULL, NULL, NULL, NULL, NULL, NULL, NULL, '$2100', 1, NULL, '2026-02-27 15:53:49', 1, '2026-02-27 16:09:19'),
(464, 1, 464, 216, 9, 59, NULL, 'IMP-260227-000520-81DB', 'apartado', 'AirB&B', 9, NULL, NULL, '2026-02-01', '2026-02-02', NULL, NULL, NULL, NULL, 1, 0, 0, 'MXN', 0, 0, 0, NULL, NULL, NULL, NULL, NULL, NULL, NULL, NULL, 1, NULL, '2026-02-27 15:53:49', 1, '2026-02-27 16:17:45'),
(465, 1, 465, 216, 9, 59, NULL, 'IMP-260227-000521-81DB', 'apartado', 'Expedia', 12, NULL, NULL, '2026-02-04', '2026-02-06', NULL, NULL, NULL, NULL, 1, 0, 0, 'MXN', 0, 0, 0, NULL, NULL, NULL, NULL, NULL, NULL, NULL, '$1800', 1, NULL, '2026-02-27 15:53:49', 1, '2026-02-27 16:09:19'),
(466, 1, 466, 216, 9, 59, NULL, 'IMP-260227-000522-81DB', 'apartado', 'Mapas', NULL, 27, NULL, '2026-02-07', '2026-02-08', NULL, NULL, NULL, NULL, 1, 0, 0, 'MXN', 0, 0, 0, NULL, NULL, NULL, NULL, NULL, NULL, NULL, NULL, 1, NULL, '2026-02-27 15:53:49', 1, '2026-02-27 16:17:45'),
(467, 1, 467, 216, 9, 59, NULL, 'IMP-260227-000523-81DB', 'apartado', 'Mapas', NULL, 27, NULL, '2026-02-09', '2026-02-10', NULL, NULL, NULL, NULL, 1, 0, 0, 'MXN', 0, 0, 0, NULL, NULL, NULL, NULL, NULL, NULL, NULL, '$800', 1, NULL, '2026-02-27 15:53:49', 1, '2026-02-27 16:09:19'),
(468, 1, 468, 216, 9, 59, NULL, 'IMP-260227-000524-81DB', 'apartado', 'Mapas', NULL, 27, NULL, '2026-02-10', '2026-02-11', NULL, NULL, NULL, NULL, 1, 0, 0, 'MXN', 0, 0, 0, NULL, NULL, NULL, NULL, NULL, NULL, NULL, '$800', 1, NULL, '2026-02-27 15:53:49', 1, '2026-02-27 16:09:19'),
(469, 1, 469, 216, 9, 59, NULL, 'IMP-260227-000525-81DB', 'apartado', 'Booking', 8, NULL, NULL, '2026-02-13', '2026-02-15', NULL, NULL, NULL, NULL, 1, 0, 0, 'MXN', 0, 0, 0, NULL, NULL, NULL, NULL, NULL, NULL, NULL, '$1900', 1, NULL, '2026-02-27 15:53:49', 1, '2026-02-27 16:09:19'),
(470, 1, 470, 216, 9, 59, NULL, 'IMP-260227-000526-81DC', 'apartado', 'AirB&B', 9, NULL, NULL, '2026-02-19', '2026-02-22', NULL, NULL, NULL, NULL, 1, 0, 0, 'MXN', 0, 0, 0, NULL, NULL, NULL, NULL, NULL, NULL, NULL, '$2400', 1, NULL, '2026-02-27 15:53:49', 1, '2026-02-27 16:09:19'),
(471, 1, 471, 216, 9, 59, NULL, 'IMP-260227-000527-81DC', 'apartado', 'Mapas', NULL, 27, NULL, '2026-02-23', '2026-02-24', NULL, NULL, NULL, NULL, 1, 0, 0, 'MXN', 0, 0, 0, NULL, NULL, NULL, NULL, NULL, NULL, NULL, '$1000', 1, NULL, '2026-02-27 15:53:49', 1, '2026-02-27 16:09:19'),
(472, 1, 472, 217, 9, 60, NULL, 'IMP-260227-000528-81DC', 'apartado', 'Mapas', NULL, 27, NULL, '2026-02-01', '2026-02-02', NULL, NULL, NULL, NULL, 1, 0, 0, 'MXN', 0, 0, 0, NULL, NULL, NULL, NULL, NULL, NULL, NULL, NULL, 1, NULL, '2026-02-27 15:53:49', 1, '2026-02-27 16:17:45'),
(473, 1, 473, 217, 9, 60, NULL, 'IMP-260227-000529-81DC', 'apartado', 'Booking', 8, NULL, NULL, '2026-02-09', '2026-02-12', NULL, NULL, NULL, NULL, 1, 0, 0, 'MXN', 0, 0, 0, NULL, NULL, NULL, NULL, NULL, NULL, NULL, NULL, 1, NULL, '2026-02-27 15:53:49', 1, '2026-02-27 16:17:45'),
(474, 1, 474, 217, 9, 60, NULL, 'IMP-260227-000530-81DC', 'apartado', 'AirB&B', 9, NULL, NULL, '2026-02-13', '2026-02-14', NULL, NULL, NULL, NULL, 1, 0, 0, 'MXN', 0, 0, 0, NULL, NULL, NULL, NULL, NULL, NULL, NULL, '$500', 1, NULL, '2026-02-27 15:53:49', 1, '2026-02-27 16:09:19'),
(475, 1, 475, 217, 9, 60, NULL, 'IMP-260227-000531-81DC', 'apartado', 'Mapas', NULL, 27, NULL, '2026-02-14', '2026-02-15', NULL, NULL, NULL, NULL, 1, 0, 0, 'MXN', 0, 0, 0, NULL, NULL, NULL, NULL, NULL, NULL, NULL, '$600', 1, NULL, '2026-02-27 15:53:49', 1, '2026-02-27 16:09:19'),
(476, 1, 476, 217, 9, 60, NULL, 'IMP-260227-000532-81DC', 'apartado', 'Mapas', NULL, 27, NULL, '2026-02-15', '2026-02-16', NULL, NULL, NULL, NULL, 1, 0, 0, 'MXN', 0, 0, 0, NULL, NULL, NULL, NULL, NULL, NULL, NULL, '$600', 1, NULL, '2026-02-27 15:53:49', 1, '2026-02-27 16:09:19'),
(477, 1, 477, 217, 9, 60, NULL, 'IMP-260227-000533-81DC', 'apartado', 'Mapas', NULL, 27, NULL, '2026-02-20', '2026-02-23', NULL, NULL, NULL, NULL, 1, 0, 0, 'MXN', 0, 0, 0, NULL, NULL, NULL, NULL, NULL, NULL, NULL, '$1800', 1, NULL, '2026-02-27 15:53:49', 1, '2026-02-27 16:09:19'),
(478, 1, 478, 217, 9, 60, NULL, 'IMP-260227-000534-81DC', 'apartado', 'Booking', 8, NULL, NULL, '2026-02-23', '2026-02-27', NULL, NULL, NULL, NULL, 1, 0, 0, 'MXN', 0, 0, 0, NULL, NULL, NULL, NULL, NULL, NULL, NULL, '$5066', 1, NULL, '2026-02-27 15:53:49', 1, '2026-02-27 16:09:19'),
(479, 1, 479, 218, 9, 60, NULL, 'IMP-260227-000535-81DC', 'apartado', 'Mapas', NULL, 27, NULL, '2026-02-01', '2026-02-02', NULL, NULL, NULL, NULL, 1, 0, 0, 'MXN', 0, 0, 0, NULL, NULL, NULL, NULL, NULL, NULL, NULL, '$400', 1, NULL, '2026-02-27 15:53:49', 1, '2026-02-27 16:09:19'),
(480, 1, 480, 218, 9, 60, NULL, 'IMP-260227-000536-81DD', 'apartado', 'Mapas', NULL, 27, NULL, '2026-02-02', '2026-02-03', NULL, NULL, NULL, NULL, 1, 0, 0, 'MXN', 0, 0, 0, NULL, NULL, NULL, NULL, NULL, NULL, NULL, '$600', 1, NULL, '2026-02-27 15:53:49', 1, '2026-02-27 16:09:19'),
(481, 1, 481, 218, 9, 60, NULL, 'IMP-260227-000537-81DD', 'apartado', 'Booking', 8, NULL, NULL, '2026-02-03', '2026-02-05', NULL, NULL, NULL, NULL, 1, 0, 0, 'MXN', 0, 0, 0, NULL, NULL, NULL, NULL, NULL, NULL, NULL, '$1300', 1, NULL, '2026-02-27 15:53:49', 1, '2026-02-27 16:09:19'),
(482, 1, 482, 218, 9, 60, NULL, 'IMP-260227-000538-81DD', 'apartado', 'AirB&B', 9, NULL, NULL, '2026-02-10', '2026-02-11', NULL, NULL, NULL, NULL, 1, 0, 0, 'MXN', 0, 0, 0, NULL, NULL, NULL, NULL, NULL, NULL, NULL, '$600', 1, NULL, '2026-02-27 15:53:49', 1, '2026-02-27 16:09:19'),
(483, 1, 483, 218, 9, 60, NULL, 'IMP-260227-000539-81DD', 'apartado', 'Mapas', NULL, 27, NULL, '2026-02-11', '2026-02-12', NULL, NULL, NULL, NULL, 1, 0, 0, 'MXN', 0, 0, 0, NULL, NULL, NULL, NULL, NULL, NULL, NULL, '$600', 1, NULL, '2026-02-27 15:53:49', 1, '2026-02-27 16:09:19'),
(484, 1, 484, 218, 9, 60, NULL, 'IMP-260227-000540-81DD', 'apartado', 'AirB&B', 9, NULL, NULL, '2026-02-12', '2026-02-14', NULL, NULL, NULL, NULL, 1, 0, 0, 'MXN', 0, 0, 0, NULL, NULL, NULL, NULL, NULL, NULL, NULL, '$1200', 1, NULL, '2026-02-27 15:53:49', 1, '2026-02-27 16:09:19'),
(485, 1, 485, 218, 9, 60, NULL, 'IMP-260227-000541-81DD', 'apartado', 'Mapas', NULL, 27, NULL, '2026-02-23', '2026-02-25', NULL, NULL, NULL, NULL, 1, 0, 0, 'MXN', 0, 0, 0, NULL, NULL, NULL, NULL, NULL, NULL, NULL, '$1800', 1, NULL, '2026-02-27 15:53:49', 1, '2026-02-27 16:09:19'),
(486, 1, 486, 210, 9, 58, NULL, 'IMP-260227-000542-81DD', 'apartado', 'Mapas', NULL, 27, NULL, '2026-02-01', '2026-02-03', NULL, NULL, NULL, NULL, 1, 0, 0, 'MXN', 0, 0, 0, NULL, NULL, NULL, NULL, NULL, NULL, NULL, NULL, 1, NULL, '2026-02-27 15:53:49', 1, '2026-02-27 16:17:45'),
(487, 1, 487, 210, 9, 58, NULL, 'IMP-260227-000543-81DD', 'apartado', 'Mapas', NULL, 27, NULL, '2026-02-13', '2026-02-14', NULL, NULL, NULL, NULL, 1, 0, 0, 'MXN', 0, 0, 0, NULL, NULL, NULL, NULL, NULL, NULL, NULL, '$600', 1, NULL, '2026-02-27 15:53:49', 1, '2026-02-27 16:09:19'),
(488, 1, 488, 210, 9, 58, NULL, 'IMP-260227-000544-81DE', 'apartado', 'Mapas', NULL, 27, NULL, '2026-02-16', '2026-02-17', NULL, NULL, NULL, NULL, 1, 0, 0, 'MXN', 0, 0, 0, NULL, NULL, NULL, NULL, NULL, NULL, NULL, '$600', 1, NULL, '2026-02-27 15:53:49', 1, '2026-02-27 16:09:19'),
(489, 1, 489, 210, 9, 58, NULL, 'IMP-260227-000545-81DE', 'apartado', 'Booking', 8, NULL, NULL, '2026-02-23', '2026-02-27', NULL, NULL, NULL, NULL, 1, 0, 0, 'MXN', 0, 0, 0, NULL, NULL, NULL, NULL, NULL, NULL, NULL, NULL, 1, NULL, '2026-02-27 15:53:49', 1, '2026-02-27 16:17:45'),
(490, 1, 490, 187, 1, 44, NULL, 'HMKYAMQDD4', 'cancelada', 'OTA', 9, NULL, NULL, '2026-03-02', '2026-03-07', NULL, NULL, NULL, NULL, 1, 0, 0, 'MXN', 226361, 226361, 0, NULL, '{\"base_nightly_cents\":81900,\"nights\":5,\"calc\":\"override_total\"}', '[{\"date_range\":[\"2026-03-02\",\"2026-03-07\"],\"nightly_cents\":81900,\"nights\":5,\"amount_cents\":90000}]', NULL, NULL, NULL, NULL, '$3500', 1, NULL, '2026-02-27 15:53:49', 1, '2026-03-02 12:54:23'),
(491, 1, 491, 188, 1, 53, NULL, 'IMP-260227-000547-81DE', 'cancelada', 'Directo', NULL, 27, NULL, '2026-03-03', '2026-03-05', NULL, NULL, NULL, NULL, 2, 0, 0, 'MXN', 160000, 160000, 0, NULL, '{\"base_nightly_cents\":85500,\"nights\":2,\"calc\":\"override_total\"}', '[{\"date_range\":[\"2026-03-03\",\"2026-03-05\"],\"nightly_cents\":85500,\"nights\":2,\"amount_cents\":160000}]', NULL, NULL, NULL, NULL, '$1600', 1, NULL, '2026-02-27 15:53:49', 1, '2026-03-02 19:27:12'),
(492, 1, 492, 188, 1, 53, NULL, 'IMP-260227-000548-81DE', 'apartado', 'AirB&B', 9, NULL, NULL, '2026-03-06', '2026-03-10', NULL, NULL, NULL, NULL, 1, 0, 0, 'MXN', 0, 0, 0, NULL, NULL, NULL, NULL, NULL, NULL, NULL, '$3200', 1, NULL, '2026-02-27 15:53:49', 1, '2026-02-27 16:09:19'),
(493, 1, 493, 188, 1, 53, NULL, 'IMP-260227-000549-81DE', 'apartado', 'Mapas', NULL, 27, NULL, '2026-03-11', '2026-03-14', NULL, NULL, NULL, NULL, 1, 0, 0, 'MXN', 0, 0, 0, NULL, NULL, NULL, NULL, NULL, NULL, NULL, '$2400', 1, NULL, '2026-02-27 15:53:49', 1, '2026-02-27 16:09:19'),
(494, 1, 494, 192, 1, 53, NULL, 'IMP-260227-000551-81DE', 'apartado', 'Mapas', NULL, 27, NULL, '2026-03-14', '2026-03-16', NULL, NULL, NULL, NULL, 1, 0, 0, 'MXN', 0, 0, 0, NULL, NULL, NULL, NULL, NULL, NULL, NULL, '$1400', 1, NULL, '2026-02-27 15:53:49', 1, '2026-02-27 16:09:19'),
(495, 1, 495, 170, 3, 42, NULL, 'IMP-260227-000553-81DE', 'confirmado', 'OTA', 9, NULL, NULL, '2026-04-03', '2026-04-04', NULL, NULL, NULL, NULL, 1, 0, 0, 'MXN', 130000, 130000, 0, NULL, '{\"base_nightly_cents\":120000,\"nights\":1,\"calc\":\"override_total\"}', '[{\"date_range\":[\"2026-03-03\",\"2026-03-04\"],\"nightly_cents\":120000,\"nights\":1,\"amount_cents\":130000}]', NULL, NULL, NULL, NULL, NULL, 1, NULL, '2026-02-27 15:53:49', 1, '2026-03-03 12:46:54'),
(496, 1, 496, 170, 3, 42, NULL, 'HMRWHKHQM2', 'confirmado', 'OTA', 9, NULL, NULL, '2026-03-06', '2026-03-08', NULL, NULL, NULL, NULL, 3, 0, 0, 'MXN', 193404, 193404, 0, NULL, '{\"base_nightly_cents\":120000,\"nights\":2,\"calc\":\"override_total\"}', '[{\"date_range\":[\"2026-03-06\",\"2026-03-08\"],\"nightly_cents\":120000,\"nights\":2,\"amount_cents\":19000}]', NULL, NULL, NULL, NULL, '$2200', 1, NULL, '2026-02-27 15:53:49', 1, '2026-02-28 16:41:03'),
(497, 1, 497, 175, 3, 43, NULL, 'IMP-260227-000555-81DF', 'confirmado', 'Directo', NULL, 27, NULL, '2026-03-07', '2026-03-10', NULL, NULL, NULL, NULL, 2, 0, 0, 'MXN', 240000, 240000, 0, NULL, '{\"base_nightly_cents\":90000,\"nights\":3,\"calc\":\"override_total\"}', '[{\"date_range\":[\"2026-03-07\",\"2026-03-10\"],\"nightly_cents\":90000,\"nights\":3,\"amount_cents\":240000}]', NULL, NULL, NULL, NULL, '$2400', 1, NULL, '2026-02-27 15:53:49', 1, '2026-02-28 16:45:52'),
(498, 1, 498, 174, 3, 43, NULL, 'IMP-260227-000556-81DF', 'apartado', 'AirB&B', 9, NULL, NULL, '2026-03-30', '2026-04-01', NULL, NULL, NULL, NULL, 1, 0, 0, 'MXN', 0, 0, 0, NULL, NULL, NULL, NULL, NULL, NULL, NULL, '$3300', 1, NULL, '2026-02-27 15:53:49', 1, '2026-02-27 16:09:19'),
(499, 1, 499, 171, 3, 42, NULL, 'IMP-260227-000557-81DF', 'apartado', 'AirB&B', 9, NULL, NULL, '2026-03-29', '2026-04-01', NULL, NULL, NULL, NULL, 1, 0, 0, 'MXN', 0, 0, 0, NULL, NULL, NULL, NULL, NULL, NULL, NULL, '$2870', 1, NULL, '2026-02-27 15:53:49', 1, '2026-02-27 16:09:19'),
(500, 1, 500, 215, 9, 59, NULL, 'IMP-260227-000558-81DF', 'cancelada', 'AirB&B', 9, NULL, NULL, '2026-03-02', '2026-04-01', NULL, NULL, NULL, NULL, 1, 0, 0, 'MXN', 0, 0, 0, NULL, NULL, NULL, NULL, NULL, NULL, NULL, '$18000', 1, NULL, '2026-02-27 15:53:49', 1, '2026-02-28 16:51:19'),
(501, 1, 504, 189, 1, 51, NULL, 'SP-58699EC', 'cancelada', 'Mapas', NULL, 27, NULL, '2026-03-03', '2026-03-07', NULL, NULL, NULL, NULL, 1, 0, 0, 'MXN', 360000, 360000, 0, NULL, '{\"base_nightly_cents\":83250,\"nights\":4,\"calc\":\"override_total\"}', '[{\"date_range\":[\"2026-03-03\",\"2026-03-07\"],\"nightly_cents\":83250,\"nights\":4,\"amount_cents\":360000}]', NULL, NULL, NULL, NULL, NULL, 1, NULL, '2026-02-28 15:15:01', NULL, '2026-02-28 16:17:30'),
(502, 1, 505, 186, 1, 44, NULL, 'SP-377556C', 'cancelada', 'Mapas', NULL, 27, NULL, '2026-03-06', '2026-03-09', NULL, NULL, NULL, NULL, 1, 0, 0, 'MXN', 321300, 321300, 0, NULL, '{\"base_nightly_cents\":81000,\"nights\":3,\"calc\":\"override_total\"}', '[{\"date_range\":[\"2026-03-06\",\"2026-03-09\"],\"nightly_cents\":81000,\"nights\":3,\"amount_cents\":270000}]', NULL, NULL, NULL, NULL, NULL, 1, NULL, '2026-02-28 15:15:46', NULL, '2026-02-28 16:17:36'),
(503, 1, NULL, 189, 1, 51, NULL, 'AP-CAC9E3', 'apartado', 'Booking', 8, NULL, NULL, '2026-03-01', '2026-03-02', NULL, NULL, NULL, NULL, 1, 0, 0, 'MXN', 70000, 70000, 0, NULL, '{\"base_nightly_cents\":76500,\"nights\":1,\"calc\":\"rateplan\",\"rateplan_id\":5}', '[{\"date\":\"2026-03-01\",\"nightly_cents\":76500}]', NULL, NULL, NULL, NULL, 'Cooni | 700', 1, NULL, '2026-03-02 12:51:26', NULL, '2026-03-02 12:51:26'),
(504, 1, NULL, 188, 1, 53, NULL, 'AP-33A120B', 'apartado', 'Mapas', NULL, 27, NULL, '2026-03-02', '2026-03-03', NULL, NULL, NULL, NULL, 1, 0, 0, 'MXN', 80000, 80000, 0, NULL, '{\"base_nightly_cents\":76500,\"nights\":1,\"calc\":\"rateplan\",\"rateplan_id\":5}', '[{\"date\":\"2026-03-02\",\"nightly_cents\":76500}]', NULL, NULL, NULL, NULL, 'Ricardo | 800', 1, NULL, '2026-03-02 12:52:14', NULL, '2026-03-02 12:52:14'),
(505, 1, 506, 192, 1, 53, NULL, 'SP-112EA31', 'cancelada', 'Mapas', NULL, 27, NULL, '2026-03-02', '2026-03-07', NULL, NULL, NULL, NULL, 1, 0, 0, 'MXN', 350000, 350000, 0, NULL, '{\"base_nightly_cents\":83700,\"nights\":5,\"calc\":\"override_total\"}', '[{\"date_range\":[\"2026-03-02\",\"2026-03-07\"],\"nightly_cents\":83700,\"nights\":5,\"amount_cents\":350000}]', NULL, NULL, NULL, NULL, NULL, 1, NULL, '2026-03-02 12:54:07', NULL, '2026-03-02 12:54:23'),
(506, 1, NULL, 192, 1, 53, NULL, 'AP-2F71133', 'apartado', 'OTA', 9, NULL, NULL, '2026-03-02', '2026-03-07', NULL, NULL, NULL, NULL, 1, 0, 0, 'MXN', 350000, 350000, 0, NULL, '{\"base_nightly_cents\":76500,\"nights\":5,\"calc\":\"rateplan\",\"rateplan_id\":5}', '[{\"date\":\"2026-03-02\",\"nightly_cents\":76500},{\"date\":\"2026-03-03\",\"nightly_cents\":76500},{\"date\":\"2026-03-04\",\"nightly_cents\":76500},{\"date\":\"2026-03-05\",\"nightly_cents\":76500},{\"date\":\"2026-03-06\",\"nightly_cents\":76500}]', NULL, NULL, NULL, NULL, 'Alejandro | 3500', 1, NULL, '2026-03-02 12:55:20', NULL, '2026-03-02 12:55:20'),
(507, 1, NULL, 173, 3, 43, NULL, 'AP-2A6E174', 'apartado', 'Mapas', NULL, 27, NULL, '2026-03-03', '2026-03-10', NULL, NULL, NULL, NULL, 1, 0, 0, 'MXN', 562500, 562500, 0, NULL, '{\"base_nightly_cents\":80358,\"nights\":7,\"calc\":\"rateplan\",\"rateplan_id\":5}', '[{\"date\":\"2026-03-03\",\"nightly_cents\":85500},{\"date\":\"2026-03-04\",\"nightly_cents\":85500},{\"date\":\"2026-03-05\",\"nightly_cents\":76500},{\"date\":\"2026-03-06\",\"nightly_cents\":85500},{\"date\":\"2026-03-07\",\"nightly_cents\":76500},{\"date\":\"2026-03-08\",\"nightly_cents\":76500},{\"date\":\"2026-03-09\",\"nightly_cents\":76500}]', NULL, NULL, NULL, NULL, 'Antonio', 1, NULL, '2026-03-02 12:58:05', NULL, '2026-03-02 15:32:46'),
(508, 1, NULL, 189, 1, 51, NULL, 'AP-37364AD', 'apartado', 'Booking', 8, NULL, NULL, '2026-03-13', '2026-03-14', NULL, NULL, NULL, NULL, 1, 0, 0, 'MXN', 72000, 72000, 0, NULL, '{\"base_nightly_cents\":76500,\"nights\":1,\"calc\":\"rateplan\",\"rateplan_id\":5}', '[{\"date\":\"2026-03-13\",\"nightly_cents\":76500}]', NULL, NULL, NULL, NULL, 'Courten Wilsom | 720', 1, NULL, '2026-03-02 13:02:12', NULL, '2026-03-02 13:02:12'),
(509, 1, 507, 188, 1, 53, NULL, 'SP-5D134C6', 'confirmado', 'Mapas', NULL, 27, NULL, '2026-03-14', '2026-03-16', NULL, NULL, NULL, NULL, 1, 0, 0, 'MXN', 2142, 2142, 0, NULL, '{\"base_nightly_cents\":76500,\"nights\":2,\"calc\":\"override_total\"}', '[{\"date_range\":[\"2026-03-14\",\"2026-03-16\"],\"nightly_cents\":76500,\"nights\":2,\"amount_cents\":1800}]', NULL, NULL, NULL, NULL, NULL, 1, NULL, '2026-03-02 13:03:25', NULL, '2026-03-02 13:03:25'),
(510, 1, NULL, 186, 1, 44, NULL, 'AP-557B486', 'apartado', 'OTA', 9, NULL, NULL, '2026-03-17', '2026-03-19', NULL, NULL, NULL, NULL, 1, 0, 0, 'MXN', 140000, 140000, 0, NULL, '{\"base_nightly_cents\":76500,\"nights\":2,\"calc\":\"rateplan\",\"rateplan_id\":5}', '[{\"date\":\"2026-03-17\",\"nightly_cents\":76500},{\"date\":\"2026-03-18\",\"nightly_cents\":76500}]', NULL, NULL, NULL, NULL, 'Blanca | 1400', 1, NULL, '2026-03-02 13:04:41', NULL, '2026-03-02 13:04:41'),
(511, 1, NULL, 187, 1, 44, NULL, 'AP-1B11EDE', 'apartado', 'Mapas', NULL, 27, NULL, '2026-03-19', '2026-03-21', NULL, NULL, NULL, NULL, 1, 0, 0, 'MXN', 140000, 140000, 0, NULL, '{\"base_nightly_cents\":76500,\"nights\":2,\"calc\":\"rateplan\",\"rateplan_id\":5}', '[{\"date\":\"2026-03-19\",\"nightly_cents\":76500},{\"date\":\"2026-03-20\",\"nightly_cents\":76500}]', NULL, NULL, NULL, NULL, 'Estela | 1400', 1, NULL, '2026-03-02 13:06:53', NULL, '2026-03-02 13:06:53'),
(512, 1, NULL, 187, 1, 44, NULL, 'AP-C46B23', 'apartado', 'Booking', 8, NULL, NULL, '2026-03-30', '2026-03-31', NULL, NULL, NULL, NULL, 1, 0, 0, 'MXN', 150000, 150000, 0, NULL, '{\"base_nightly_cents\":76500,\"nights\":1,\"calc\":\"rateplan\",\"rateplan_id\":5}', '[{\"date\":\"2026-03-30\",\"nightly_cents\":76500}]', NULL, NULL, NULL, NULL, 'Ko | 1500', 1, NULL, '2026-03-02 13:07:38', NULL, '2026-03-02 13:07:38'),
(513, 1, NULL, 171, 3, 42, NULL, 'AP-51C48D9', 'apartado', 'OTA', 9, NULL, NULL, '2026-03-01', '2026-03-11', NULL, NULL, NULL, NULL, 1, 0, 0, 'MXN', 1200000, 1200000, 0, NULL, '{\"base_nightly_cents\":120000,\"nights\":10,\"calc\":\"default_base_price_cents\"}', '[{\"date_range\":[\"2026-03-01\",\"2026-03-11\"],\"nightly_cents\":120000,\"nights\":10,\"amount_cents\":1200000}]', NULL, NULL, NULL, NULL, 'Gaby', 1, NULL, '2026-03-02 13:17:45', NULL, '2026-03-02 13:17:45'),
(514, 1, NULL, 174, 3, 43, NULL, 'AP-3B9FC98', 'apartado', 'Mapas', NULL, 27, NULL, '2026-03-02', '2026-03-04', NULL, NULL, NULL, NULL, 1, 0, 0, 'MXN', 120000, 120000, 0, NULL, '{\"base_nightly_cents\":90000,\"nights\":2,\"calc\":\"default_base_price_cents\"}', '[{\"date_range\":[\"2026-03-02\",\"2026-03-04\"],\"nightly_cents\":90000,\"nights\":2,\"amount_cents\":180000}]', NULL, NULL, NULL, NULL, 'Alex | 1200', 1, NULL, '2026-03-02 13:22:42', NULL, '2026-03-02 13:22:42');
INSERT INTO `reservation` (`id_reservation`, `id_user`, `id_guest`, `id_room`, `id_property`, `id_category`, `id_rateplan`, `code`, `status`, `source`, `id_ota_account`, `id_reservation_source`, `channel_ref`, `check_in_date`, `check_out_date`, `eta`, `etd`, `checkin_at`, `checkout_at`, `adults`, `children`, `infants`, `currency`, `total_price_cents`, `balance_due_cents`, `deposit_due_cents`, `deposit_due_at`, `rate_snapshot_json`, `price_breakdown_json`, `cancel_reason`, `canceled_at`, `hold_until`, `notes_guest`, `notes_internal`, `is_active`, `deleted_at`, `created_at`, `created_by`, `updated_at`) VALUES
(515, 1, NULL, 217, 9, 60, NULL, 'AP-2C0C9A1', 'apartado', 'OTA', 9, NULL, NULL, '2026-03-01', '2026-03-02', NULL, NULL, NULL, NULL, 1, 0, 0, 'MXN', 60000, 60000, 0, NULL, '{\"base_nightly_cents\":70000,\"nights\":1,\"calc\":\"default_base_price_cents\"}', '[{\"date_range\":[\"2026-03-02\",\"2026-03-03\"],\"nightly_cents\":70000,\"nights\":1,\"amount_cents\":70000}]', NULL, NULL, NULL, NULL, 'Ramiro | 600', 1, NULL, '2026-03-02 13:24:13', NULL, '2026-03-02 13:24:33'),
(516, 1, NULL, 216, 9, 59, NULL, 'AP-5BBDB0D', 'apartado', 'OTA', 9, NULL, NULL, '2026-03-02', '2026-03-04', NULL, NULL, NULL, NULL, 1, 0, 0, 'MXN', 140000, 140000, 0, NULL, '{\"base_nightly_cents\":100000,\"nights\":2,\"calc\":\"default_base_price_cents\"}', '[{\"date_range\":[\"2026-03-02\",\"2026-03-04\"],\"nightly_cents\":100000,\"nights\":2,\"amount_cents\":200000}]', NULL, NULL, NULL, NULL, 'Marie | 1400', 1, NULL, '2026-03-02 13:24:56', NULL, '2026-03-02 13:24:56'),
(517, 1, NULL, 217, 9, 60, NULL, 'AP-8EE8A0', 'apartado', 'OTA', 9, NULL, NULL, '2026-03-22', '2026-03-25', NULL, NULL, NULL, NULL, 1, 0, 0, 'MXN', 107000, 107000, 0, NULL, '{\"base_nightly_cents\":70000,\"nights\":3,\"calc\":\"default_base_price_cents\"}', '[{\"date_range\":[\"2026-03-22\",\"2026-03-25\"],\"nightly_cents\":70000,\"nights\":3,\"amount_cents\":210000}]', NULL, NULL, NULL, NULL, 'Diana | 1070', 1, NULL, '2026-03-02 13:25:32', NULL, '2026-03-02 13:25:32'),
(518, 1, NULL, 227, 12, 70, NULL, 'AP-1F519C3', 'apartado', 'Mapas', NULL, 27, NULL, '2026-03-01', '2026-03-04', NULL, NULL, NULL, NULL, 1, 0, 0, 'MXN', 195000, 195000, 0, NULL, '{\"base_nightly_cents\":65000,\"nights\":3,\"calc\":\"default_base_price_cents\"}', '[{\"date_range\":[\"2026-03-01\",\"2026-03-04\"],\"nightly_cents\":65000,\"nights\":3,\"amount_cents\":195000}]', NULL, NULL, NULL, NULL, 'Rena', 1, NULL, '2026-03-02 13:26:04', NULL, '2026-03-02 13:26:04'),
(519, 1, NULL, 187, 1, 44, NULL, 'AP-33937CE', 'cancelada', 'Mapas', NULL, 27, NULL, '2026-03-11', '2026-03-12', NULL, NULL, NULL, NULL, 1, 0, 0, 'MXN', 76500, 76500, 0, NULL, '{\"base_nightly_cents\":76500,\"nights\":1,\"calc\":\"rateplan\",\"rateplan_id\":5}', '[{\"date\":\"2026-03-11\",\"nightly_cents\":76500}]', NULL, NULL, NULL, NULL, NULL, 1, NULL, '2026-03-02 14:23:23', NULL, '2026-03-02 14:29:10'),
(520, 1, NULL, 187, 1, 44, NULL, 'AP-2764731', 'cancelada', 'Directo', NULL, NULL, NULL, '2026-03-12', '2026-03-13', NULL, NULL, NULL, NULL, 1, 0, 0, 'MXN', 76500, 76500, 0, NULL, '{\"base_nightly_cents\":76500,\"nights\":1,\"calc\":\"rateplan\",\"rateplan_id\":5}', '[{\"date\":\"2026-03-12\",\"nightly_cents\":76500}]', NULL, NULL, NULL, NULL, NULL, 1, NULL, '2026-03-02 14:24:33', NULL, '2026-03-02 14:28:01'),
(521, 1, NULL, 175, 3, 43, NULL, 'AP-5144F19', 'cancelada', 'Mapas', NULL, 27, NULL, '2026-03-11', '2026-03-12', NULL, NULL, NULL, NULL, 1, 0, 0, 'MXN', 76500, 76500, 0, NULL, '{\"base_nightly_cents\":76500,\"nights\":1,\"calc\":\"rateplan\",\"rateplan_id\":5}', '[{\"date\":\"2026-03-11\",\"nightly_cents\":76500}]', NULL, NULL, NULL, NULL, 'TEST MOVER R', 1, NULL, '2026-03-02 14:35:31', NULL, '2026-03-03 10:03:27'),
(522, 1, 510, 187, 1, 44, NULL, 'SP-1B5EAA6', 'cancelada', 'Booking', 8, NULL, NULL, '2026-03-02', '2026-03-04', NULL, NULL, NULL, NULL, 1, 0, 0, 'MXN', 180000, -180000, 0, NULL, '{\"base_nightly_cents\":85500,\"nights\":2,\"calc\":\"override_total\"}', '[{\"date_range\":[\"2026-03-02\",\"2026-03-04\"],\"nightly_cents\":85500,\"nights\":2,\"amount_cents\":180000}]', NULL, NULL, NULL, NULL, NULL, 1, NULL, '2026-03-02 19:07:38', NULL, '2026-03-02 19:27:12'),
(523, 1, NULL, 188, 1, 53, NULL, 'AP-2F2CF06', 'apartado', 'Mapas', NULL, 27, NULL, '2026-03-03', '2026-03-04', NULL, NULL, NULL, NULL, 1, 0, 0, 'MXN', 80000, 80000, 0, NULL, '{\"base_nightly_cents\":76500,\"nights\":1,\"calc\":\"rateplan\",\"rateplan_id\":5}', '[{\"date\":\"2026-03-03\",\"nightly_cents\":76500}]', NULL, NULL, NULL, NULL, 'Ricardo | 800', 1, NULL, '2026-03-02 19:32:12', NULL, '2026-03-02 19:32:12'),
(524, 1, 511, 187, 1, 44, NULL, 'SP-529F7C2', 'cancelada', 'Mapas', NULL, 27, NULL, '2026-03-08', '2026-03-09', NULL, NULL, NULL, NULL, 1, 0, 0, 'MXN', 107100, 0, 0, NULL, '{\"base_nightly_cents\":76500,\"nights\":1,\"calc\":\"override_total\"}', '[{\"date_range\":[\"2026-03-08\",\"2026-03-09\"],\"nightly_cents\":76500,\"nights\":1,\"amount_cents\":90000}]', NULL, NULL, NULL, NULL, NULL, 1, NULL, '2026-03-02 20:29:25', NULL, '2026-03-02 20:29:38'),
(525, 1, NULL, 174, 3, 43, NULL, 'AP-86E1FD', 'apartado', 'Booking', 8, NULL, NULL, '2026-03-07', '2026-03-16', NULL, NULL, NULL, NULL, 1, 0, 0, 'MXN', 810000, 810000, 0, NULL, '{\"base_nightly_cents\":90000,\"nights\":9,\"calc\":\"default_base_price_cents\"}', '[{\"date_range\":[\"2026-03-07\",\"2026-03-16\"],\"nightly_cents\":90000,\"nights\":9,\"amount_cents\":810000}]', NULL, NULL, NULL, NULL, 'Carlos', 1, NULL, '2026-03-02 21:47:39', NULL, '2026-03-02 21:47:39'),
(526, 1, 512, 187, 1, 44, NULL, 'SP-1350D5A', 'cancelada', 'Mapas', NULL, 27, NULL, '2026-03-08', '2026-03-10', NULL, NULL, NULL, NULL, 1, 0, 0, 'MXN', 214200, 0, 0, NULL, '{\"base_nightly_cents\":76500,\"nights\":2,\"calc\":\"override_total\"}', '[{\"date_range\":[\"2026-03-08\",\"2026-03-10\"],\"nightly_cents\":76500,\"nights\":2,\"amount_cents\":180000}]', NULL, NULL, NULL, NULL, NULL, 1, NULL, '2026-03-02 23:03:21', NULL, '2026-03-02 23:03:56'),
(527, 1, NULL, 191, 1, 52, NULL, 'AP-53CF79E', 'apartado', 'Mapas', NULL, 27, NULL, '2026-03-03', '2026-03-05', NULL, NULL, NULL, NULL, 1, 0, 0, 'MXN', 160000, 160000, 0, NULL, '{\"base_nightly_cents\":81000,\"nights\":2,\"calc\":\"rateplan\",\"rateplan_id\":5}', '[{\"date\":\"2026-03-03\",\"nightly_cents\":85500},{\"date\":\"2026-03-04\",\"nightly_cents\":76500}]', NULL, NULL, NULL, NULL, 'Liliana | 1600', 1, NULL, '2026-03-03 10:18:40', NULL, '2026-03-03 10:18:40'),
(528, 1, NULL, 177, 6, 45, NULL, 'AP-4F1F797', 'apartado', 'OTA', 9, NULL, NULL, '2026-03-03', '2026-03-10', NULL, NULL, NULL, NULL, 1, 0, 0, 'MXN', 300000, 300000, 0, NULL, '{\"base_nightly_cents\":150000,\"nights\":7,\"calc\":\"default_base_price_cents\"}', '[{\"date_range\":[\"2026-03-03\",\"2026-03-10\"],\"nightly_cents\":150000,\"nights\":7,\"amount_cents\":1050000}]', NULL, NULL, NULL, NULL, 'Szabolcs | 3000', 1, NULL, '2026-03-03 10:27:07', NULL, '2026-03-03 10:27:07'),
(529, 1, NULL, 217, 9, 60, NULL, 'AP-3C06AB8', 'apartado', 'OTA', 9, NULL, NULL, '2026-03-14', '2026-03-16', NULL, NULL, NULL, NULL, 1, 0, 0, 'MXN', 110000, 110000, 0, NULL, '{\"base_nightly_cents\":70000,\"nights\":2,\"calc\":\"default_base_price_cents\"}', '[{\"date_range\":[\"2026-03-14\",\"2026-03-16\"],\"nightly_cents\":70000,\"nights\":2,\"amount_cents\":140000}]', NULL, NULL, NULL, NULL, 'Esperanza | 1100', 1, NULL, '2026-03-03 10:28:11', NULL, '2026-03-03 10:28:11'),
(530, 1, NULL, 175, 3, 43, NULL, 'AP-A2A5D9', 'apartado', 'OTA', 9, NULL, NULL, '2026-03-15', '2026-03-16', NULL, NULL, NULL, NULL, 1, 0, 0, 'MXN', 90000, 90000, 0, NULL, '{\"base_nightly_cents\":90000,\"nights\":1,\"calc\":\"default_base_price_cents\"}', '[{\"date_range\":[\"2026-03-15\",\"2026-03-16\"],\"nightly_cents\":90000,\"nights\":1,\"amount_cents\":90000}]', NULL, NULL, NULL, NULL, 'Pedro', 1, NULL, '2026-03-03 11:30:55', NULL, '2026-03-03 11:30:55'),
(531, 1, NULL, 172, 3, 42, NULL, 'AP-2A27276', 'apartado', 'Mapas', NULL, 27, NULL, '2026-03-03', '2026-03-04', NULL, NULL, NULL, NULL, 1, 0, 0, 'MXN', 70000, 70000, 0, NULL, '{\"base_nightly_cents\":120000,\"nights\":1,\"calc\":\"default_base_price_cents\"}', '[{\"date_range\":[\"2026-03-03\",\"2026-03-04\"],\"nightly_cents\":120000,\"nights\":1,\"amount_cents\":120000}]', NULL, NULL, NULL, NULL, 'Felipe | 700', 1, NULL, '2026-03-03 13:08:01', NULL, '2026-03-03 13:08:01'),
(532, 1, NULL, 171, 3, 42, NULL, 'AP-EC9BC6', 'apartado', 'OTA', 9, NULL, NULL, '2026-03-18', '2026-03-24', NULL, NULL, NULL, NULL, 1, 0, 0, 'MXN', 540000, 540000, 0, NULL, '{\"base_nightly_cents\":90000,\"nights\":6,\"calc\":\"default_base_price_cents\"}', '[{\"date_range\":[\"2026-03-18\",\"2026-03-24\"],\"nightly_cents\":90000,\"nights\":6,\"amount_cents\":540000}]', NULL, NULL, NULL, NULL, 'Jobel', 1, NULL, '2026-03-03 13:11:02', NULL, '2026-03-03 13:12:41'),
(533, 1, NULL, 172, 3, 42, NULL, 'AP-4C14020', 'apartado', 'Mapas', NULL, 27, NULL, '2026-03-07', '2026-03-10', NULL, NULL, NULL, NULL, 1, 0, 0, 'MXN', 300000, 300000, 0, NULL, '{\"base_nightly_cents\":120000,\"nights\":3,\"calc\":\"default_base_price_cents\"}', '[{\"date_range\":[\"2026-03-07\",\"2026-03-10\"],\"nightly_cents\":120000,\"nights\":3,\"amount_cents\":360000}]', NULL, NULL, NULL, NULL, 'Leonardo | 3000', 1, NULL, '2026-03-03 13:47:37', NULL, '2026-03-03 13:47:37');

--
-- Dumping data for table `reservation_interest`
--

INSERT INTO `reservation_interest` (`id_reservation`, `id_sale_item_catalog`, `is_active`, `deleted_at`, `created_at`, `created_by`, `updated_at`) VALUES
(490, 105, 1, NULL, '2026-02-28 14:45:28', 1, '2026-02-28 14:45:28'),
(491, 105, 1, NULL, '2026-02-28 15:45:13', 1, '2026-02-28 15:45:13');

--
-- Dumping data for table `reservation_note`
--

INSERT INTO `reservation_note` (`id_reservation_note`, `id_reservation`, `note_type`, `note_text`, `is_active`, `deleted_at`, `created_at`, `created_by`, `updated_at`) VALUES
(1, 1, 'internal', '$4000', 1, NULL, '2026-02-27 15:53:49', 1, '2026-02-27 16:09:19'),
(2, 2, 'internal', '$700', 1, NULL, '2026-02-27 15:53:49', 1, '2026-02-27 16:09:19'),
(3, 3, 'internal', '$2600', 1, NULL, '2026-02-27 15:53:49', 1, '2026-02-27 16:09:19'),
(4, 4, 'internal', '$700', 1, NULL, '2026-02-27 15:53:49', 1, '2026-02-27 16:09:19'),
(5, 5, 'internal', '$3200', 1, NULL, '2026-02-27 15:53:49', 1, '2026-02-27 16:09:19'),
(6, 6, 'internal', '$2400', 1, NULL, '2026-02-27 15:53:49', 1, '2026-02-27 16:09:19'),
(7, 7, 'internal', '$800', 1, NULL, '2026-02-27 15:53:49', 1, '2026-02-27 16:09:19'),
(8, 8, 'internal', '$4800', 1, NULL, '2026-02-27 15:53:49', 1, '2026-02-27 16:09:19'),
(9, 9, 'internal', '$1600', 1, NULL, '2026-02-27 15:53:49', 1, '2026-02-27 16:09:19'),
(10, 10, 'internal', '$700', 1, NULL, '2026-02-27 15:53:49', 1, '2026-02-27 16:09:19'),
(11, 11, 'internal', '$3150', 1, NULL, '2026-02-27 15:53:49', 1, '2026-02-27 16:09:19'),
(12, 12, 'internal', '$750', 1, NULL, '2026-02-27 15:53:49', 1, '2026-02-27 16:09:19'),
(13, 13, 'internal', '$6500', 1, NULL, '2026-02-27 15:53:49', 1, '2026-02-27 16:09:19'),
(14, 14, 'internal', '$2200', 1, NULL, '2026-02-27 15:53:49', 1, '2026-02-27 16:09:19'),
(15, 15, 'internal', '$700', 1, NULL, '2026-02-27 15:53:49', 1, '2026-02-27 16:09:19'),
(16, 16, 'internal', '$1530', 1, NULL, '2026-02-27 15:53:49', 1, '2026-02-27 16:09:19'),
(17, 17, 'internal', '$800', 1, NULL, '2026-02-27 15:53:49', 1, '2026-02-27 16:09:19'),
(18, 18, 'internal', '$7500', 1, NULL, '2026-02-27 15:53:49', 1, '2026-02-27 16:09:19'),
(19, 19, 'internal', '$1400', 1, NULL, '2026-02-27 15:53:49', 1, '2026-02-27 16:09:19'),
(20, 20, 'internal', '$2500', 1, NULL, '2026-02-27 15:53:49', 1, '2026-02-27 16:09:19'),
(21, 21, 'internal', '$2500', 1, NULL, '2026-02-27 15:53:49', 1, '2026-02-27 16:09:19'),
(22, 22, 'internal', '$1400', 1, NULL, '2026-02-27 15:53:49', 1, '2026-02-27 16:09:19'),
(23, 23, 'internal', '$5785', 1, NULL, '2026-02-27 15:53:49', 1, '2026-02-27 16:09:19'),
(25, 25, 'internal', '$5900', 1, NULL, '2026-02-27 15:53:49', 1, '2026-02-27 16:09:19'),
(26, 26, 'internal', '$4207', 1, NULL, '2026-02-27 15:53:49', 1, '2026-02-27 16:09:19'),
(27, 27, 'internal', '$700', 1, NULL, '2026-02-27 15:53:49', 1, '2026-02-27 16:09:19'),
(28, 28, 'internal', '$1600', 1, NULL, '2026-02-27 15:53:49', 1, '2026-02-27 16:09:19'),
(29, 29, 'internal', '$800', 1, NULL, '2026-02-27 15:53:49', 1, '2026-02-27 16:09:19'),
(30, 30, 'internal', '$700', 1, NULL, '2026-02-27 15:53:49', 1, '2026-02-27 16:09:19'),
(31, 31, 'internal', '$700', 1, NULL, '2026-02-27 15:53:49', 1, '2026-02-27 16:09:19'),
(32, 32, 'internal', '$1400', 1, NULL, '2026-02-27 15:53:49', 1, '2026-02-27 16:09:19'),
(33, 33, 'internal', '$3100', 1, NULL, '2026-02-27 15:53:49', 1, '2026-02-27 16:09:19'),
(34, 34, 'internal', '$2000', 1, NULL, '2026-02-27 15:53:49', 1, '2026-02-27 16:09:19'),
(36, 36, 'internal', '$3737', 1, NULL, '2026-02-27 15:53:49', 1, '2026-02-27 16:09:19'),
(37, 37, 'internal', '$2100', 1, NULL, '2026-02-27 15:53:49', 1, '2026-02-27 16:09:19'),
(39, 39, 'internal', '$1200', 1, NULL, '2026-02-27 15:53:49', 1, '2026-02-27 16:09:19'),
(40, 40, 'internal', '$700', 1, NULL, '2026-02-27 15:53:49', 1, '2026-02-27 16:09:19'),
(41, 41, 'internal', '$1400', 1, NULL, '2026-02-27 15:53:49', 1, '2026-02-27 16:09:19'),
(42, 42, 'internal', '$6600', 1, NULL, '2026-02-27 15:53:49', 1, '2026-02-27 16:09:19'),
(43, 43, 'internal', '$1500', 1, NULL, '2026-02-27 15:53:49', 1, '2026-02-27 16:09:19'),
(44, 44, 'internal', '$2300', 1, NULL, '2026-02-27 15:53:49', 1, '2026-02-27 16:09:19'),
(46, 46, 'internal', '$600', 1, NULL, '2026-02-27 15:53:49', 1, '2026-02-27 16:09:19'),
(47, 47, 'internal', '$1500', 1, NULL, '2026-02-27 15:53:49', 1, '2026-02-27 16:09:19'),
(49, 49, 'internal', '$3900', 1, NULL, '2026-02-27 15:53:49', 1, '2026-02-27 16:09:19'),
(50, 50, 'internal', '$5331', 1, NULL, '2026-02-27 15:53:49', 1, '2026-02-27 16:09:19'),
(51, 51, 'internal', '$700', 1, NULL, '2026-02-27 15:53:49', 1, '2026-02-27 16:09:19'),
(52, 52, 'internal', '$4100', 1, NULL, '2026-02-27 15:53:49', 1, '2026-02-27 16:09:19'),
(54, 54, 'internal', '$1600', 1, NULL, '2026-02-27 15:53:49', 1, '2026-02-27 16:09:19'),
(55, 55, 'internal', '$5500', 1, NULL, '2026-02-27 15:53:49', 1, '2026-02-27 16:09:19'),
(56, 56, 'internal', '$3200', 1, NULL, '2026-02-27 15:53:49', 1, '2026-02-27 16:09:19'),
(57, 57, 'internal', '$4000', 1, NULL, '2026-02-27 15:53:49', 1, '2026-02-27 16:09:19'),
(59, 59, 'internal', '$800', 1, NULL, '2026-02-27 15:53:49', 1, '2026-02-27 16:09:19'),
(60, 60, 'internal', '$1600', 1, NULL, '2026-02-27 15:53:49', 1, '2026-02-27 16:09:19'),
(61, 61, 'internal', '$3000', 1, NULL, '2026-02-27 15:53:49', 1, '2026-02-27 16:09:19'),
(62, 62, 'internal', '$750', 1, NULL, '2026-02-27 15:53:49', 1, '2026-02-27 16:09:19'),
(63, 63, 'internal', '$750', 1, NULL, '2026-02-27 15:53:49', 1, '2026-02-27 16:09:19'),
(64, 64, 'internal', '$1400', 1, NULL, '2026-02-27 15:53:49', 1, '2026-02-27 16:09:19'),
(65, 65, 'internal', '$900', 1, NULL, '2026-02-27 15:53:49', 1, '2026-02-27 16:09:19'),
(67, 67, 'internal', '$2400', 1, NULL, '2026-02-27 15:53:49', 1, '2026-02-27 16:09:19'),
(68, 68, 'internal', '$4900', 1, NULL, '2026-02-27 15:53:49', 1, '2026-02-27 16:09:19'),
(69, 69, 'internal', '$1400', 1, NULL, '2026-02-27 15:53:49', 1, '2026-02-27 16:09:19'),
(70, 70, 'internal', '$850', 1, NULL, '2026-02-27 15:53:49', 1, '2026-02-27 16:09:19'),
(71, 71, 'internal', '$2400', 1, NULL, '2026-02-27 15:53:49', 1, '2026-02-27 16:09:19'),
(72, 72, 'internal', '$1400', 1, NULL, '2026-02-27 15:53:49', 1, '2026-02-27 16:09:19'),
(73, 73, 'internal', '$5090', 1, NULL, '2026-02-27 15:53:49', 1, '2026-02-27 16:09:19'),
(74, 74, 'internal', '$3200', 1, NULL, '2026-02-27 15:53:49', 1, '2026-02-27 16:09:19'),
(75, 75, 'internal', '$1600', 1, NULL, '2026-02-27 15:53:49', 1, '2026-02-27 16:09:19'),
(76, 76, 'internal', '$2700', 1, NULL, '2026-02-27 15:53:49', 1, '2026-02-27 16:09:19'),
(77, 77, 'internal', '$8450', 1, NULL, '2026-02-27 15:53:49', 1, '2026-02-27 16:09:19'),
(78, 78, 'internal', '$1000', 1, NULL, '2026-02-27 15:53:49', 1, '2026-02-27 16:09:19'),
(79, 79, 'internal', '$700', 1, NULL, '2026-02-27 15:53:49', 1, '2026-02-27 16:09:19'),
(80, 80, 'internal', '$700', 1, NULL, '2026-02-27 15:53:49', 1, '2026-02-27 16:09:19'),
(81, 81, 'internal', '$2646', 1, NULL, '2026-02-27 15:53:49', 1, '2026-02-27 16:09:19'),
(82, 82, 'internal', '$882', 1, NULL, '2026-02-27 15:53:49', 1, '2026-02-27 16:09:19'),
(83, 83, 'internal', '$2400', 1, NULL, '2026-02-27 15:53:49', 1, '2026-02-27 16:09:19'),
(84, 84, 'internal', '$500', 1, NULL, '2026-02-27 15:53:49', 1, '2026-02-27 16:09:19'),
(85, 85, 'internal', '$1600', 1, NULL, '2026-02-27 15:53:49', 1, '2026-02-27 16:09:19'),
(86, 86, 'internal', '$600', 1, NULL, '2026-02-27 15:53:49', 1, '2026-02-27 16:09:19'),
(88, 88, 'internal', '$5141', 1, NULL, '2026-02-27 15:53:49', 1, '2026-02-27 16:09:19'),
(89, 89, 'internal', '$1600', 1, NULL, '2026-02-27 15:53:49', 1, '2026-02-27 16:09:19'),
(90, 90, 'internal', '$3641', 1, NULL, '2026-02-27 15:53:49', 1, '2026-02-27 16:09:19'),
(91, 91, 'internal', '$700', 1, NULL, '2026-02-27 15:53:49', 1, '2026-02-27 16:09:19'),
(92, 92, 'internal', '$700', 1, NULL, '2026-02-27 15:53:49', 1, '2026-02-27 16:09:19'),
(93, 93, 'internal', '$800', 1, NULL, '2026-02-27 15:53:49', 1, '2026-02-27 16:09:19'),
(94, 94, 'internal', '$600', 1, NULL, '2026-02-27 15:53:49', 1, '2026-02-27 16:09:19'),
(95, 95, 'internal', '$1150', 1, NULL, '2026-02-27 15:53:49', 1, '2026-02-27 16:09:19'),
(97, 97, 'internal', '$600', 1, NULL, '2026-02-27 15:53:49', 1, '2026-02-27 16:09:19'),
(98, 98, 'internal', '$600', 1, NULL, '2026-02-27 15:53:49', 1, '2026-02-27 16:09:19'),
(99, 99, 'internal', '$600', 1, NULL, '2026-02-27 15:53:49', 1, '2026-02-27 16:09:19'),
(100, 100, 'internal', '$620', 1, NULL, '2026-02-27 15:53:49', 1, '2026-02-27 16:09:19'),
(101, 101, 'internal', '$997', 1, NULL, '2026-02-27 15:53:49', 1, '2026-02-27 16:09:19'),
(102, 102, 'internal', '$3572', 1, NULL, '2026-02-27 15:53:49', 1, '2026-02-27 16:09:19'),
(103, 103, 'internal', '$1500', 1, NULL, '2026-02-27 15:53:49', 1, '2026-02-27 16:09:19'),
(104, 104, 'internal', '$1600', 1, NULL, '2026-02-27 15:53:49', 1, '2026-02-27 16:09:19'),
(105, 105, 'internal', '$800', 1, NULL, '2026-02-27 15:53:49', 1, '2026-02-27 16:09:19'),
(106, 106, 'internal', '$1600', 1, NULL, '2026-02-27 15:53:49', 1, '2026-02-27 16:09:19'),
(107, 107, 'internal', '$700', 1, NULL, '2026-02-27 15:53:49', 1, '2026-02-27 16:09:19'),
(108, 108, 'internal', '$3200', 1, NULL, '2026-02-27 15:53:49', 1, '2026-02-27 16:09:19'),
(109, 109, 'internal', '$1000', 1, NULL, '2026-02-27 15:53:49', 1, '2026-02-27 16:09:19'),
(110, 110, 'internal', '$700', 1, NULL, '2026-02-27 15:53:49', 1, '2026-02-27 16:09:19'),
(111, 111, 'internal', '$1700', 1, NULL, '2026-02-27 15:53:49', 1, '2026-02-27 16:09:19'),
(112, 112, 'internal', '$1800', 1, NULL, '2026-02-27 15:53:49', 1, '2026-02-27 16:09:19'),
(113, 113, 'internal', '$700', 1, NULL, '2026-02-27 15:53:49', 1, '2026-02-27 16:09:19'),
(114, 114, 'internal', '$800', 1, NULL, '2026-02-27 15:53:49', 1, '2026-02-27 16:09:19'),
(115, 115, 'internal', '$600', 1, NULL, '2026-02-27 15:53:49', 1, '2026-02-27 16:09:19'),
(116, 116, 'internal', '$700', 1, NULL, '2026-02-27 15:53:49', 1, '2026-02-27 16:09:19'),
(117, 117, 'internal', '$4600', 1, NULL, '2026-02-27 15:53:49', 1, '2026-02-27 16:09:19'),
(118, 118, 'internal', '$900', 1, NULL, '2026-02-27 15:53:49', 1, '2026-02-27 16:09:19'),
(119, 119, 'internal', '$1397', 1, NULL, '2026-02-27 15:53:49', 1, '2026-02-27 16:09:19'),
(121, 121, 'internal', '$800', 1, NULL, '2026-02-27 15:53:49', 1, '2026-02-27 16:09:19'),
(122, 122, 'internal', '$2100', 1, NULL, '2026-02-27 15:53:49', 1, '2026-02-27 16:09:19'),
(123, 123, 'internal', '$800', 1, NULL, '2026-02-27 15:53:49', 1, '2026-02-27 16:09:19'),
(125, 125, 'internal', '$8400', 1, NULL, '2026-02-27 15:53:49', 1, '2026-02-27 16:09:19'),
(126, 126, 'internal', '$3700', 1, NULL, '2026-02-27 15:53:49', 1, '2026-02-27 16:09:19'),
(127, 127, 'internal', '$1360', 1, NULL, '2026-02-27 15:53:49', 1, '2026-02-27 16:09:19'),
(128, 128, 'internal', '$2800', 1, NULL, '2026-02-27 15:53:49', 1, '2026-02-27 16:09:19'),
(129, 129, 'internal', '$3200', 1, NULL, '2026-02-27 15:53:49', 1, '2026-02-27 16:09:19'),
(130, 130, 'internal', '$700', 1, NULL, '2026-02-27 15:53:49', 1, '2026-02-27 16:09:19'),
(131, 131, 'internal', '$700', 1, NULL, '2026-02-27 15:53:49', 1, '2026-02-27 16:09:19'),
(132, 132, 'internal', '$575', 1, NULL, '2026-02-27 15:53:49', 1, '2026-02-27 16:09:19'),
(133, 133, 'internal', '$650', 1, NULL, '2026-02-27 15:53:49', 1, '2026-02-27 16:09:19'),
(134, 134, 'internal', '$600', 1, NULL, '2026-02-27 15:53:49', 1, '2026-02-27 16:09:19'),
(135, 135, 'internal', '$25841980', 1, NULL, '2026-02-27 15:53:49', 1, '2026-02-27 16:09:19'),
(136, 136, 'internal', '$600', 1, NULL, '2026-02-27 15:53:49', 1, '2026-02-27 16:09:19'),
(137, 137, 'internal', '$9000', 1, NULL, '2026-02-27 15:53:49', 1, '2026-02-27 16:09:19'),
(138, 138, 'internal', '$700', 1, NULL, '2026-02-27 15:53:49', 1, '2026-02-27 16:09:19'),
(139, 139, 'internal', '$3000', 1, NULL, '2026-02-27 15:53:49', 1, '2026-02-27 16:09:19'),
(140, 140, 'internal', '$4000', 1, NULL, '2026-02-27 15:53:49', 1, '2026-02-27 16:09:19'),
(142, 142, 'internal', '$1000', 1, NULL, '2026-02-27 15:53:49', 1, '2026-02-27 16:09:19'),
(143, 143, 'internal', '$1000', 1, NULL, '2026-02-27 15:53:49', 1, '2026-02-27 16:09:19'),
(144, 144, 'internal', '$1100', 1, NULL, '2026-02-27 15:53:49', 1, '2026-02-27 16:09:19'),
(146, 146, 'internal', '$1000', 1, NULL, '2026-02-27 15:53:49', 1, '2026-02-27 16:09:19'),
(147, 147, 'internal', '$5000', 1, NULL, '2026-02-27 15:53:49', 1, '2026-02-27 16:09:19'),
(148, 148, 'internal', '$600', 1, NULL, '2026-02-27 15:53:49', 1, '2026-02-27 16:09:19'),
(149, 149, 'internal', '$800', 1, NULL, '2026-02-27 15:53:49', 1, '2026-02-27 16:09:19'),
(150, 150, 'internal', '$2100', 1, NULL, '2026-02-27 15:53:49', 1, '2026-02-27 16:09:19'),
(151, 151, 'internal', '$700', 1, NULL, '2026-02-27 15:53:49', 1, '2026-02-27 16:09:19'),
(152, 152, 'internal', '$2000', 1, NULL, '2026-02-27 15:53:49', 1, '2026-02-27 16:09:19'),
(153, 153, 'internal', '$700', 1, NULL, '2026-02-27 15:53:49', 1, '2026-02-27 16:09:19'),
(154, 154, 'internal', '$1760', 1, NULL, '2026-02-27 15:53:49', 1, '2026-02-27 16:09:19'),
(155, 155, 'internal', '$1600', 1, NULL, '2026-02-27 15:53:49', 1, '2026-02-27 16:09:19'),
(156, 156, 'internal', '$4400', 1, NULL, '2026-02-27 15:53:49', 1, '2026-02-27 16:09:19'),
(157, 157, 'internal', '$18000', 1, NULL, '2026-02-27 15:53:49', 1, '2026-02-27 16:09:19'),
(158, 158, 'internal', '$18000', 1, NULL, '2026-02-27 15:53:49', 1, '2026-02-27 16:09:19'),
(160, 160, 'internal', '$7300', 1, NULL, '2026-02-27 15:53:49', 1, '2026-02-27 16:09:19'),
(161, 161, 'internal', '$1500', 1, NULL, '2026-02-27 15:53:49', 1, '2026-02-27 16:09:19'),
(162, 162, 'internal', '$3398', 1, NULL, '2026-02-27 15:53:49', 1, '2026-02-27 16:09:19'),
(163, 163, 'internal', '$4500', 1, NULL, '2026-02-27 15:53:49', 1, '2026-02-27 16:09:19'),
(164, 164, 'internal', '$4624', 1, NULL, '2026-02-27 15:53:49', 1, '2026-02-27 16:09:19'),
(165, 165, 'internal', '$7000', 1, NULL, '2026-02-27 15:53:49', 1, '2026-02-27 16:09:19'),
(166, 166, 'internal', '$5685', 1, NULL, '2026-02-27 15:53:49', 1, '2026-02-27 16:09:19'),
(168, 168, 'internal', '$3400', 1, NULL, '2026-02-27 15:53:49', 1, '2026-02-27 16:09:19'),
(169, 169, 'internal', '$1800', 1, NULL, '2026-02-27 15:53:49', 1, '2026-02-27 16:09:19'),
(170, 170, 'internal', '$4313', 1, NULL, '2026-02-27 15:53:49', 1, '2026-02-27 16:09:19'),
(171, 171, 'internal', '$2670', 1, NULL, '2026-02-27 15:53:49', 1, '2026-02-27 16:09:19'),
(172, 172, 'internal', '$5200', 1, NULL, '2026-02-27 15:53:49', 1, '2026-02-27 16:09:19'),
(173, 173, 'internal', '$1300', 1, NULL, '2026-02-27 15:53:49', 1, '2026-02-27 16:09:19'),
(174, 174, 'internal', '$7000', 1, NULL, '2026-02-27 15:53:49', 1, '2026-02-27 16:09:19'),
(175, 175, 'internal', '$2600', 1, NULL, '2026-02-27 15:53:49', 1, '2026-02-27 16:09:19'),
(176, 176, 'internal', '$5300', 1, NULL, '2026-02-27 15:53:49', 1, '2026-02-27 16:09:19'),
(178, 178, 'internal', '$1500', 1, NULL, '2026-02-27 15:53:49', 1, '2026-02-27 16:09:19'),
(179, 179, 'internal', '$3000', 1, NULL, '2026-02-27 15:53:49', 1, '2026-02-27 16:09:19'),
(180, 180, 'internal', '$10000', 1, NULL, '2026-02-27 15:53:49', 1, '2026-02-27 16:09:19'),
(181, 181, 'internal', '$7500', 1, NULL, '2026-02-27 15:53:49', 1, '2026-02-27 16:09:19'),
(182, 182, 'internal', '$7817', 1, NULL, '2026-02-27 15:53:49', 1, '2026-02-27 16:09:19'),
(184, 184, 'internal', '$1200', 1, NULL, '2026-02-27 15:53:49', 1, '2026-02-27 16:09:19'),
(185, 185, 'internal', '$1300', 1, NULL, '2026-02-27 15:53:49', 1, '2026-02-27 16:09:19'),
(186, 186, 'internal', '$1500', 1, NULL, '2026-02-27 15:53:49', 1, '2026-02-27 16:09:19'),
(187, 187, 'internal', '$700', 1, NULL, '2026-02-27 15:53:49', 1, '2026-02-27 16:09:19'),
(188, 188, 'internal', '$2700', 1, NULL, '2026-02-27 15:53:49', 1, '2026-02-27 16:09:19'),
(189, 189, 'internal', '$650', 1, NULL, '2026-02-27 15:53:49', 1, '2026-02-27 16:09:19'),
(190, 190, 'internal', '$800', 1, NULL, '2026-02-27 15:53:49', 1, '2026-02-27 16:09:19'),
(192, 192, 'internal', '$1500', 1, NULL, '2026-02-27 15:53:49', 1, '2026-02-27 16:09:19'),
(193, 193, 'internal', '$2000', 1, NULL, '2026-02-27 15:53:49', 1, '2026-02-27 16:09:19'),
(194, 194, 'internal', '$450', 1, NULL, '2026-02-27 15:53:49', 1, '2026-02-27 16:09:19'),
(195, 195, 'internal', '$700', 1, NULL, '2026-02-27 15:53:49', 1, '2026-02-27 16:09:19'),
(196, 196, 'internal', '$800', 1, NULL, '2026-02-27 15:53:49', 1, '2026-02-27 16:09:19'),
(197, 197, 'internal', '$700', 1, NULL, '2026-02-27 15:53:49', 1, '2026-02-27 16:09:19'),
(198, 198, 'internal', '$700', 1, NULL, '2026-02-27 15:53:49', 1, '2026-02-27 16:09:19'),
(199, 199, 'internal', '$800', 1, NULL, '2026-02-27 15:53:49', 1, '2026-02-27 16:09:19'),
(203, 203, 'internal', '$700', 1, NULL, '2026-02-27 15:53:49', 1, '2026-02-27 16:09:19'),
(204, 204, 'internal', '$3600', 1, NULL, '2026-02-27 15:53:49', 1, '2026-02-27 16:09:19'),
(205, 205, 'internal', '$2000', 1, NULL, '2026-02-27 15:53:49', 1, '2026-02-27 16:09:19'),
(207, 207, 'internal', '$10000', 1, NULL, '2026-02-27 15:53:49', 1, '2026-02-27 16:09:19'),
(208, 208, 'internal', '$4600', 1, NULL, '2026-02-27 15:53:49', 1, '2026-02-27 16:09:19'),
(210, 210, 'internal', '$680', 1, NULL, '2026-02-27 15:53:49', 1, '2026-02-27 16:09:19'),
(211, 211, 'internal', '$700', 1, NULL, '2026-02-27 15:53:49', 1, '2026-02-27 16:09:19'),
(212, 212, 'internal', '$650', 1, NULL, '2026-02-27 15:53:49', 1, '2026-02-27 16:09:19'),
(213, 213, 'internal', '$650', 1, NULL, '2026-02-27 15:53:49', 1, '2026-02-27 16:09:19'),
(214, 214, 'internal', '$650', 1, NULL, '2026-02-27 15:53:49', 1, '2026-02-27 16:09:19'),
(215, 215, 'internal', '$3300', 1, NULL, '2026-02-27 15:53:49', 1, '2026-02-27 16:09:19'),
(216, 216, 'internal', '$2475', 1, NULL, '2026-02-27 15:53:49', 1, '2026-02-27 16:09:19'),
(217, 217, 'internal', '$4500', 1, NULL, '2026-02-27 15:53:49', 1, '2026-02-27 16:09:19'),
(219, 219, 'internal', '$800', 1, NULL, '2026-02-27 15:53:49', 1, '2026-02-27 16:09:19'),
(220, 220, 'internal', '$1000', 1, NULL, '2026-02-27 15:53:49', 1, '2026-02-27 16:09:19'),
(221, 221, 'internal', '$1000', 1, NULL, '2026-02-27 15:53:49', 1, '2026-02-27 16:09:19'),
(222, 222, 'internal', '$900', 1, NULL, '2026-02-27 15:53:49', 1, '2026-02-27 16:09:19'),
(223, 223, 'internal', '$830', 1, NULL, '2026-02-27 15:53:49', 1, '2026-02-27 16:09:19'),
(224, 224, 'internal', '$830', 1, NULL, '2026-02-27 15:53:49', 1, '2026-02-27 16:09:19'),
(225, 225, 'internal', '$2000', 1, NULL, '2026-02-27 15:53:49', 1, '2026-02-27 16:09:19'),
(226, 226, 'internal', '$1600', 1, NULL, '2026-02-27 15:53:49', 1, '2026-02-27 16:09:19'),
(227, 227, 'internal', '$700', 1, NULL, '2026-02-27 15:53:49', 1, '2026-02-27 16:09:19'),
(229, 229, 'internal', '$1900', 1, NULL, '2026-02-27 15:53:49', 1, '2026-02-27 16:09:19'),
(230, 230, 'internal', '$1000', 1, NULL, '2026-02-27 15:53:49', 1, '2026-02-27 16:09:19'),
(231, 231, 'internal', '$800', 1, NULL, '2026-02-27 15:53:49', 1, '2026-02-27 16:09:19'),
(232, 232, 'internal', '$2000', 1, NULL, '2026-02-27 15:53:49', 1, '2026-02-27 16:09:19'),
(233, 233, 'internal', '$800', 1, NULL, '2026-02-27 15:53:49', 1, '2026-02-27 16:09:19'),
(234, 234, 'internal', '$1200', 1, NULL, '2026-02-27 15:53:49', 1, '2026-02-27 16:09:19'),
(235, 235, 'internal', '$1100', 1, NULL, '2026-02-27 15:53:49', 1, '2026-02-27 16:09:19'),
(236, 236, 'internal', '$1100', 1, NULL, '2026-02-27 15:53:49', 1, '2026-02-27 16:09:19'),
(237, 237, 'internal', '$1000', 1, NULL, '2026-02-27 15:53:49', 1, '2026-02-27 16:09:19'),
(239, 239, 'internal', '$800', 1, NULL, '2026-02-27 15:53:49', 1, '2026-02-27 16:09:19'),
(240, 240, 'internal', '$2000', 1, NULL, '2026-02-27 15:53:49', 1, '2026-02-27 16:09:19'),
(241, 241, 'internal', '$1000', 1, NULL, '2026-02-27 15:53:49', 1, '2026-02-27 16:09:19'),
(242, 242, 'internal', '$1000', 1, NULL, '2026-02-27 15:53:49', 1, '2026-02-27 16:09:19'),
(243, 243, 'internal', '$1900', 1, NULL, '2026-02-27 15:53:49', 1, '2026-02-27 16:09:19'),
(246, 246, 'internal', '$1300', 1, NULL, '2026-02-27 15:53:49', 1, '2026-02-27 16:09:19'),
(247, 247, 'internal', '$700', 1, NULL, '2026-02-27 15:53:49', 1, '2026-02-27 16:09:19'),
(248, 248, 'internal', '$700', 1, NULL, '2026-02-27 15:53:49', 1, '2026-02-27 16:09:19'),
(249, 249, 'internal', '$700', 1, NULL, '2026-02-27 15:53:49', 1, '2026-02-27 16:09:19'),
(250, 250, 'internal', '$650', 1, NULL, '2026-02-27 15:53:49', 1, '2026-02-27 16:09:19'),
(251, 251, 'internal', '$650', 1, NULL, '2026-02-27 15:53:49', 1, '2026-02-27 16:09:19'),
(252, 252, 'internal', '$600', 1, NULL, '2026-02-27 15:53:49', 1, '2026-02-27 16:09:19'),
(253, 253, 'internal', '$900', 1, NULL, '2026-02-27 15:53:49', 1, '2026-02-27 16:09:19'),
(254, 254, 'internal', '$1300', 1, NULL, '2026-02-27 15:53:49', 1, '2026-02-27 16:09:19'),
(256, 256, 'internal', '$700', 1, NULL, '2026-02-27 15:53:49', 1, '2026-02-27 16:09:19'),
(257, 257, 'internal', '$700', 1, NULL, '2026-02-27 15:53:49', 1, '2026-02-27 16:09:19'),
(258, 258, 'internal', '$700', 1, NULL, '2026-02-27 15:53:49', 1, '2026-02-27 16:09:19'),
(259, 259, 'internal', '$700', 1, NULL, '2026-02-27 15:53:49', 1, '2026-02-27 16:09:19'),
(260, 260, 'internal', '$2064', 1, NULL, '2026-02-27 15:53:49', 1, '2026-02-27 16:09:19'),
(261, 261, 'internal', '$600', 1, NULL, '2026-02-27 15:53:49', 1, '2026-02-27 16:09:19'),
(262, 262, 'internal', '$2400', 1, NULL, '2026-02-27 15:53:49', 1, '2026-02-27 16:09:19'),
(263, 263, 'internal', '$700', 1, NULL, '2026-02-27 15:53:49', 1, '2026-02-27 16:09:19'),
(267, 267, 'internal', '$2000', 1, NULL, '2026-02-27 15:53:49', 1, '2026-02-27 16:09:19'),
(268, 268, 'internal', '$3500', 1, NULL, '2026-02-27 15:53:49', 1, '2026-02-27 16:09:19'),
(269, 269, 'internal', '$650', 1, NULL, '2026-02-27 15:53:49', 1, '2026-02-27 16:09:19'),
(270, 270, 'internal', '$1800', 1, NULL, '2026-02-27 15:53:49', 1, '2026-02-27 16:09:19'),
(272, 272, 'internal', '$12000', 1, NULL, '2026-02-27 15:53:49', 1, '2026-02-27 16:09:19'),
(273, 273, 'internal', '$8400', 1, NULL, '2026-02-27 15:53:49', 1, '2026-02-27 16:09:19'),
(274, 274, 'internal', '$3600', 1, NULL, '2026-02-27 15:53:49', 1, '2026-02-27 16:09:19'),
(275, 275, 'internal', '$5000', 1, NULL, '2026-02-27 15:53:49', 1, '2026-02-27 16:09:19'),
(276, 276, 'internal', '$1300', 1, NULL, '2026-02-27 15:53:49', 1, '2026-02-27 16:09:19'),
(277, 277, 'internal', '$4800', 1, NULL, '2026-02-27 15:53:49', 1, '2026-02-27 16:09:19'),
(282, 282, 'internal', '$3073', 1, NULL, '2026-02-27 15:53:49', 1, '2026-02-27 16:09:19'),
(283, 283, 'internal', '$800', 1, NULL, '2026-02-27 15:53:49', 1, '2026-02-27 16:09:19'),
(285, 285, 'internal', '$800', 1, NULL, '2026-02-27 15:53:49', 1, '2026-02-27 16:09:19'),
(286, 286, 'internal', '$3600', 1, NULL, '2026-02-27 15:53:49', 1, '2026-02-27 16:09:19'),
(287, 287, 'internal', '$1600', 1, NULL, '2026-02-27 15:53:49', 1, '2026-02-27 16:09:19'),
(288, 288, 'internal', '$700', 1, NULL, '2026-02-27 15:53:49', 1, '2026-02-27 16:09:19'),
(289, 289, 'internal', '$2100', 1, NULL, '2026-02-27 15:53:49', 1, '2026-02-27 16:09:19'),
(291, 291, 'internal', '$2600', 1, NULL, '2026-02-27 15:53:49', 1, '2026-02-27 16:09:19'),
(292, 292, 'internal', '$750', 1, NULL, '2026-02-27 15:53:49', 1, '2026-02-27 16:09:19'),
(293, 293, 'internal', '$700', 1, NULL, '2026-02-27 15:53:49', 1, '2026-02-27 16:09:19'),
(294, 294, 'internal', '$3053', 1, NULL, '2026-02-27 15:53:49', 1, '2026-02-27 16:09:19'),
(295, 295, 'internal', '$1440', 1, NULL, '2026-02-27 15:53:49', 1, '2026-02-27 16:09:19'),
(296, 296, 'internal', '$700', 1, NULL, '2026-02-27 15:53:49', 1, '2026-02-27 16:09:19'),
(297, 297, 'internal', '$700', 1, NULL, '2026-02-27 15:53:49', 1, '2026-02-27 16:09:19'),
(298, 298, 'internal', '$1500', 1, NULL, '2026-02-27 15:53:49', 1, '2026-02-27 16:09:19'),
(299, 299, 'internal', '$1400', 1, NULL, '2026-02-27 15:53:49', 1, '2026-02-27 16:09:19'),
(300, 300, 'internal', '$700', 1, NULL, '2026-02-27 15:53:49', 1, '2026-02-27 16:09:19'),
(301, 301, 'internal', '$1400', 1, NULL, '2026-02-27 15:53:49', 1, '2026-02-27 16:09:19'),
(302, 302, 'internal', '$650', 1, NULL, '2026-02-27 15:53:49', 1, '2026-02-27 16:09:19'),
(303, 303, 'internal', '$750', 1, NULL, '2026-02-27 15:53:49', 1, '2026-02-27 16:09:19'),
(309, 309, 'internal', '$1321', 1, NULL, '2026-02-27 15:53:49', 1, '2026-02-27 16:09:19'),
(310, 310, 'internal', '$2250', 1, NULL, '2026-02-27 15:53:49', 1, '2026-02-27 16:09:19'),
(311, 311, 'internal', '$750', 1, NULL, '2026-02-27 15:53:49', 1, '2026-02-27 16:09:19'),
(312, 312, 'internal', '$700', 1, NULL, '2026-02-27 15:53:49', 1, '2026-02-27 16:09:19'),
(313, 313, 'internal', '$1500', 1, NULL, '2026-02-27 15:53:49', 1, '2026-02-27 16:09:19'),
(314, 314, 'internal', '$2400', 1, NULL, '2026-02-27 15:53:49', 1, '2026-02-27 16:09:19'),
(315, 315, 'internal', '$750', 1, NULL, '2026-02-27 15:53:49', 1, '2026-02-27 16:09:19'),
(316, 316, 'internal', '$6', 1, NULL, '2026-02-27 15:53:49', 1, '2026-02-27 16:09:19'),
(317, 317, 'internal', '$700', 1, NULL, '2026-02-27 15:53:49', 1, '2026-02-27 16:09:19'),
(318, 318, 'internal', '$1600', 1, NULL, '2026-02-27 15:53:49', 1, '2026-02-27 16:09:19'),
(319, 319, 'internal', '$2400', 1, NULL, '2026-02-27 15:53:49', 1, '2026-02-27 16:09:19'),
(320, 320, 'internal', '$700', 1, NULL, '2026-02-27 15:53:49', 1, '2026-02-27 16:09:19'),
(321, 321, 'internal', '$700', 1, NULL, '2026-02-27 15:53:49', 1, '2026-02-27 16:09:19'),
(322, 322, 'internal', '$2500', 1, NULL, '2026-02-27 15:53:49', 1, '2026-02-27 16:09:19'),
(323, 323, 'internal', '$1400', 1, NULL, '2026-02-27 15:53:49', 1, '2026-02-27 16:09:19'),
(324, 324, 'internal', '$650', 1, NULL, '2026-02-27 15:53:49', 1, '2026-02-27 16:09:19'),
(326, 326, 'internal', '$2025', 1, NULL, '2026-02-27 15:53:49', 1, '2026-02-27 16:09:19'),
(327, 327, 'internal', '$650', 1, NULL, '2026-02-27 15:53:49', 1, '2026-02-27 16:09:19'),
(331, 331, 'internal', '$1600', 1, NULL, '2026-02-27 15:53:49', 1, '2026-02-27 16:09:19'),
(332, 332, 'internal', '$1870', 1, NULL, '2026-02-27 15:53:49', 1, '2026-02-27 16:09:19'),
(333, 333, 'internal', '$3200', 1, NULL, '2026-02-27 15:53:49', 1, '2026-02-27 16:09:19'),
(334, 334, 'internal', '$2040', 1, NULL, '2026-02-27 15:53:49', 1, '2026-02-27 16:09:19'),
(335, 335, 'internal', '$1250', 1, NULL, '2026-02-27 15:53:49', 1, '2026-02-27 16:09:19'),
(337, 337, 'internal', '$670', 1, NULL, '2026-02-27 15:53:49', 1, '2026-02-27 16:09:19'),
(338, 338, 'internal', '$2025', 1, NULL, '2026-02-27 15:53:49', 1, '2026-02-27 16:09:19'),
(339, 339, 'internal', '$630', 1, NULL, '2026-02-27 15:53:49', 1, '2026-02-27 16:09:19'),
(340, 340, 'internal', '$650', 1, NULL, '2026-02-27 15:53:49', 1, '2026-02-27 16:09:19'),
(341, 341, 'internal', '$13650', 1, NULL, '2026-02-27 15:53:49', 1, '2026-02-27 16:09:19'),
(342, 342, 'internal', '$4700', 1, NULL, '2026-02-27 15:53:49', 1, '2026-02-27 16:09:19'),
(343, 343, 'internal', '$800', 1, NULL, '2026-02-27 15:53:49', 1, '2026-02-27 16:09:19'),
(344, 344, 'internal', '$3100', 1, NULL, '2026-02-27 15:53:49', 1, '2026-02-27 16:09:19'),
(345, 345, 'internal', '$1115', 1, NULL, '2026-02-27 15:53:49', 1, '2026-02-27 16:09:19'),
(346, 346, 'internal', '$2100', 1, NULL, '2026-02-27 15:53:49', 1, '2026-02-27 16:09:19'),
(347, 347, 'internal', '$700', 1, NULL, '2026-02-27 15:53:49', 1, '2026-02-27 16:09:19'),
(349, 349, 'internal', '$700', 1, NULL, '2026-02-27 15:53:49', 1, '2026-02-27 16:09:19'),
(350, 350, 'internal', '$2', 1, NULL, '2026-02-27 15:53:49', 1, '2026-02-27 16:09:19'),
(351, 351, 'internal', '$700', 1, NULL, '2026-02-27 15:53:49', 1, '2026-02-27 16:09:19'),
(355, 355, 'internal', '$1000', 1, NULL, '2026-02-27 15:53:49', 1, '2026-02-27 16:09:19'),
(356, 356, 'internal', '$1400', 1, NULL, '2026-02-27 15:53:49', 1, '2026-02-27 16:09:19'),
(357, 357, 'internal', '$7700', 1, NULL, '2026-02-27 15:53:49', 1, '2026-02-27 16:09:19'),
(358, 358, 'internal', '$6000', 1, NULL, '2026-02-27 15:53:49', 1, '2026-02-27 16:09:19'),
(359, 359, 'internal', '$750', 1, NULL, '2026-02-27 15:53:49', 1, '2026-02-27 16:09:19'),
(360, 360, 'internal', '$857', 1, NULL, '2026-02-27 15:53:49', 1, '2026-02-27 16:09:19'),
(362, 362, 'internal', '$700', 1, NULL, '2026-02-27 15:53:49', 1, '2026-02-27 16:09:19'),
(363, 363, 'internal', '$2200', 1, NULL, '2026-02-27 15:53:49', 1, '2026-02-27 16:09:19'),
(364, 364, 'internal', '$700', 1, NULL, '2026-02-27 15:53:49', 1, '2026-02-27 16:09:19'),
(365, 365, 'internal', '$700', 1, NULL, '2026-02-27 15:53:49', 1, '2026-02-27 16:09:19'),
(366, 366, 'internal', '$1800', 1, NULL, '2026-02-27 15:53:49', 1, '2026-02-27 16:09:19'),
(367, 367, 'internal', '$2070', 1, NULL, '2026-02-27 15:53:49', 1, '2026-02-27 16:09:19'),
(368, 368, 'internal', '$3863', 1, NULL, '2026-02-27 15:53:49', 1, '2026-02-27 16:09:19'),
(369, 369, 'internal', '$700', 1, NULL, '2026-02-27 15:53:49', 1, '2026-02-27 16:09:19'),
(370, 370, 'internal', '$700', 1, NULL, '2026-02-27 15:53:49', 1, '2026-02-27 16:09:19'),
(371, 371, 'internal', '$2700', 0, '2026-02-28 15:59:50', '2026-02-27 15:53:49', 1, '2026-02-28 15:59:50'),
(372, 372, 'internal', '$714', 1, NULL, '2026-02-27 15:53:49', 1, '2026-02-27 16:09:19'),
(373, 373, 'internal', '$5480', 1, NULL, '2026-02-27 15:53:49', 1, '2026-02-27 16:09:19'),
(374, 374, 'internal', '$500', 1, NULL, '2026-02-27 15:53:49', 1, '2026-02-27 16:09:19'),
(375, 375, 'internal', '$600', 1, NULL, '2026-02-27 15:53:49', 1, '2026-02-27 16:09:19'),
(376, 376, 'internal', '$650', 1, NULL, '2026-02-27 15:53:49', 1, '2026-02-27 16:09:19'),
(377, 377, 'internal', '$600', 1, NULL, '2026-02-27 15:53:49', 1, '2026-02-27 16:09:19'),
(378, 378, 'internal', '$1500', 1, NULL, '2026-02-27 15:53:49', 1, '2026-02-27 16:09:19'),
(379, 379, 'internal', '$1200', 1, NULL, '2026-02-27 15:53:49', 1, '2026-02-27 16:09:19'),
(380, 380, 'internal', '$2100', 1, NULL, '2026-02-27 15:53:49', 1, '2026-02-27 16:09:19'),
(381, 381, 'internal', '$700', 1, NULL, '2026-02-27 15:53:49', 1, '2026-02-27 16:09:19'),
(382, 382, 'internal', '$1600', 1, NULL, '2026-02-27 15:53:49', 1, '2026-02-27 16:09:19'),
(383, 383, 'internal', '$800', 1, NULL, '2026-02-27 15:53:49', 1, '2026-02-27 16:09:19'),
(384, 384, 'internal', '$3050', 1, NULL, '2026-02-27 15:53:49', 1, '2026-02-27 16:09:19'),
(385, 385, 'internal', '$2400', 1, NULL, '2026-02-27 15:53:49', 1, '2026-02-27 16:09:19'),
(386, 386, 'internal', '$2800', 1, NULL, '2026-02-27 15:53:49', 1, '2026-02-27 16:09:19'),
(387, 387, 'internal', '$1400', 1, NULL, '2026-02-27 15:53:49', 1, '2026-02-27 16:09:19'),
(388, 388, 'internal', '$1100', 1, NULL, '2026-02-27 15:53:49', 1, '2026-02-27 16:09:19'),
(389, 389, 'internal', '$1400', 1, NULL, '2026-02-27 15:53:49', 1, '2026-02-27 16:09:19'),
(390, 390, 'internal', '$800', 1, NULL, '2026-02-27 15:53:49', 1, '2026-02-27 16:09:19'),
(391, 391, 'internal', '$2800', 1, NULL, '2026-02-27 15:53:49', 1, '2026-02-27 16:09:19'),
(393, 393, 'internal', '$2040', 1, NULL, '2026-02-27 15:53:49', 1, '2026-02-27 16:09:19'),
(394, 394, 'internal', '$4500', 1, NULL, '2026-02-27 15:53:49', 1, '2026-02-27 16:09:19'),
(395, 395, 'internal', '$1400', 1, NULL, '2026-02-27 15:53:49', 1, '2026-02-27 16:09:19'),
(396, 396, 'internal', '$2000', 1, NULL, '2026-02-27 15:53:49', 1, '2026-02-27 16:09:19'),
(397, 397, 'internal', '$1400', 1, NULL, '2026-02-27 15:53:49', 1, '2026-02-27 16:09:19'),
(398, 398, 'internal', '$800', 1, NULL, '2026-02-27 15:53:49', 1, '2026-02-27 16:09:19'),
(399, 399, 'internal', '$700', 1, NULL, '2026-02-27 15:53:49', 1, '2026-02-27 16:09:19'),
(400, 400, 'internal', '$1400', 1, NULL, '2026-02-27 15:53:49', 1, '2026-02-27 16:09:19'),
(401, 401, 'internal', '$2100', 1, NULL, '2026-02-27 15:53:49', 1, '2026-02-27 16:09:19'),
(402, 402, 'internal', '$2400', 1, NULL, '2026-02-27 15:53:49', 1, '2026-02-27 16:09:19'),
(403, 403, 'internal', '$4000', 1, NULL, '2026-02-27 15:53:49', 1, '2026-02-27 16:09:19'),
(404, 404, 'internal', '$800', 1, NULL, '2026-02-27 15:53:49', 1, '2026-02-27 16:09:19'),
(405, 405, 'internal', '$1500', 1, NULL, '2026-02-27 15:53:49', 1, '2026-02-27 16:09:19'),
(406, 406, 'internal', '$2400', 1, NULL, '2026-02-27 15:53:49', 1, '2026-02-27 16:09:19'),
(407, 407, 'internal', '$2000', 1, NULL, '2026-02-27 15:53:49', 1, '2026-02-27 16:09:19'),
(408, 408, 'internal', '$500', 1, NULL, '2026-02-27 15:53:49', 1, '2026-02-27 16:09:19'),
(409, 409, 'internal', '$1800', 1, NULL, '2026-02-27 15:53:49', 1, '2026-02-27 16:09:19'),
(410, 410, 'internal', '$1500', 1, NULL, '2026-02-27 15:53:49', 1, '2026-02-27 16:09:19'),
(411, 411, 'internal', '$2500', 1, NULL, '2026-02-27 15:53:49', 1, '2026-02-27 16:09:19'),
(412, 412, 'internal', '$2000', 1, NULL, '2026-02-27 15:53:49', 1, '2026-02-27 16:09:19'),
(413, 413, 'internal', '$7040', 1, NULL, '2026-02-27 15:53:49', 1, '2026-02-27 16:09:19'),
(414, 414, 'internal', '$5727', 1, NULL, '2026-02-27 15:53:49', 1, '2026-02-27 16:09:19'),
(415, 415, 'internal', '$3559', 1, NULL, '2026-02-27 15:53:49', 1, '2026-02-27 16:09:19'),
(416, 416, 'internal', '$950', 1, NULL, '2026-02-27 15:53:49', 1, '2026-02-27 16:09:19'),
(417, 417, 'internal', '$950', 1, NULL, '2026-02-27 15:53:49', 1, '2026-02-27 16:09:19'),
(418, 418, 'internal', '$750', 1, NULL, '2026-02-27 15:53:49', 1, '2026-02-27 16:09:19'),
(419, 419, 'internal', '$900', 1, NULL, '2026-02-27 15:53:49', 1, '2026-02-27 16:09:19'),
(420, 420, 'internal', '$800', 1, NULL, '2026-02-27 15:53:49', 1, '2026-02-27 16:09:19'),
(421, 421, 'internal', '$700', 1, NULL, '2026-02-27 15:53:49', 1, '2026-02-27 16:09:19'),
(422, 422, 'internal', '$3000', 1, NULL, '2026-02-27 15:53:49', 1, '2026-02-27 16:09:19'),
(423, 423, 'internal', '$2000', 1, NULL, '2026-02-27 15:53:49', 1, '2026-02-27 16:09:19'),
(425, 425, 'internal', '$2700', 1, NULL, '2026-02-27 15:53:49', 1, '2026-02-27 16:09:19'),
(426, 426, 'internal', '$2100', 1, NULL, '2026-02-27 15:53:49', 1, '2026-02-27 16:09:19'),
(427, 427, 'internal', '$3000', 1, NULL, '2026-02-27 15:53:49', 1, '2026-02-27 16:09:19'),
(428, 428, 'internal', '$1300', 1, NULL, '2026-02-27 15:53:49', 1, '2026-02-27 16:09:19'),
(429, 429, 'internal', '$4541', 1, NULL, '2026-02-27 15:53:49', 1, '2026-02-27 16:09:19'),
(430, 430, 'internal', '$3000', 1, NULL, '2026-02-27 15:53:49', 1, '2026-02-27 16:09:19'),
(431, 431, 'internal', '$5400', 1, NULL, '2026-02-27 15:53:49', 1, '2026-02-27 16:09:19'),
(432, 432, 'internal', '$6000', 1, NULL, '2026-02-27 15:53:49', 1, '2026-02-27 16:09:19'),
(433, 433, 'internal', '$7700', 1, NULL, '2026-02-27 15:53:49', 1, '2026-02-27 16:09:19'),
(434, 434, 'internal', '$2137', 1, NULL, '2026-02-27 15:53:49', 1, '2026-02-27 16:09:19'),
(437, 437, 'internal', '$1400', 1, NULL, '2026-02-27 15:53:49', 1, '2026-02-27 16:09:19'),
(438, 438, 'internal', '$6300', 1, NULL, '2026-02-27 15:53:49', 1, '2026-02-27 16:09:19'),
(439, 439, 'internal', '$400', 1, NULL, '2026-02-27 15:53:49', 1, '2026-02-27 16:09:19'),
(440, 440, 'internal', '$6800', 1, NULL, '2026-02-27 15:53:49', 1, '2026-02-27 16:09:19'),
(441, 441, 'internal', '$2942', 1, NULL, '2026-02-27 15:53:49', 1, '2026-02-27 16:09:19'),
(442, 442, 'internal', '$6400', 1, NULL, '2026-02-27 15:53:49', 1, '2026-02-27 16:09:19'),
(443, 443, 'internal', '$7000', 1, NULL, '2026-02-27 15:53:49', 1, '2026-02-27 16:09:19'),
(446, 446, 'internal', '$3000', 1, NULL, '2026-02-27 15:53:49', 1, '2026-02-27 16:09:19'),
(447, 447, 'internal', '$3000', 1, NULL, '2026-02-27 15:53:49', 1, '2026-02-27 16:09:19'),
(448, 448, 'internal', '$1200', 1, NULL, '2026-02-27 15:53:49', 1, '2026-02-27 16:09:19'),
(449, 449, 'internal', '$6400', 1, NULL, '2026-02-27 15:53:49', 1, '2026-02-27 16:09:19'),
(450, 450, 'internal', '$2600', 1, NULL, '2026-02-27 15:53:49', 1, '2026-02-27 16:09:19'),
(451, 451, 'internal', '$700', 1, NULL, '2026-02-27 15:53:49', 1, '2026-02-27 16:09:19'),
(452, 452, 'internal', '$1500', 1, NULL, '2026-02-27 15:53:49', 1, '2026-02-27 16:09:19'),
(453, 453, 'internal', '$700', 1, NULL, '2026-02-27 15:53:49', 1, '2026-02-27 16:09:19'),
(455, 455, 'internal', '$1000', 1, NULL, '2026-02-27 15:53:49', 1, '2026-02-27 16:09:19'),
(456, 456, 'internal', '$1800', 1, NULL, '2026-02-27 15:53:49', 1, '2026-02-27 16:09:19'),
(457, 457, 'internal', '$600', 1, NULL, '2026-02-27 15:53:49', 1, '2026-02-27 16:09:19'),
(458, 458, 'internal', '$2100', 1, NULL, '2026-02-27 15:53:49', 1, '2026-02-27 16:09:19'),
(459, 459, 'internal', '$1800', 1, NULL, '2026-02-27 15:53:49', 1, '2026-02-27 16:09:19'),
(460, 460, 'internal', '$2813', 1, NULL, '2026-02-27 15:53:49', 1, '2026-02-27 16:09:19'),
(461, 461, 'internal', '$800', 1, NULL, '2026-02-27 15:53:49', 1, '2026-02-27 16:09:19'),
(463, 463, 'internal', '$2100', 1, NULL, '2026-02-27 15:53:49', 1, '2026-02-27 16:09:19'),
(465, 465, 'internal', '$1800', 1, NULL, '2026-02-27 15:53:49', 1, '2026-02-27 16:09:19'),
(467, 467, 'internal', '$800', 1, NULL, '2026-02-27 15:53:49', 1, '2026-02-27 16:09:19'),
(468, 468, 'internal', '$800', 1, NULL, '2026-02-27 15:53:49', 1, '2026-02-27 16:09:19'),
(469, 469, 'internal', '$1900', 1, NULL, '2026-02-27 15:53:49', 1, '2026-02-27 16:09:19'),
(470, 470, 'internal', '$2400', 1, NULL, '2026-02-27 15:53:49', 1, '2026-02-27 16:09:19'),
(471, 471, 'internal', '$1000', 1, NULL, '2026-02-27 15:53:49', 1, '2026-02-27 16:09:19'),
(474, 474, 'internal', '$500', 1, NULL, '2026-02-27 15:53:49', 1, '2026-02-27 16:09:19'),
(475, 475, 'internal', '$600', 1, NULL, '2026-02-27 15:53:49', 1, '2026-02-27 16:09:19'),
(476, 476, 'internal', '$600', 1, NULL, '2026-02-27 15:53:49', 1, '2026-02-27 16:09:19'),
(477, 477, 'internal', '$1800', 1, NULL, '2026-02-27 15:53:49', 1, '2026-02-27 16:09:19'),
(478, 478, 'internal', '$5066', 1, NULL, '2026-02-27 15:53:49', 1, '2026-02-27 16:09:19'),
(479, 479, 'internal', '$400', 1, NULL, '2026-02-27 15:53:49', 1, '2026-02-27 16:09:19'),
(480, 480, 'internal', '$600', 1, NULL, '2026-02-27 15:53:49', 1, '2026-02-27 16:09:19'),
(481, 481, 'internal', '$1300', 1, NULL, '2026-02-27 15:53:49', 1, '2026-02-27 16:09:19'),
(482, 482, 'internal', '$600', 1, NULL, '2026-02-27 15:53:49', 1, '2026-02-27 16:09:19'),
(483, 483, 'internal', '$600', 1, NULL, '2026-02-27 15:53:49', 1, '2026-02-27 16:09:19'),
(484, 484, 'internal', '$1200', 1, NULL, '2026-02-27 15:53:49', 1, '2026-02-27 16:09:19'),
(485, 485, 'internal', '$1800', 1, NULL, '2026-02-27 15:53:49', 1, '2026-02-27 16:09:19'),
(487, 487, 'internal', '$600', 1, NULL, '2026-02-27 15:53:49', 1, '2026-02-27 16:09:19'),
(488, 488, 'internal', '$600', 1, NULL, '2026-02-27 15:53:49', 1, '2026-02-27 16:09:19'),
(490, 490, 'internal', '$3500', 0, '2026-02-28 14:45:45', '2026-02-27 15:53:49', 1, '2026-02-28 14:45:45'),
(491, 491, 'internal', '$1600', 0, '2026-02-28 15:42:54', '2026-02-27 15:53:49', 1, '2026-02-28 15:42:54'),
(492, 492, 'internal', '$3200', 1, NULL, '2026-02-27 15:53:49', 1, '2026-02-27 16:09:19'),
(493, 493, 'internal', '$2400', 1, NULL, '2026-02-27 15:53:49', 1, '2026-02-27 16:09:19'),
(494, 494, 'internal', '$1400', 1, NULL, '2026-02-27 15:53:49', 1, '2026-02-27 16:09:19'),
(496, 496, 'internal', '$2200', 1, NULL, '2026-02-27 15:53:49', 1, '2026-02-27 16:09:19'),
(497, 497, 'internal', '$2400', 1, NULL, '2026-02-27 15:53:49', 1, '2026-02-27 16:09:19'),
(498, 498, 'internal', '$3300', 1, NULL, '2026-02-27 15:53:49', 1, '2026-02-27 16:09:19'),
(499, 499, 'internal', '$2870', 1, NULL, '2026-02-27 15:53:49', 1, '2026-02-27 16:09:19'),
(500, 500, 'internal', '$18000', 1, NULL, '2026-02-27 15:53:49', 1, '2026-02-27 16:09:19'),
(501, 341, 'internal', '( total) (500 pagados por ABB)', 1, NULL, '2026-02-27 10:41:08', 1, '2026-02-27 10:41:08'),
(502, 491, 'internal', '$1600', 0, '2026-02-28 15:43:01', '2026-02-28 14:53:34', 1, '2026-02-28 15:43:01'),
(503, 491, 'internal', '$1600', 0, '2026-02-28 15:43:06', '2026-02-28 14:58:59', 1, '2026-02-28 15:43:06'),
(504, 491, 'internal', '$1600', 1, NULL, '2026-02-28 15:04:03', 1, '2026-02-28 15:04:03'),
(505, 491, 'internal', '$1600', 1, NULL, '2026-02-28 15:43:24', 1, '2026-02-28 15:43:24'),
(506, 371, 'internal', '$2700', 1, NULL, '2026-02-28 15:58:45', 1, '2026-02-28 15:58:45'),
(507, 497, 'internal', '$2400', 1, NULL, '2026-02-28 16:45:52', 1, '2026-02-28 16:45:52'),
(508, 503, 'internal', 'Cooni | 700', 1, NULL, '2026-03-02 12:51:26', 1, '2026-03-02 12:51:26'),
(509, 504, 'internal', 'Ricardo | 800', 1, NULL, '2026-03-02 12:52:14', 1, '2026-03-02 12:52:14'),
(510, 506, 'internal', 'Alejandro | 3500', 1, NULL, '2026-03-02 12:55:20', 1, '2026-03-02 12:55:20'),
(511, 507, 'internal', 'Antonio', 1, NULL, '2026-03-02 12:58:05', 1, '2026-03-02 12:58:05'),
(512, 508, 'internal', 'Courten Wilsom | 720', 1, NULL, '2026-03-02 13:02:12', 1, '2026-03-02 13:02:12'),
(513, 510, 'internal', 'Blanca | 1400', 1, NULL, '2026-03-02 13:04:41', 1, '2026-03-02 13:04:41'),
(514, 511, 'internal', 'Estela | 1400', 1, NULL, '2026-03-02 13:06:53', 1, '2026-03-02 13:06:53'),
(515, 512, 'internal', 'Ko | 1500', 1, NULL, '2026-03-02 13:07:38', 1, '2026-03-02 13:07:38'),
(516, 513, 'internal', 'Gaby', 1, NULL, '2026-03-02 13:17:45', 1, '2026-03-02 13:17:45'),
(517, 514, 'internal', 'Alex | 1200', 1, NULL, '2026-03-02 13:22:42', 1, '2026-03-02 13:22:42'),
(518, 515, 'internal', 'Ramiro | 600', 1, NULL, '2026-03-02 13:24:13', 1, '2026-03-02 13:24:13'),
(519, 516, 'internal', 'Marie | 1400', 1, NULL, '2026-03-02 13:24:56', 1, '2026-03-02 13:24:56'),
(520, 517, 'internal', 'Diana | 1070', 1, NULL, '2026-03-02 13:25:32', 1, '2026-03-02 13:25:32'),
(521, 518, 'internal', 'Rena', 1, NULL, '2026-03-02 13:26:04', 1, '2026-03-02 13:26:04'),
(522, 519, 'internal', 'TEST MOVER ENTRE PROPIEDADES', 1, NULL, '2026-03-02 14:25:44', 1, '2026-03-02 14:25:44'),
(523, 521, 'internal', 'TEST MOVER R', 1, NULL, '2026-03-02 14:35:31', 1, '2026-03-02 14:35:31'),
(524, 523, 'internal', 'Ricardo | 800', 1, NULL, '2026-03-02 19:32:12', 1, '2026-03-02 19:32:12'),
(525, 525, 'internal', 'Carlos', 1, NULL, '2026-03-02 21:47:39', 1, '2026-03-02 21:47:39'),
(526, 527, 'internal', 'Liliana | 1600', 1, NULL, '2026-03-03 10:18:40', 1, '2026-03-03 10:18:40'),
(527, 528, 'internal', 'Szabolcs | 3000', 1, NULL, '2026-03-03 10:27:07', 1, '2026-03-03 10:27:07'),
(528, 529, 'internal', 'Esperanza | 1100', 1, NULL, '2026-03-03 10:28:11', 1, '2026-03-03 10:28:11'),
(529, 530, 'internal', 'Pedro', 1, NULL, '2026-03-03 11:30:55', 1, '2026-03-03 11:30:55'),
(530, 531, 'internal', 'Felipe | 700', 1, NULL, '2026-03-03 13:08:01', 1, '2026-03-03 13:08:01'),
(531, 532, 'internal', 'Jobel', 1, NULL, '2026-03-03 13:11:02', 1, '2026-03-03 13:11:02'),
(532, 533, 'internal', 'Leonardo | 3000', 1, NULL, '2026-03-03 13:47:37', 1, '2026-03-03 13:47:37');

--
-- Dumping data for table `reservation_source_catalog`
--

INSERT INTO `reservation_source_catalog` (`id_reservation_source`, `id_company`, `id_property`, `source_name`, `source_code`, `color_hex`, `notes`, `is_active`, `deleted_at`, `created_at`, `created_by`, `updated_at`, `updated_by`) VALUES
(1, 1, NULL, 'Directo', 'DIR', '#64748B', 'Origen manual/directo', 1, NULL, '2026-02-19 16:38:28', NULL, '2026-02-23 19:26:20', NULL),
(2, 2, NULL, 'Directo', 'DIR', '#64748B', 'Origen manual/directo', 0, '2026-02-19 14:21:57', '2026-02-19 16:38:28', NULL, '2026-02-23 19:26:20', 1),
(3, 3, NULL, 'Directo', 'DIR', '#64748B', 'Origen manual/directo', 1, NULL, '2026-02-19 16:38:28', NULL, '2026-02-23 19:26:20', NULL),
(13, 2, NULL, 'Mapas', 'MAPAS', '#64748B', NULL, 0, '2026-02-23 14:58:53', '2026-02-19 10:56:35', 1, '2026-02-23 14:58:53', 1),
(14, 2, NULL, 'Directo', 'DIR', '#64748B', 'Origen manual/directo', 0, '2026-02-20 12:55:52', '2026-02-19 21:10:20', 1, '2026-02-23 19:26:20', 1),
(15, 2, NULL, 'Directo', 'DIR', '#64748B', 'Origen manual/directo', 0, '2026-02-21 18:29:13', '2026-02-21 09:24:58', 1, '2026-02-23 19:26:20', 1),
(16, 2, NULL, 'Directo', 'DIR', '#64748B', NULL, 0, '2026-02-23 09:19:37', '2026-02-22 16:46:05', 1, '2026-02-23 19:26:20', 1),
(23, 2, 1, 'Directo', 'DIR', '#64748B', NULL, 0, '2026-02-23 14:59:00', '2026-02-23 20:49:25', NULL, '2026-02-23 14:59:00', 1),
(24, 2, NULL, 'Mapas', 'MAP', '#23FB47', NULL, 0, '2026-02-24 14:47:17', '2026-02-23 20:49:25', NULL, '2026-02-24 14:47:17', 1),
(25, 2, 3, 'Mapas', 'MAPAS', '#64748B', NULL, 0, '2026-02-23 14:58:16', '2026-02-23 20:49:25', NULL, '2026-02-23 14:58:16', 1),
(26, 2, NULL, 'Directo', 'DIR', '#64748B', 'Origen manual/directo', 0, '2026-02-24 14:47:28', '2026-02-24 10:32:03', 1, '2026-02-24 14:47:28', 1),
(27, 2, NULL, 'Mapas', 'MAP', '#1DF75E', NULL, 1, NULL, '2026-02-24 20:10:10', NULL, '2026-02-24 20:06:19', 1),
(28, 2, 6, 'Directo', 'DIR', '#64748B', NULL, 0, '2026-02-24 14:47:39', '2026-02-24 20:10:10', NULL, '2026-02-24 14:47:39', 1);

--
-- Dumping data for table `room`
--

INSERT INTO `room` (`id_room`, `id_property`, `id_roomin`, `id_category`, `id_rateplan`, `code`, `name`, `description`, `capacity_total`, `max_adults`, `max_children`, `status`, `housekeeping_status`, `floor`, `building`, `bed_config`, `amenities_json`, `color_hex`, `order_index`, `is_active`, `deleted_at`, `created_at`, `created_by`, `updated_at`) VALUES
(170, 3, NULL, 42, NULL, 'TRIZ 1', 'Cuarto 1', NULL, 3, NULL, NULL, 'vacant', 'clean', NULL, NULL, '1 matrimonial, 1 individual', NULL, NULL, 0, 1, NULL, '2025-12-23 15:09:41', NULL, '2026-02-25 17:33:20'),
(171, 3, NULL, 42, NULL, 'TRIZ 6', 'Cuarto 6', NULL, 3, 0, 0, 'vacant', 'clean', NULL, NULL, NULL, NULL, NULL, 0, 1, NULL, '2025-12-23 15:55:37', NULL, '2026-02-25 17:35:32'),
(172, 3, NULL, 42, NULL, 'TRIZ 3', 'Cuarto 3', 'Camas: 1 matrimonial y 1 individual', 3, 0, 0, 'vacant', 'clean', NULL, NULL, NULL, NULL, NULL, 0, 1, NULL, '2025-12-23 15:58:53', NULL, '2026-02-25 17:35:45'),
(173, 3, NULL, 43, NULL, 'TRIZ 4', 'Cuarto 4', NULL, 2, 0, 0, 'vacant', 'clean', NULL, NULL, '1 matrimonial', NULL, NULL, 0, 1, NULL, '2025-12-23 16:01:29', NULL, '2026-02-25 17:35:54'),
(174, 3, NULL, 43, NULL, 'TRIZ 5', 'Cuarto 5', 'Cama matrimonial', 2, 0, 0, 'vacant', 'clean', NULL, NULL, NULL, NULL, NULL, 0, 1, NULL, '2025-12-23 16:02:08', NULL, '2026-02-25 17:36:02'),
(175, 3, NULL, 43, NULL, 'TRIZ 2', 'Cuarto 2', 'Matrimonial', 2, 0, 0, 'vacant', 'clean', NULL, NULL, NULL, NULL, NULL, 0, 1, NULL, '2025-12-23 16:06:07', NULL, '2026-02-25 17:36:12'),
(177, 6, NULL, 45, NULL, 'CHICATANA1', 'Depa 1', NULL, 0, 0, 0, 'vacant', 'clean', NULL, NULL, '1 queen', NULL, NULL, 0, 1, NULL, '2026-01-10 18:02:51', NULL, '2026-01-10 18:02:51'),
(178, 6, NULL, 45, NULL, 'CHICATANA2', 'Depa 2', NULL, 0, 0, 0, 'vacant', 'clean', NULL, NULL, '1 queen', NULL, NULL, 0, 1, NULL, '2026-01-10 18:03:23', NULL, '2026-01-10 18:03:23'),
(179, 10, NULL, 46, NULL, 'CUARTO 1', 'Cuarto 1', NULL, 0, 0, 0, 'vacant', 'clean', NULL, NULL, '1 matrimonial', NULL, NULL, 0, 1, NULL, '2026-01-10 18:07:15', NULL, '2026-01-15 18:54:15'),
(184, 4, NULL, 50, NULL, 'RCK 1', 'Depa 1', NULL, 0, 0, 0, 'vacant', 'clean', NULL, NULL, NULL, NULL, NULL, 0, 1, NULL, '2026-01-10 19:18:28', NULL, '2026-02-25 17:36:56'),
(185, 4, NULL, 50, NULL, 'RCK 2', 'Depa 2', NULL, 0, 0, 0, 'vacant', 'clean', NULL, NULL, NULL, NULL, NULL, 0, 1, NULL, '2026-01-10 19:18:53', NULL, '2026-02-25 17:37:12'),
(186, 1, NULL, 44, NULL, 'CSJ 2', 'Habitación 2', NULL, 0, 0, 0, 'vacant', 'clean', NULL, NULL, NULL, NULL, NULL, 4, 1, NULL, '2026-01-10 19:31:39', NULL, '2026-02-25 17:31:54'),
(187, 1, NULL, 44, NULL, 'CSJ 1', 'Habitación 1', NULL, 2, 0, 0, 'vacant', 'clean', NULL, NULL, NULL, NULL, NULL, 2, 1, NULL, '2026-01-10 19:31:49', NULL, '2026-02-25 17:32:05'),
(188, 1, NULL, 53, NULL, 'CSJ 3', 'Habitación 3', NULL, 0, 0, 0, 'vacant', 'clean', NULL, NULL, NULL, NULL, NULL, 6, 1, NULL, '2026-01-10 19:36:39', NULL, '2026-02-25 17:32:10'),
(189, 1, NULL, 51, NULL, 'CSJ 4', 'Habitación 4', NULL, 0, 0, 0, 'vacant', 'clean', NULL, NULL, NULL, NULL, NULL, 8, 1, NULL, '2026-01-10 19:36:39', NULL, '2026-02-25 17:32:14'),
(190, 1, NULL, 51, NULL, 'CSJ 5', 'Habitación 5', NULL, 0, 0, 0, 'vacant', 'clean', NULL, NULL, NULL, NULL, NULL, 10, 1, NULL, '2026-01-10 19:36:39', NULL, '2026-02-25 17:32:17'),
(191, 1, NULL, 52, NULL, 'CSJ 6', 'Habitación 6', NULL, 0, 0, 0, 'vacant', 'clean', NULL, NULL, NULL, NULL, NULL, 12, 1, NULL, '2026-01-10 19:45:33', NULL, '2026-02-25 17:32:20'),
(192, 1, NULL, 53, NULL, 'CSJ 7', 'Habitación 7', NULL, 0, 0, 0, 'vacant', 'clean', NULL, NULL, '1 King', NULL, NULL, 14, 1, NULL, '2026-01-10 19:49:13', NULL, '2026-02-25 17:32:24'),
(193, 7, NULL, 54, NULL, 'CABAñA1', 'Cabaña privada', NULL, 0, 0, 0, 'vacant', 'clean', NULL, NULL, NULL, NULL, NULL, 0, 1, NULL, '2026-01-11 18:58:18', NULL, '2026-01-11 18:58:18'),
(194, 7, NULL, 54, NULL, 'CABAñA2', 'Cabaña privada', NULL, 0, 0, 0, 'vacant', 'clean', NULL, NULL, NULL, NULL, NULL, 0, 1, NULL, '2026-01-11 18:58:39', NULL, '2026-01-11 18:58:56'),
(195, 7, NULL, 55, NULL, 'CABAñA4', 'Cabaña privada', NULL, 0, 0, 0, 'vacant', 'clean', NULL, NULL, NULL, NULL, NULL, 0, 1, NULL, '2026-01-11 18:59:21', NULL, '2026-01-15 19:06:28'),
(196, 7, NULL, 56, NULL, 'CUARTO 1 CAMA 1', 'Cama en dormitorio', NULL, 0, 0, 0, 'vacant', 'clean', NULL, NULL, 'Individual', NULL, NULL, 0, 1, NULL, '2026-01-11 19:07:58', NULL, '2026-01-11 19:10:22'),
(197, 7, NULL, 56, NULL, 'CUARTO 1 CAMA 2', 'Cama en dormitorio', NULL, 0, 0, 0, 'vacant', 'clean', NULL, NULL, 'Individual', NULL, NULL, 0, 1, NULL, '2026-01-11 19:07:58', NULL, '2026-01-11 19:07:58'),
(198, 7, NULL, 56, NULL, 'CUARTO 2 CAMA 4', 'Cama en dormitorio', NULL, 0, 0, 0, 'vacant', 'clean', NULL, NULL, 'Individual', NULL, NULL, 0, 1, NULL, '2026-01-11 19:07:58', NULL, '2026-01-11 19:09:18'),
(199, 7, NULL, 56, NULL, 'CUARTO 2 CAMA 3', 'Cama en dormitorio', NULL, 0, 0, 0, 'vacant', 'clean', NULL, NULL, 'Individual', NULL, NULL, 0, 1, NULL, '2026-01-11 19:07:58', NULL, '2026-01-11 19:07:58'),
(200, 7, NULL, 57, NULL, 'CAMPING 1', 'Camping', NULL, 0, 2, 2, 'vacant', 'clean', NULL, NULL, NULL, NULL, NULL, 0, 1, NULL, '2026-01-11 19:20:27', NULL, '2026-01-11 19:32:54'),
(201, 7, NULL, 57, NULL, 'CAMPING 2', 'Camping', NULL, 0, 2, 2, 'vacant', 'clean', NULL, NULL, NULL, NULL, NULL, 0, 1, NULL, '2026-01-11 19:20:27', NULL, '2026-01-11 19:20:27'),
(202, 7, NULL, 57, NULL, 'CAMPING 3', 'Camping', NULL, 0, 2, 2, 'vacant', 'clean', NULL, NULL, NULL, NULL, NULL, 0, 1, NULL, '2026-01-11 19:20:27', NULL, '2026-01-11 19:20:27'),
(203, 7, NULL, 57, NULL, 'CAMPING 4', 'Camping', NULL, 0, 2, 2, 'vacant', 'clean', NULL, NULL, NULL, NULL, NULL, 0, 1, NULL, '2026-01-11 19:20:27', NULL, '2026-01-11 19:20:27'),
(204, 7, NULL, 57, NULL, 'CAMPING 5', 'Camping', NULL, 0, 2, 2, 'vacant', 'clean', NULL, NULL, NULL, NULL, NULL, 0, 1, NULL, '2026-01-11 19:20:27', NULL, '2026-01-11 19:20:27'),
(205, 7, NULL, 57, NULL, 'CAMPING 6', 'Camping', NULL, 0, 2, 2, 'vacant', 'clean', NULL, NULL, NULL, NULL, NULL, 0, 1, NULL, '2026-01-11 19:20:27', NULL, '2026-01-11 19:20:27'),
(206, 7, NULL, 57, NULL, 'CAMPING 7', 'Camping', NULL, 0, 2, 2, 'vacant', 'clean', NULL, NULL, NULL, NULL, NULL, 0, 1, NULL, '2026-01-11 19:20:27', NULL, '2026-01-11 19:20:27'),
(207, 7, NULL, 57, NULL, 'CAMPING 8', 'Camping', NULL, 0, 2, 2, 'vacant', 'clean', NULL, NULL, NULL, NULL, NULL, 0, 1, NULL, '2026-01-11 19:20:27', NULL, '2026-01-11 19:20:27'),
(208, 7, NULL, 57, NULL, 'CAMPING 9', 'Camping', NULL, 0, 2, 2, 'vacant', 'clean', NULL, NULL, NULL, NULL, NULL, 0, 1, NULL, '2026-01-11 19:20:27', NULL, '2026-01-11 19:20:27'),
(209, 7, NULL, 57, NULL, 'CAMPING 10', 'Camping', NULL, 0, 2, 2, 'vacant', 'clean', NULL, NULL, NULL, NULL, NULL, 0, 1, NULL, '2026-01-11 19:20:27', NULL, '2026-01-11 19:20:27'),
(210, 9, NULL, 58, NULL, 'HAB 11', 'Habitación doble', NULL, 0, 4, 4, 'vacant', 'clean', NULL, NULL, '2 matrimoniales', NULL, NULL, 22, 1, NULL, '2026-01-11 19:29:46', NULL, '2026-01-17 01:07:26'),
(211, 9, NULL, 58, NULL, 'HAB 2', 'Habitación doble', NULL, 0, 4, 4, 'vacant', 'clean', NULL, NULL, '2 matrimoniales', NULL, NULL, 4, 1, NULL, '2026-01-11 19:29:46', NULL, '2026-01-17 01:07:57'),
(212, 9, NULL, 58, NULL, 'HAB 3', 'Habitación doble', NULL, 0, 4, 4, 'vacant', 'clean', NULL, NULL, '2 matrimoniales', NULL, NULL, 6, 1, NULL, '2026-01-11 19:29:46', NULL, '2026-01-17 01:07:31'),
(213, 9, NULL, 58, NULL, 'HAB 4', 'Habitación doble', NULL, 0, 4, 4, 'vacant', 'clean', NULL, NULL, '2 matrimoniales', NULL, NULL, 8, 1, NULL, '2026-01-11 19:29:46', NULL, '2026-01-17 01:07:35'),
(214, 9, NULL, 58, NULL, 'HAB 5', 'Habitación doble', NULL, 0, 4, 4, 'vacant', 'clean', NULL, NULL, '2 matrimoniales', NULL, NULL, 10, 1, NULL, '2026-01-11 19:29:46', NULL, '2026-01-17 01:07:39'),
(215, 9, NULL, 59, NULL, 'HAB 7', 'Doble con AC', NULL, 0, 4, 3, 'vacant', 'clean', NULL, NULL, NULL, NULL, NULL, 14, 1, NULL, '2026-01-11 19:59:56', NULL, '2026-01-17 01:07:43'),
(216, 9, NULL, 59, NULL, 'HAB 8', 'Doble con AC', NULL, 0, 4, 3, 'vacant', 'clean', NULL, NULL, NULL, NULL, NULL, 16, 1, NULL, '2026-01-11 19:59:56', NULL, '2026-01-17 01:07:47'),
(217, 9, NULL, 60, NULL, 'HAB 9', 'Habitación 9', NULL, 0, 2, 1, 'vacant', 'clean', NULL, NULL, NULL, NULL, NULL, 18, 1, NULL, '2026-01-11 20:05:25', NULL, '2026-01-17 01:07:54'),
(218, 9, NULL, 60, NULL, 'HAB 10', 'Habitación 10', NULL, 0, 2, 2, 'vacant', 'clean', NULL, NULL, NULL, NULL, NULL, 20, 1, NULL, '2026-01-11 20:05:57', NULL, '2026-01-17 01:07:22'),
(219, 11, NULL, 61, NULL, 'CASA', 'Casa Completa', NULL, 0, 0, 0, 'vacant', 'clean', NULL, NULL, NULL, NULL, NULL, 0, 1, NULL, '2026-01-12 17:16:17', NULL, '2026-02-26 15:07:48'),
(221, 11, NULL, 64, NULL, 'CUARTO3', 'Cuarto 2', NULL, 0, 0, 0, 'vacant', 'clean', NULL, NULL, NULL, NULL, NULL, 0, 1, NULL, '2026-01-12 17:18:57', NULL, '2026-02-26 14:55:53'),
(222, 11, NULL, 66, NULL, 'CUARTO1', 'Cuarto 1', NULL, 0, 0, 0, 'vacant', 'clean', NULL, NULL, NULL, NULL, NULL, 0, 1, NULL, '2026-01-12 17:19:41', NULL, '2026-02-26 14:56:01'),
(223, 10, NULL, 48, NULL, 'CUARTO 33', 'Cuarto 33', NULL, 0, 0, 0, 'vacant', 'clean', NULL, NULL, NULL, NULL, NULL, NULL, 1, NULL, '2026-01-14 19:49:47', NULL, '2026-01-15 18:53:41'),
(224, 10, NULL, 47, NULL, 'CUARTO 22', 'Cuarto 22', NULL, 0, 0, 0, 'vacant', 'clean', NULL, NULL, NULL, NULL, NULL, NULL, 1, NULL, '2026-01-14 19:53:56', NULL, '2026-01-15 18:52:49'),
(225, 7, NULL, 55, NULL, 'CABAÑA3', 'Cabaña privada', NULL, 0, 0, 0, 'vacant', 'clean', NULL, NULL, NULL, NULL, NULL, 0, 1, NULL, '2026-01-27 22:10:02', NULL, '2026-01-27 22:10:02'),
(226, 12, NULL, 71, NULL, 'GUAJE CUARTO 1', 'Guaje', NULL, 2, 2, 1, 'vacant', 'clean', '2', NULL, NULL, NULL, NULL, 0, 1, NULL, '2026-02-02 05:18:44', NULL, '2026-02-02 05:18:44'),
(227, 12, NULL, 70, NULL, 'CAOBA CUARTO 2', 'Caoba', NULL, 2, 2, 1, 'vacant', 'clean', NULL, NULL, NULL, NULL, NULL, 0, 1, NULL, '2026-02-02 05:19:21', NULL, '2026-02-02 05:19:21'),
(228, 12, NULL, 72, NULL, 'PAROTA CUARTO 3', 'Parota', NULL, 2, 2, 1, 'vacant', 'clean', NULL, NULL, NULL, NULL, NULL, 0, 1, NULL, '2026-02-02 05:23:00', NULL, '2026-02-02 05:23:00'),
(229, 12, NULL, 73, NULL, 'MACUIL CUARTO 4', 'Macuil', NULL, 4, 4, 3, 'vacant', 'clean', NULL, NULL, NULL, NULL, NULL, 0, 1, NULL, '2026-02-02 05:23:55', NULL, '2026-02-02 05:23:55'),
(230, 6, NULL, 45, NULL, 'DEPA 3', 'Depa 3', NULL, 0, 0, 0, 'vacant', 'clean', NULL, NULL, NULL, NULL, NULL, 0, 1, NULL, '2026-02-25 19:06:26', NULL, '2026-02-25 19:06:26'),
(231, 6, NULL, 45, NULL, 'DEPA 4', 'Depa 4', NULL, 0, 0, 0, 'vacant', 'clean', NULL, NULL, NULL, NULL, NULL, 0, 1, NULL, '2026-02-25 19:06:40', NULL, '2026-02-25 19:06:40');

--
-- Dumping data for table `room_block`
--

INSERT INTO `room_block` (`id_room_block`, `id_room`, `id_property`, `id_user`, `code`, `description`, `start_date`, `end_date`, `is_active`, `deleted_at`, `created_at`, `updated_at`) VALUES
(1, 172, 3, 1, 'BLK-6FE474', 'sucio', '2026-03-01', '2026-03-02', 1, NULL, '2026-03-02 13:14:53', '2026-03-02 13:14:53');

--
-- Dumping data for table `sale_item_category`
--

INSERT INTO `sale_item_category` (`id_sale_item_category`, `id_company`, `id_property`, `id_parent_sale_item_category`, `category_name`, `description`, `is_active`, `deleted_at`, `created_at`, `created_by`, `updated_at`) VALUES
(45, 2, NULL, NULL, 'Hospedaje', '', 1, NULL, '2026-02-16 18:19:48', 1, '2026-02-16 18:19:48'),
(46, 2, NULL, 45, 'Oaxaca', NULL, 1, NULL, '2026-02-16 18:20:12', 1, '2026-02-16 18:20:12'),
(47, 2, NULL, 45, 'Cuernavaca', NULL, 1, NULL, '2026-02-16 18:20:18', 1, '2026-02-16 18:20:18'),
(48, 2, NULL, NULL, 'Desgloses', '', 1, NULL, '2026-02-16 18:22:01', 1, '2026-02-16 18:22:01'),
(49, 2, NULL, 48, 'AB&B', NULL, 1, NULL, '2026-02-16 18:22:10', 1, '2026-02-16 18:22:10'),
(50, 2, NULL, 48, 'Expedia', NULL, 1, NULL, '2026-02-16 18:22:20', 1, '2026-02-16 18:22:20'),
(51, 2, NULL, 48, 'Booking', NULL, 1, NULL, '2026-02-16 18:22:26', 1, '2026-02-16 18:22:26'),
(52, 2, NULL, NULL, 'Contables', '', 1, NULL, '2026-02-16 18:24:53', 1, '2026-02-16 18:24:53'),
(53, 2, NULL, 52, 'Propietarios', NULL, 1, NULL, '2026-02-16 18:25:01', 1, '2026-02-16 18:25:01'),
(54, 2, NULL, 48, 'Generales', NULL, 1, NULL, '2026-02-16 18:26:51', 1, '2026-02-16 18:26:51'),
(55, 2, NULL, 52, 'Impuestos', NULL, 1, NULL, '2026-02-16 18:33:26', 1, '2026-02-16 18:33:26'),
(56, 2, NULL, 52, 'Ingresos', NULL, 1, NULL, '2026-02-16 18:35:42', 1, '2026-02-16 18:35:42'),
(57, 2, NULL, 52, 'Tarifas', NULL, 1, NULL, '2026-02-16 19:04:45', 1, '2026-02-16 19:04:45'),
(58, 2, NULL, NULL, 'Pagos', '', 1, NULL, '2026-02-16 20:36:54', 1, '2026-02-16 20:36:54'),
(59, 2, NULL, 58, 'Automático', NULL, 1, NULL, '2026-02-16 20:37:01', 1, '2026-02-16 20:37:01'),
(60, 2, NULL, 58, 'Manual', NULL, 1, NULL, '2026-02-16 20:37:11', 1, '2026-02-16 20:37:11'),
(61, 2, NULL, 52, 'Obligaciones', NULL, 1, NULL, '2026-02-18 06:14:01', 1, '2026-02-18 06:14:01'),
(62, 2, NULL, NULL, 'Otros servicios', '', 1, NULL, '2026-02-21 18:30:15', 1, '2026-02-21 18:30:15'),
(63, 2, NULL, 62, 'Tours', NULL, 1, NULL, '2026-02-21 18:30:36', 1, '2026-02-21 18:30:36'),
(64, 2, NULL, 62, 'Transporte', NULL, 1, NULL, '2026-02-21 18:33:52', 1, '2026-02-21 18:33:52');

--
-- Dumping data for table `tmp_reservation_import_input`
--

INSERT INTO `tmp_reservation_import_input` (`id_import`, `id_property`, `id_room`, `guest_name`, `amount_raw`, `check_in_raw`, `check_out_raw`, `origin_raw`) VALUES
(1, 1, 187, 'Gustavo', '$4000', '2026-01-01', '2026-01-03', 'Expedia'),
(2, 1, 187, 'Nancy', '$700', '2026-01-03', '2026-01-04', 'Booking'),
(3, 1, 187, 'Christopher', '$2600', '2026-01-04', '2026-01-07', 'Booking'),
(4, 1, 187, 'Brenda', '$700', '2026-01-07', '2026-01-08', 'Booking'),
(5, 1, 187, 'Estrella', '$3200', '2026-01-08', '2026-01-12', 'AirB&B'),
(6, 1, 187, 'Larissa', '$2400', '2026-01-13', '2026-01-16', 'Booking'),
(7, 1, 187, 'Christin', '$800', '2026-01-16', '2026-01-17', 'Expedia'),
(8, 1, 187, 'Julián', '$4800', '2026-01-17', '2026-01-23', 'Mapas'),
(9, 1, 187, 'Marco Emilio', '$1600', '2026-01-23', '2026-01-25', 'Mapas'),
(10, 1, 187, 'Roberta', '$700', '2026-01-25', '2026-01-26', 'Booking'),
(11, 1, 187, 'Blair', '$3150', '2026-01-26', '2026-01-31', 'Booking'),
(12, 1, 187, 'Kennet', '$750', '2026-01-31', '2026-02-01', 'Booking'),
(13, 1, 186, 'Daniela cancelando', '$6500', '2026-01-01', '2026-01-05', 'Expedia'),
(14, 1, 186, 'Alicia', '$2200', '2026-01-05', '2026-01-08', 'Booking'),
(15, 1, 186, 'Alicia', '$700', '2026-01-08', '2026-01-09', 'Booking'),
(16, 1, 186, 'Carlos', '$1530', '2026-01-09', '2026-01-11', 'Expedia'),
(17, 1, 186, 'Miruna', '$800', '2026-01-11', '2026-01-12', 'AirB&B'),
(18, 1, 186, 'Nicoleta', '$7500', '2026-01-12', '2026-01-19', 'Booking'),
(19, 1, 186, 'Rafael y Daniel facturan', '$1400', '2026-01-21', '2026-01-22', 'Mapas'),
(20, 1, 186, 'Emilio', '$2500', '2026-01-22', '2026-01-25', 'Booking'),
(21, 1, 186, 'Emilio', '$2500', '2026-01-25', '2026-01-28', 'Booking'),
(22, 1, 186, 'Reina', '$1400', '2026-01-28', '2026-01-30', 'Booking'),
(23, 1, 186, 'Roberto', '$5785', '2026-01-30', '2026-02-01', 'Expedia'),
(24, 1, 188, 'Louis', NULL, '2026-01-01', '2026-01-02', 'Expedia'),
(25, 1, 188, 'Aube', '$5900', '2026-01-02', '2026-01-07', 'AirB&B'),
(26, 1, 188, 'Arturo', '$4207', '2026-01-09', '2026-01-15', 'AirB&B'),
(27, 1, 188, 'Pierre', '$700', '2026-01-15', '2026-01-16', 'Booking'),
(28, 1, 188, 'Briselda', '$1600', '2026-01-16', '2026-01-17', 'Booking'),
(29, 1, 188, 'Daw', '$800', '2026-01-17', '2026-01-18', 'Booking'),
(30, 1, 188, 'Gustavo', '$700', '2026-01-19', '2026-01-20', 'Mapas'),
(31, 1, 188, 'Cristina', '$700', '2026-01-20', '2026-01-21', 'Booking'),
(32, 1, 188, 'Gustavo', '$1400', '2026-01-22', '2026-01-24', 'Mapas'),
(33, 1, 188, 'Raul', '$3100', '2026-01-27', '2026-01-31', 'Booking'),
(34, 1, 188, 'Daniel', '$2000', '2026-01-31', '2026-02-01', 'Booking'),
(35, 1, 189, 'Adriana', NULL, '2026-01-01', '2026-01-04', 'Booking'),
(36, 1, 189, 'Yuna', '$3737', '2026-01-04', '2026-01-09', 'Booking'),
(37, 1, 189, 'Dilaria', '$2100', '2026-01-09', '2026-01-12', 'Booking'),
(38, 1, 189, 'Señora aurora', NULL, '2026-01-12', '2026-01-13', 'Mapas'),
(39, 1, 189, 'José', '$1200', '2026-01-14', '2026-01-16', 'Mapas'),
(40, 1, 189, 'Monica', '$700', '2026-01-16', '2026-01-17', 'Mapas'),
(41, 1, 189, 'Pam', '$1400', '2026-01-17', '2026-01-19', 'Mapas'),
(42, 1, 189, 'José', '$6600', '2026-01-19', '2026-01-22', 'Mapas'),
(43, 1, 189, 'Aidé', '$1500', '2026-01-22', '2026-01-24', 'Booking'),
(44, 1, 189, 'Midori', '$2300', '2026-01-24', '2026-01-27', 'Booking'),
(45, 1, 189, 'Lena', NULL, '2026-01-27', '2026-01-28', 'Booking'),
(46, 1, 189, 'Merlin', '$600', '2026-01-29', '2026-01-30', 'Mapas'),
(47, 1, 189, 'Clement', '$1500', '2026-01-30', '2026-02-01', 'Booking'),
(48, 1, 190, 'Adriana', NULL, '2026-01-01', '2026-01-04', 'Booking'),
(49, 1, 190, 'Jesús', '$3900', '2026-01-04', '2026-01-09', 'Expedia'),
(50, 1, 190, 'Jennifer', '$5331', '2026-01-09', '2026-01-16', 'Expedia'),
(51, 1, 190, 'Dulce', '$700', '2026-01-16', '2026-01-17', 'AirB&B'),
(52, 1, 190, 'Jessica', '$4100', '2026-01-17', '2026-01-22', 'Booking'),
(53, 1, 190, 'José', NULL, '2026-01-22', '2026-01-31', 'Mapas'),
(54, 1, 190, 'Octavio', '$1600', '2026-01-31', '2026-02-01', 'AirB&B'),
(55, 1, 191, 'Abril cancelando pero dar 5041 a aurora', '$5500', '2026-01-01', '2026-01-06', 'Booking'),
(56, 1, 191, 'Gómez', '$3200', '2026-01-06', '2026-01-10', 'Mapas'),
(57, 1, 191, 'Maribel', '$4000', '2026-01-10', '2026-01-15', 'Expedia'),
(58, 1, 191, 'Briselda', NULL, '2026-01-16', '2026-01-17', 'Booking'),
(59, 1, 191, 'Antonio', '$800', '2026-01-17', '2026-01-18', 'Booking'),
(60, 1, 191, 'Aarón', '$1600', '2026-01-18', '2026-01-20', 'Expedia'),
(61, 1, 191, 'Daniela', '$3000', '2026-01-20', '2026-01-24', 'Booking'),
(62, 1, 191, 'Carlos', '$750', '2026-01-24', '2026-01-25', 'Booking'),
(63, 1, 191, 'María', '$750', '2026-01-26', '2026-01-27', 'Booking'),
(64, 1, 191, 'Daisy', '$1400', '2026-01-29', '2026-01-31', 'Booking'),
(65, 1, 191, 'Antonio', '$900', '2026-01-31', '2026-02-01', 'Booking'),
(66, 1, 192, 'Isarel', NULL, '2026-01-01', '2026-01-02', 'Expedia'),
(67, 1, 192, 'Eliot', '$2400', '2026-01-02', '2026-01-04', 'Mapas'),
(68, 1, 192, 'Jose', '$4900', '2026-01-05', '2026-01-12', 'Mapas'),
(69, 1, 192, 'José', '$1400', '2026-01-12', '2026-01-14', 'Mapas'),
(70, 1, 192, 'Chiara', '$850', '2026-01-14', '2026-01-15', 'Booking'),
(71, 1, 192, 'Miguel Ángel', '$2400', '2026-01-16', '2026-01-19', 'Mapas'),
(72, 1, 192, 'Alberede', '$1400', '2026-01-19', '2026-01-21', 'Booking'),
(73, 1, 192, 'Amber', '$5090', '2026-01-21', '2026-01-28', 'Booking'),
(74, 1, 192, 'Lena', '$3200', '2026-01-28', '2026-01-31', 'Booking'),
(75, 1, 192, 'Maria Magdalena *200*', '$1600', '2026-01-31', '2026-02-01', 'Mapas'),
(76, 3, 170, 'Anely', '$2700', '2026-01-01', '2026-01-02', 'Booking'),
(77, 3, 170, 'Lorena *1056*', '$8450', '2026-01-02', '2026-01-06', 'Booking'),
(78, 3, 170, 'Fer', '$1000', '2026-01-06', '2026-01-07', 'Mapas'),
(79, 3, 170, 'Douglas', '$700', '2026-01-07', '2026-01-08', 'Expedia'),
(80, 3, 170, 'Douglas extension', '$700', '2026-01-08', '2026-01-09', 'Expedia'),
(81, 3, 170, 'Regalado *882*', '$2646', '2026-01-09', '2026-01-12', 'AirB&B'),
(82, 3, 170, 'Regalado', '$882', '2026-01-12', '2026-01-13', 'AirB&B'),
(83, 3, 170, 'Macarena', '$2400', '2026-01-14', '2026-01-16', 'AirB&B'),
(84, 3, 170, 'Annie', '$500', '2026-01-16', '2026-01-17', 'Booking'),
(85, 3, 170, 'Hayde', '$1600', '2026-01-17', '2026-01-19', 'Booking'),
(86, 3, 170, 'Daniel', '$600', '2026-01-20', '2026-01-21', 'Mapas'),
(87, 3, 170, 'Claudia', NULL, '2026-01-22', '2026-01-26', 'Booking'),
(88, 3, 170, 'Alexander *857*', '$5141', '2026-01-26', '2026-02-01', 'Booking'),
(89, 3, 175, 'Sara', '$1600', '2026-01-01', '2026-01-02', 'Mapas'),
(90, 3, 175, 'Dennis *1213*', '$3641', '2026-01-02', '2026-01-05', 'Booking'),
(91, 3, 175, 'Rose', '$700', '2026-01-05', '2026-01-06', 'Expedia'),
(92, 3, 175, 'Eric', '$700', '2026-01-07', '2026-01-08', 'AirB&B'),
(93, 3, 175, 'Brisa **', '$800', '2026-01-08', '2026-01-11', 'AirB&B'),
(94, 3, 175, 'Guo', '$600', '2026-01-11', '2026-01-12', 'Mapas'),
(95, 3, 175, 'Luz', '$1150', '2026-01-15', '2026-01-16', 'Booking'),
(96, 3, 175, 'Salome', NULL, '2026-01-16', '2026-01-21', 'AirB&B'),
(97, 3, 175, 'Eibh', '$600', '2026-01-21', '2026-01-22', 'Booking'),
(98, 3, 175, 'Jorge', '$600', '2026-01-22', '2026-01-23', 'Booking'),
(99, 3, 175, 'Jorge', '$600', '2026-01-23', '2026-01-24', 'Booking'),
(100, 3, 175, 'Laura **', '$620', '2026-01-24', '2026-01-25', 'Booking'),
(101, 3, 175, 'Mariana **', '$997', '2026-01-25', '2026-01-26', 'AirB&B'),
(102, 3, 175, 'Mariela *714*', '$3572', '2026-01-27', '2026-02-01', 'AirB&B'),
(103, 3, 172, 'Miguel*', '$1500', '2026-01-01', '2026-01-02', 'AirB&B'),
(104, 3, 172, 'Giadalh', '$1600', '2026-01-02', '2026-01-03', 'Mapas'),
(105, 3, 172, 'Pau', '$800', '2026-01-03', '2026-01-04', 'Mapas'),
(106, 3, 172, 'Monn', '$1600', '2026-01-04', '2026-01-06', 'AirB&B'),
(107, 3, 172, 'Timo', '$700', '2026-01-06', '2026-01-07', 'Expedia'),
(108, 3, 172, 'Brisa', '$3200', '2026-01-07', '2026-01-08', 'AirB&B'),
(109, 3, 172, 'NICOLAS', '$1000', '2026-01-08', '2026-01-09', 'Mapas'),
(110, 3, 172, 'Néstor', '$700', '2026-01-09', '2026-01-10', 'Mapas'),
(111, 3, 172, 'Gerardo', '$1700', '2026-01-10', '2026-01-11', 'Mapas'),
(112, 3, 172, 'X', '$1800', '2026-01-15', '2026-01-17', 'Mapas'),
(113, 3, 172, 'Gladis', '$700', '2026-01-17', '2026-01-18', 'Mapas'),
(114, 3, 172, 'Ailyn', '$800', '2026-01-18', '2026-01-19', 'Mapas'),
(115, 3, 172, 'Miri', '$600', '2026-01-22', '2026-01-23', 'Mapas'),
(116, 3, 172, 'Jazmin', '$700', '2026-01-23', '2026-01-24', 'Mapas'),
(117, 3, 172, 'Escarlet', '$4600', '2026-01-24', '2026-01-31', 'Booking'),
(118, 3, 172, 'Juan Diego', '$900', '2026-01-31', '2026-02-01', 'AirB&B'),
(119, 3, 173, 'Amir **', '$1397', '2026-01-01', '2026-01-02', 'Booking'),
(120, 3, 173, 'Lorena', NULL, '2026-01-02', '2026-01-03', 'Booking'),
(121, 3, 173, 'Darwin liz', '$800', '2026-01-03', '2026-01-04', 'Mapas'),
(122, 3, 173, 'Angel', '$2100', '2026-01-04', '2026-01-07', 'AirB&B'),
(123, 3, 173, 'Estrella', '$800', '2026-01-07', '2026-01-08', 'AirB&B'),
(124, 3, 173, 'Douglas', NULL, '2026-01-09', '2026-01-10', 'Expedia'),
(125, 3, 173, 'Olesia', '$8400', '2026-01-10', '2026-01-24', 'AirB&B'),
(126, 3, 173, 'Annie', '$3700', '2026-01-24', '2026-01-30', 'Booking'),
(127, 3, 173, 'María', '$1360', '2026-01-30', '2026-02-01', 'Booking'),
(128, 3, 174, 'Alejandro *933*', '$2800', '2026-01-01', '2026-01-04', 'AirB&B'),
(129, 3, 174, 'Max', '$3200', '2026-01-04', '2026-01-08', 'AirB&B'),
(130, 3, 174, 'Luis', '$700', '2026-01-09', '2026-01-10', 'Mapas'),
(131, 3, 174, 'Laura', '$700', '2026-01-10', '2026-01-11', 'Mapas'),
(132, 3, 174, 'Luz', '$575', '2026-01-15', '2026-01-16', 'Booking'),
(133, 3, 174, 'Pam', '$650', '2026-01-16', '2026-01-17', 'Mapas'),
(134, 3, 174, 'Itzel', '$600', '2026-01-17', '2026-01-18', 'Mapas'),
(135, 3, 174, 'Antonio ****', '$25841980', '2026-01-18', '2026-01-21', 'AirB&B'),
(136, 3, 174, 'Aldo', '$600', '2026-01-21', '2026-01-22', 'Booking'),
(137, 3, 174, 'Claudia Flores *750*', '$9000', '2026-01-22', '2026-01-26', 'Booking'),
(138, 3, 174, 'Cinthya', '$700', '2026-01-26', '2026-01-27', 'Mapas'),
(139, 3, 174, 'Olesia *600*', '$3000', '2026-01-27', '2026-02-01', 'AirB&B'),
(140, 3, 171, 'monica', '$4000', '2026-01-01', '2026-01-03', 'Booking'),
(141, 3, 171, 'Lorena', NULL, '2026-01-03', '2026-01-06', 'Booking'),
(142, 3, 171, 'Uriela', '$1000', '2026-01-06', '2026-01-07', 'Mapas'),
(143, 3, 171, 'Nicolas', '$1000', '2026-01-08', '2026-01-09', 'Mapas'),
(144, 3, 171, 'jose', '$1100', '2026-01-09', '2026-01-10', 'Mapas'),
(145, 3, 171, 'Gerardo', NULL, '2026-01-10', '2026-01-11', 'Mapas'),
(146, 3, 171, 'Gerardo', '$1000', '2026-01-11', '2026-01-12', 'Mapas'),
(147, 3, 171, 'Salome', '$5000', '2026-01-15', '2026-01-16', 'AirB&B'),
(148, 3, 171, 'Raúl', '$600', '2026-01-16', '2026-01-17', 'Booking'),
(149, 3, 171, 'Duke', '$800', '2026-01-17', '2026-01-18', 'Booking'),
(150, 3, 171, 'Diana ****', '$2100', '2026-01-18', '2026-01-21', 'Mapas'),
(151, 3, 171, 'Diana', '$700', '2026-01-21', '2026-01-22', 'Mapas'),
(152, 3, 171, 'Armando*1000', '$2000', '2026-01-27', '2026-01-29', 'Mapas'),
(153, 3, 171, 'Mon', '$700', '2026-01-29', '2026-01-30', 'Mapas'),
(154, 3, 171, 'Graham', '$1760', '2026-01-30', '2026-02-01', 'Booking'),
(155, 5, 226, 'Sara', '$3846', '2026-01-01', '2026-01-03', 'Booking'),
(156, 5, 226, 'Angel', '$1000', '2026-01-03', '2026-01-04', 'AirB&B'),
(157, 5, 226, 'Evelyn', '$4069', '2026-01-04', '2026-01-10', 'Booking'),
(158, 5, 226, 'Emmanuelle', '$4200', '2026-01-10', '2026-01-16', 'Booking'),
(159, 5, 226, 'Imad', '$1200', '2026-01-17', '2026-01-19', 'AirB&B'),
(160, 5, 226, 'Darwin', '$600', '2026-01-27', '2026-01-28', 'Mapas'),
(161, 5, 226, 'Juliana', '$600', '2026-01-29', '2026-01-30', 'Mapas'),
(162, 5, 227, 'David', NULL, '2026-01-01', '2026-01-20', 'Expedia'),
(163, 5, 227, 'David', '$1400', '2026-01-21', '2026-01-23', 'Mapas'),
(164, 5, 227, 'Jonathan', '$2600', '2026-01-23', '2026-01-27', 'AirB&B'),
(165, 5, 227, 'Felipe', '$600', '2026-01-29', '2026-01-30', 'AirB&B'),
(166, 5, 227, 'Raúl', '$4000', '2026-01-31', '2026-02-01', 'Booking'),
(167, 5, 228, 'Alexia', '$2000', '2026-01-01', '2026-01-03', 'Mapas'),
(168, 5, 228, 'Dennis', '$800', '2026-01-03', '2026-01-04', 'AirB&B'),
(169, 5, 228, 'Emily', '$700', '2026-01-04', '2026-01-05', 'AirB&B'),
(170, 5, 228, 'Sheyla', '$600', '2026-01-05', '2026-01-06', 'Mapas'),
(171, 5, 228, 'Tscholks', '$1300', '2026-01-07', '2026-01-09', 'AirB&B'),
(172, 5, 228, 'Cecilia', '$700', '2026-01-10', '2026-01-11', 'Expedia'),
(173, 5, 228, 'T', '$650', '2026-01-14', '2026-01-15', 'AirB&B'),
(174, 5, 228, 'louse', '$600', '2026-01-17', '2026-01-18', 'Booking'),
(175, 5, 228, 'Andreas', '$3500', '2026-01-23', '2026-01-30', 'AirB&B'),
(176, 5, 228, 'Anderson', '$1600', '2026-01-30', '2026-02-01', 'AirB&B'),
(177, 5, 229, 'Daniela', '$3600', '2026-01-01', '2026-01-04', 'AirB&B'),
(178, 5, 229, 'Manuel', '$1000', '2026-01-05', '2026-01-06', 'Mapas'),
(179, 5, 229, 'Roberto', '$2000', '2026-01-07', '2026-01-09', 'Mapas'),
(180, 5, 229, 'Carlos', '$900', '2026-01-10', '2026-01-11', 'Mapas'),
(181, 5, 229, 'Mario', '$1000', '2026-01-13', '2026-01-14', 'Mapas'),
(182, 5, 229, 'Francisco', '$700', '2026-01-14', '2026-01-15', 'Mapas'),
(183, 5, 229, 'Juan', '$800', '2026-01-27', '2026-01-28', 'Mapas'),
(184, 5, 229, 'Nayeli', '$3000', '2026-01-28', '2026-01-31', 'Mapas'),
(185, 5, 229, 'Eric', '$1800', '2026-01-31', '2026-02-01', 'AirB&B'),
(186, 4, 184, 'Laura', '$1600', '2026-01-13', '2026-01-15', 'AirB&B'),
(187, 4, 184, 'Claudia 500 depósito', '$4400', '2026-01-29', '2026-02-01', 'Mapas'),
(188, 4, 185, 'Jenna', '$18000', '2026-01-01', '2026-01-21', 'AirB&B'),
(189, 4, 185, 'Jenna', '$18000', '2026-01-21', '2026-02-01', 'AirB&B'),
(190, 6, 177, 'Mathia', NULL, '2026-01-01', '2026-01-04', 'Booking'),
(191, 6, 177, 'Belén', '$7300', '2026-01-04', '2026-01-09', 'AirB&B'),
(192, 6, 177, 'Belén', '$1500', '2026-01-09', '2026-01-10', 'AirB&B'),
(193, 6, 177, 'Benjamin', '$3398', '2026-01-10', '2026-01-12', 'Booking'),
(194, 6, 177, 'Daniel', '$4500', '2026-01-18', '2026-01-21', 'Mapas'),
(195, 6, 177, 'Jeffrey', '$4624', '2026-01-22', '2026-01-25', 'AirB&B'),
(196, 6, 177, 'Guillermina', '$7000', '2026-01-25', '2026-01-29', 'AirB&B'),
(197, 6, 177, 'Abigail', '$5685', '2026-01-29', '2026-02-01', 'AirB&B'),
(198, 6, 178, 'Mariana', NULL, '2026-01-01', '2026-01-02', 'Booking'),
(199, 6, 178, 'isac', '$3400', '2026-01-02', '2026-01-04', 'AirB&B'),
(200, 6, 178, 'Antonio', '$1800', '2026-01-04', '2026-01-05', 'AirB&B'),
(201, 6, 178, 'Fracisco', '$4313', '2026-01-08', '2026-01-11', 'Booking'),
(202, 6, 178, 'Jaime', '$2670', '2026-01-11', '2026-01-13', 'Expedia'),
(203, 6, 178, 'Sebastián', '$5200', '2026-01-16', '2026-01-20', 'Expedia'),
(204, 6, 178, 'Viktor', '$1300', '2026-01-21', '2026-01-22', 'AirB&B'),
(205, 6, 178, 'Omar', '$7000', '2026-01-23', '2026-01-27', 'Booking'),
(206, 6, 178, 'Michaus Samantha', '$2600', '2026-01-27', '2026-01-29', 'Booking'),
(207, 6, 178, 'Idania', '$5300', '2026-01-29', '2026-02-01', 'Booking'),
(208, 6, 230, 'Sharon', NULL, '2026-01-01', '2026-01-02', 'AirB&B'),
(209, 6, 230, 'Ana', '$1500', '2026-01-02', '2026-01-03', 'Booking'),
(210, 6, 231, 'Braulio', '$3000', '2026-01-01', '2026-01-02', 'AirB&B'),
(211, 6, 231, 'Sandra', '$10000', '2026-01-02', '2026-01-06', 'AirB&B'),
(212, 6, 231, 'Extension Sandra', '$7500', '2026-01-06', '2026-01-09', 'AirB&B'),
(213, 6, 231, 'Nicolas', '$7817', '2026-01-09', '2026-01-14', 'Booking'),
(214, 9, 211, 'laura**', NULL, '2026-01-01', '2026-01-02', 'Booking'),
(215, 9, 211, 'Ana', '$1200', '2026-01-02', '2026-01-03', 'Mapas'),
(216, 9, 211, 'Jaciel', '$1300', '2026-01-03', '2026-01-04', 'Mapas'),
(217, 9, 211, 'Jaime', '$1500', '2026-01-04', '2026-01-05', 'Mapas'),
(218, 9, 211, 'Yuli', '$700', '2026-01-05', '2026-01-06', 'Mapas'),
(219, 9, 211, 'Zury', '$2700', '2026-01-08', '2026-01-09', 'Booking'),
(220, 9, 211, 'Luz', '$650', '2026-01-26', '2026-01-27', 'Mapas'),
(221, 9, 211, 'Jonathan', '$800', '2026-01-31', '2026-02-01', 'Mapas'),
(222, 9, 212, 'Rafael **', NULL, '2026-01-01', '2026-01-04', 'Mapas'),
(223, 9, 212, 'Carlos', '$1500', '2026-01-04', '2026-01-05', 'Mapas'),
(224, 9, 212, 'Edith', '$2000', '2026-01-10', '2026-01-12', 'Booking'),
(225, 9, 212, 'Manuel', '$450', '2026-01-16', '2026-01-17', 'Mapas'),
(226, 9, 212, 'Eduardo', '$700', '2026-01-17', '2026-01-18', 'Mapas'),
(227, 9, 212, 'Hernesto', '$800', '2026-01-25', '2026-01-26', 'Booking'),
(228, 9, 212, 'Cayetano', '$700', '2026-01-27', '2026-01-28', 'Mapas'),
(229, 9, 212, 'Cayetano', '$700', '2026-01-28', '2026-01-29', 'Mapas'),
(230, 9, 212, 'Antonione', '$800', '2026-01-31', '2026-02-01', 'AirB&B'),
(231, 9, 213, 'Rafael **', NULL, '2026-01-01', '2026-01-04', 'Mapas'),
(232, 9, 213, 'Julio', NULL, '2026-01-04', '2026-01-07', 'Booking'),
(233, 9, 213, 'nancy', NULL, '2026-01-18', '2026-01-19', 'Booking'),
(234, 9, 213, 'Leonardo', '$700', '2026-01-23', '2026-01-24', 'Mapas'),
(235, 9, 213, 'Diana', '$3600', '2026-01-25', '2026-01-29', 'AirB&B'),
(236, 9, 213, 'Miriam', '$2000', '2026-01-31', '2026-02-01', 'Mapas'),
(237, 9, 214, 'Rafael **', NULL, '2026-01-01', '2026-01-04', 'Mapas'),
(238, 9, 214, 'Julio', '$10000', '2026-01-04', '2026-01-07', 'Booking'),
(239, 9, 214, 'María mercedes', '$4600', '2026-01-07', '2026-01-11', 'AirB&B'),
(240, 9, 214, 'Miguel', NULL, '2026-01-14', '2026-01-15', 'Booking'),
(241, 9, 214, 'Manuel', '$680', '2026-01-16', '2026-01-17', 'Mapas'),
(242, 9, 214, 'Vidal', '$700', '2026-01-17', '2026-01-18', 'Mapas'),
(243, 9, 214, 'Iván', '$650', '2026-01-21', '2026-01-22', 'Mapas'),
(244, 9, 214, 'Ivan', '$650', '2026-01-22', '2026-01-23', 'Mapas'),
(245, 9, 214, 'Iván', '$650', '2026-01-23', '2026-01-24', 'Mapas'),
(246, 9, 214, 'Dante', '$3300', '2026-01-26', '2026-01-30', 'Booking'),
(247, 9, 214, 'Dante', '$2475', '2026-01-30', '2026-02-01', 'Booking'),
(248, 9, 215, 'Lis', '$4500', '2026-01-01', '2026-01-04', 'AirB&B'),
(249, 9, 215, 'Julio', NULL, '2026-01-04', '2026-01-07', 'Booking'),
(250, 9, 215, 'Minatti', '$800', '2026-01-07', '2026-01-08', 'Booking'),
(251, 9, 215, 'Isaías', '$1000', '2026-01-09', '2026-01-10', 'Mapas'),
(252, 9, 215, 'Jan', '$1000', '2026-01-10', '2026-01-11', 'Mapas'),
(253, 9, 215, 'Vidal', '$900', '2026-01-17', '2026-01-18', 'Mapas'),
(254, 9, 215, 'Feliz', '$830', '2026-01-21', '2026-01-22', 'Booking'),
(255, 9, 215, 'Feliz', '$830', '2026-01-22', '2026-01-23', 'Booking'),
(256, 9, 215, 'Leonardo', '$2000', '2026-01-25', '2026-01-27', 'Mapas'),
(257, 9, 215, 'Gabriel', '$1600', '2026-01-29', '2026-01-31', 'Mapas'),
(258, 9, 215, 'Luis', '$700', '2026-01-31', '2026-02-01', 'Mapas'),
(259, 9, 216, 'Chloe **', NULL, '2026-01-01', '2026-01-03', 'Booking'),
(260, 9, 216, 'Mildred', '$1900', '2026-01-03', '2026-01-04', 'AirB&B'),
(261, 9, 216, 'Daniel', '$1000', '2026-01-04', '2026-01-05', 'Mapas'),
(262, 9, 216, 'Vicente', '$800', '2026-01-05', '2026-01-06', 'Expedia'),
(263, 9, 216, 'Francisco', '$2000', '2026-01-06', '2026-01-07', 'Expedia'),
(264, 9, 216, 'Fabián', '$800', '2026-01-07', '2026-01-08', 'Booking'),
(265, 9, 216, 'José', '$1200', '2026-01-08', '2026-01-09', 'Mapas'),
(266, 9, 216, 'Sergio', '$1100', '2026-01-09', '2026-01-10', 'Mapas'),
(267, 9, 216, 'Sergio', '$1100', '2026-01-10', '2026-01-11', 'Mapas'),
(268, 9, 216, 'Jan', '$1000', '2026-01-11', '2026-01-12', 'Mapas'),
(269, 9, 216, 'Helga', NULL, '2026-01-12', '2026-01-13', 'Booking'),
(270, 9, 216, 'Karen', '$800', '2026-01-17', '2026-01-18', 'Mapas'),
(271, 9, 216, 'Roberto', '$2000', '2026-01-24', '2026-01-26', 'Mapas'),
(272, 9, 216, 'Tomas', '$1000', '2026-01-26', '2026-01-27', 'Mapas'),
(273, 9, 216, 'Luz', '$1000', '2026-01-27', '2026-01-28', 'Mapas'),
(274, 9, 216, 'Gaby', '$1900', '2026-01-31', '2026-02-01', 'AirB&B'),
(275, 9, 217, 'Felix **', NULL, '2026-01-01', '2026-01-02', 'Booking'),
(276, 9, 217, 'Miguel **', NULL, '2026-01-02', '2026-01-04', 'AirB&B'),
(277, 9, 217, 'Jaime', '$1300', '2026-01-04', '2026-01-05', 'Mapas'),
(278, 9, 217, 'Steven', '$700', '2026-01-09', '2026-01-10', 'Expedia'),
(279, 9, 217, 'Ángela', '$700', '2026-01-11', '2026-01-12', 'Mapas'),
(280, 9, 217, 'Alison', '$700', '2026-01-16', '2026-01-17', 'Mapas'),
(281, 9, 217, 'Iván', '$650', '2026-01-21', '2026-01-22', 'Mapas'),
(282, 9, 217, 'Amado', '$650', '2026-01-23', '2026-01-24', 'Mapas'),
(283, 9, 217, 'María de posada', '$600', '2026-01-27', '2026-01-28', 'Booking'),
(284, 9, 217, 'Alexa', '$900', '2026-01-28', '2026-01-29', 'Mapas'),
(285, 9, 217, 'Menaly', '$1300', '2026-01-31', '2026-02-01', 'Mapas'),
(286, 9, 218, 'Julie**', NULL, '2026-01-01', '2026-01-05', 'AirB&B'),
(287, 9, 218, 'Minatti', '$700', '2026-01-06', '2026-01-07', 'Booking'),
(288, 9, 218, 'Maayan', '$700', '2026-01-09', '2026-01-10', 'AirB&B'),
(289, 9, 218, 'Rosario', '$700', '2026-01-10', '2026-01-11', 'Mapas'),
(290, 9, 218, 'Eva', '$700', '2026-01-13', '2026-01-14', 'Booking'),
(291, 9, 218, 'Ard', '$2064', '2026-01-16', '2026-01-19', 'Booking'),
(292, 9, 218, 'Feliz', '$600', '2026-01-23', '2026-01-24', 'Booking'),
(293, 9, 218, 'Elisa', '$2400', '2026-01-26', '2026-01-30', 'Mapas'),
(294, 9, 218, 'Jivany', '$700', '2026-01-31', '2026-02-01', 'Mapas'),
(295, 9, 210, 'Elizabeth**', NULL, '2026-01-01', '2026-01-04', 'AirB&B'),
(296, 9, 210, 'Jaime', NULL, '2026-01-04', '2026-01-05', 'Mapas'),
(297, 9, 210, 'Zury', NULL, '2026-01-08', '2026-01-09', 'Booking'),
(298, 9, 210, 'Lorena', '$2000', '2026-01-10', '2026-01-12', 'Mapas'),
(299, 9, 210, 'Eduarda', '$3500', '2026-01-21', '2026-01-26', 'Mapas'),
(300, 9, 210, 'Alejandro', '$650', '2026-01-27', '2026-01-28', 'Mapas'),
(301, 9, 210, 'Merlin', '$1800', '2026-01-31', '2026-02-01', 'Mapas'),
(302, 11, 222, 'Monica', NULL, '2026-01-01', '2026-01-03', 'AirB&B'),
(303, 11, 222, 'Arturo', '$12000', '2026-01-03', '2026-01-13', 'AirB&B'),
(304, 11, 222, 'Erika', '$8400', '2026-01-15', '2026-01-18', 'AirB&B'),
(305, 11, 221, 'Jonathan', '$3600', '2026-01-03', '2026-01-06', 'AirB&B'),
(306, 11, 221, 'Valeria', '$5000', '2026-01-06', '2026-01-10', 'AirB&B'),
(307, 11, 221, 'Jaime', '$1300', '2026-01-10', '2026-01-11', 'Expedia'),
(308, 11, 221, 'Dani', '$4800', '2026-01-11', '2026-01-15', 'AirB&B'),
(309, 11, 221, 'Dayana', NULL, '2026-01-19', '2026-01-23', 'AirB&B'),
(310, 11, 221, 'Dafne', NULL, '2026-01-28', '2026-02-01', 'AirB&B'),
(311, 1, 187, 'Alex', NULL, '2026-02-01', '2026-02-06', 'Booking'),
(312, 1, 187, 'Briselda', NULL, '2026-02-06', '2026-02-07', 'Booking'),
(313, 1, 187, 'Munsilf 878 Airb&b 2195 efectivo', '$3073', '2026-02-07', '2026-02-11', 'AirB&B'),
(314, 1, 187, 'Or', '$800', '2026-02-14', '2026-02-15', 'Booking'),
(315, 1, 187, 'Arrieta', NULL, '2026-02-16', '2026-02-17', 'Booking'),
(316, 1, 187, 'Emmanuel', '$800', '2026-02-17', '2026-02-18', 'Mapas'),
(317, 1, 187, 'Carlos', '$3600', '2026-02-18', '2026-02-23', 'Booking'),
(318, 1, 187, 'Carlos', '$1600', '2026-02-23', '2026-02-25', 'Booking'),
(319, 1, 187, 'Melissa', '$700', '2026-02-25', '2026-02-26', 'Booking'),
(320, 1, 187, 'Omar', '$2100', '2026-02-26', '2026-03-01', 'Booking'),
(321, 1, 186, 'Roberto', NULL, '2026-02-01', '2026-02-02', 'Expedia'),
(322, 1, 186, 'Christian', '$2600', '2026-02-02', '2026-02-03', 'Booking'),
(323, 1, 186, 'Ziva', '$750', '2026-02-04', '2026-02-05', 'Booking'),
(324, 1, 186, 'Cameron', '$700', '2026-02-08', '2026-02-09', 'AirB&B'),
(325, 1, 186, 'Julie Hirtz', '$3053', '2026-02-10', '2026-02-14', 'AirB&B'),
(326, 1, 186, 'Laura', '$1440', '2026-02-14', '2026-02-16', 'Booking'),
(327, 1, 186, 'jose', '$700', '2026-02-16', '2026-02-17', 'Booking'),
(328, 1, 186, 'Eliza', '$700', '2026-02-18', '2026-02-19', 'Booking'),
(329, 1, 186, 'Martín', '$1500', '2026-02-19', '2026-02-21', 'Booking'),
(330, 1, 186, 'Kevin', '$1400', '2026-02-21', '2026-02-23', 'Mapas'),
(331, 1, 186, 'Kevin', '$700', '2026-02-23', '2026-02-24', 'Mapas'),
(332, 1, 186, 'Alberto', '$1400', '2026-02-24', '2026-02-25', 'Booking'),
(333, 1, 186, 'Nico', '$650', '2026-02-25', '2026-02-26', 'Booking'),
(334, 1, 186, 'Tonatiuh', '$750', '2026-02-26', '2026-02-27', 'AirB&B'),
(335, 1, 186, 'Kennet', NULL, '2026-02-28', '2026-03-02', 'Booking'),
(336, 1, 188, 'Daniel', NULL, '2026-02-01', '2026-02-02', 'Booking'),
(337, 1, 188, 'Roberto', NULL, '2026-02-02', '2026-02-07', 'Expedia'),
(338, 1, 188, 'Arreba', NULL, '2026-02-07', '2026-02-08', 'Booking'),
(339, 1, 188, 'Garza Juanita checar', NULL, '2026-02-10', '2026-02-11', 'Mapas'),
(340, 1, 188, 'Bert *', '$1321', '2026-02-12', '2026-02-14', 'Booking'),
(341, 1, 188, 'Munsfin', '$2250', '2026-02-14', '2026-02-17', 'AirB&B'),
(342, 1, 188, 'Munsfin', '$750', '2026-02-17', '2026-02-18', 'AirB&B'),
(343, 1, 188, 'Claudia', '$700', '2026-02-18', '2026-02-19', 'AirB&B'),
(344, 1, 188, 'Daniel', '$1500', '2026-02-19', '2026-02-20', 'Booking'),
(345, 1, 188, 'Diana', '$2400', '2026-02-20', '2026-02-23', 'AirB&B'),
(346, 1, 188, 'Martín', '$750', '2026-02-23', '2026-02-24', 'Mapas'),
(347, 1, 188, 'Enric del #', '$6', '2026-02-24', '2026-02-26', 'Booking'),
(348, 1, 188, 'Marcos', '$700', '2026-02-26', '2026-02-27', 'Booking'),
(349, 1, 189, 'simon', '$1600', '2026-02-01', '2026-02-03', 'Booking'),
(350, 1, 189, 'César', '$2400', '2026-02-06', '2026-02-09', 'Mapas'),
(351, 1, 189, 'Thomas', '$700', '2026-02-10', '2026-02-11', 'Booking'),
(352, 1, 189, 'Alejandro', '$700', '2026-02-11', '2026-02-12', 'Booking'),
(353, 1, 189, 'Arturo', '$2500', '2026-02-12', '2026-02-15', 'Booking'),
(354, 1, 189, 'Christian', '$1400', '2026-02-15', '2026-02-17', 'Booking'),
(355, 1, 189, 'Daniel', '$650', '2026-02-17', '2026-02-18', 'Mapas'),
(356, 1, 189, 'Matthew', NULL, '2026-02-18', '2026-02-19', 'Booking'),
(357, 1, 189, 'Pedro', '$2025', '2026-02-20', '2026-02-23', 'Booking'),
(358, 1, 189, 'Leonor', '$650', '2026-02-24', '2026-02-25', 'Booking'),
(359, 1, 189, 'Luc', NULL, '2026-02-25', '2026-02-26', 'Booking'),
(360, 1, 189, 'Cecilia', NULL, '2026-02-27', '2026-02-28', 'Booking'),
(361, 1, 190, 'Octavio', NULL, '2026-02-01', '2026-02-02', 'AirB&B'),
(362, 1, 190, 'Alfred', '$1600', '2026-02-02', '2026-02-04', 'Booking'),
(363, 1, 190, 'Nicholas', '$1870', '2026-02-04', '2026-02-07', 'Booking'),
(364, 1, 190, 'Fabián Nicola', '$3200', '2026-02-07', '2026-02-11', 'Booking'),
(365, 1, 190, 'Munsfin', '$2040', '2026-02-11', '2026-02-14', 'AirB&B'),
(366, 1, 190, 'Rijsbergen Sharon', '$1250', '2026-02-14', '2026-02-16', 'Booking'),
(367, 1, 190, 'Carolina', NULL, '2026-02-16', '2026-02-17', 'Booking'),
(368, 1, 190, 'Niell', '$670', '2026-02-17', '2026-02-18', 'Booking'),
(369, 1, 190, 'Ricardo', '$2025', '2026-02-18', '2026-02-21', 'Booking'),
(370, 1, 190, 'Thomas', '$630', '2026-02-22', '2026-02-23', 'Booking'),
(371, 1, 190, 'Jonna', '$650', '2026-02-23', '2026-02-24', 'Booking'),
(372, 1, 190, 'ORIA & MICHAEL ( total) (500 pagados por ABB)', '$13650', '2026-02-24', '2026-03-04', 'AirB&B'),
(373, 1, 191, 'Mattew', '$4700', '2026-02-01', '2026-02-07', 'Booking'),
(374, 1, 191, 'Nina', '$800', '2026-02-07', '2026-02-08', 'Mapas'),
(375, 1, 191, 'Richard', '$3100', '2026-02-09', '2026-02-13', 'Expedia'),
(376, 1, 191, 'Luis *', '$1115', '2026-02-13', '2026-02-15', 'Booking'),
(377, 1, 191, 'Melisa Acosta', '$2100', '2026-02-17', '2026-02-20', 'Mapas'),
(378, 1, 191, 'Jose manuel', '$700', '2026-02-21', '2026-02-22', 'Mapas'),
(379, 1, 191, 'Enric', NULL, '2026-02-22', '2026-02-24', 'Booking'),
(380, 1, 191, 'Pedro', '$700', '2026-02-24', '2026-02-25', 'Booking'),
(381, 1, 191, 'Alberto del #', '$2', '2026-02-25', '2026-02-26', 'Booking'),
(382, 1, 191, 'Alberto', '$700', '2026-02-26', '2026-02-27', 'Booking'),
(383, 1, 191, 'Cecilia', NULL, '2026-02-27', '2026-02-28', 'Booking'),
(384, 1, 192, 'Maria magdalena', NULL, '2026-02-01', '2026-02-02', 'Mapas'),
(385, 1, 192, 'Christian', NULL, '2026-02-03', '2026-02-05', 'Booking'),
(386, 1, 192, 'Luis', '$1000', '2026-02-06', '2026-02-07', 'Mapas'),
(387, 1, 192, 'Noel Mineli', '$1400', '2026-02-07', '2026-02-09', 'Mapas'),
(388, 1, 192, 'Daniel', '$7700', '2026-02-09', '2026-02-20', 'AirB&B'),
(389, 1, 192, 'Eric', '$6000', '2026-02-22', '2026-02-26', 'Booking'),
(390, 1, 192, 'Enric', '$750', '2026-02-26', '2026-02-27', 'Booking'),
(391, 3, 170, 'Alexander', '$857', '2026-02-01', '2026-02-02', 'Booking'),
(392, 3, 170, 'María', NULL, '2026-02-02', '2026-02-04', 'Booking'),
(393, 3, 170, 'Evelyn', '$700', '2026-02-04', '2026-02-05', 'Mapas'),
(394, 3, 170, 'Sonia', '$2200', '2026-02-07', '2026-02-09', 'AirB&B'),
(395, 3, 170, 'Sofía', '$700', '2026-02-10', '2026-02-11', 'Mapas'),
(396, 3, 170, 'Margarita', '$700', '2026-02-12', '2026-02-13', 'Mapas'),
(397, 3, 170, 'Cesar', '$1800', '2026-02-13', '2026-02-15', 'Mapas'),
(398, 3, 170, 'Xime *555 Airb&b', '$2070', '2026-02-17', '2026-02-20', 'AirB&B'),
(399, 3, 170, 'Ximena', '$3863', '2026-02-20', '2026-02-24', 'AirB&B'),
(400, 3, 170, 'Robin', '$700', '2026-02-24', '2026-02-25', 'AirB&B'),
(401, 3, 170, 'Sergio', '$700', '2026-02-26', '2026-02-27', 'Mapas'),
(402, 3, 170, 'Liz Santos', '$2700', '2026-02-28', '2026-03-03', 'AirB&B'),
(403, 3, 175, 'Mariela', '$714', '2026-02-01', '2026-02-02', 'AirB&B'),
(404, 3, 175, 'Francesco *', '$5480', '2026-02-02', '2026-02-09', 'AirB&B'),
(405, 3, 175, 'David', '$500', '2026-02-09', '2026-02-10', 'Booking'),
(406, 3, 175, 'Anja', '$600', '2026-02-10', '2026-02-11', 'Mapas'),
(407, 3, 175, 'Kevin salgado', '$650', '2026-02-11', '2026-02-12', 'Mapas'),
(408, 3, 175, 'Bryan', '$600', '2026-02-13', '2026-02-14', 'Mapas'),
(409, 3, 175, 'Mara', '$1500', '2026-02-14', '2026-02-16', 'Booking'),
(410, 3, 175, 'Eduardo', '$1200', '2026-02-17', '2026-02-19', 'Mapas'),
(411, 3, 175, 'Saffron', '$2100', '2026-02-20', '2026-02-23', 'AirB&B'),
(412, 3, 175, 'Saffron', '$700', '2026-02-23', '2026-02-24', 'AirB&B'),
(413, 3, 175, 'Guadalupe', '$1600', '2026-02-24', '2026-02-26', 'Mapas'),
(414, 3, 175, 'Guadalupe', '$800', '2026-02-26', '2026-02-27', 'Mapas'),
(415, 3, 172, 'Chong', '$3050', '2026-02-01', '2026-02-06', 'Booking'),
(416, 3, 172, 'Didier', '$2400', '2026-02-07', '2026-02-10', 'Mapas'),
(417, 3, 172, 'Kevin', '$2800', '2026-02-11', '2026-02-15', 'Mapas'),
(418, 3, 172, 'Sandra', '$1400', '2026-02-16', '2026-02-17', 'Booking'),
(419, 3, 172, 'Citlalli', '$1100', '2026-02-17', '2026-02-18', 'Mapas'),
(420, 3, 172, 'lucio', '$1400', '2026-02-20', '2026-02-21', 'Mapas'),
(421, 3, 172, 'Elsa', '$800', '2026-02-21', '2026-02-22', 'Mapas'),
(422, 3, 172, 'Gabby paggado****', '$2800', '2026-02-22', '2026-02-26', 'Mapas'),
(423, 3, 172, 'Ricardo', NULL, '2026-02-26', '2026-03-01', 'AirB&B'),
(424, 3, 173, 'María', '$2040', '2026-02-01', '2026-02-02', 'Booking'),
(425, 3, 173, 'ALEX *642*', '$4500', '2026-02-02', '2026-02-09', 'Booking'),
(426, 3, 173, 'Jannet Garcia', '$1400', '2026-02-10', '2026-02-12', 'AirB&B'),
(427, 3, 173, 'Eduardo', '$2000', '2026-02-13', '2026-02-15', 'Mapas'),
(428, 3, 173, 'Peter', '$1400', '2026-02-17', '2026-02-19', 'Booking'),
(429, 3, 173, 'Lidia', '$800', '2026-02-21', '2026-02-22', 'Mapas'),
(430, 3, 173, 'Jonna', '$700', '2026-02-22', '2026-02-23', 'Booking'),
(431, 3, 173, 'David', '$1400', '2026-02-23', '2026-02-25', 'AirB&B'),
(432, 3, 173, 'David', '$2100', '2026-02-25', '2026-02-28', 'Booking'),
(433, 3, 174, 'Olesia *600*', '$2400', '2026-02-01', '2026-02-05', 'AirB&B'),
(434, 3, 174, 'Markle', '$4000', '2026-02-05', '2026-02-08', 'Booking'),
(435, 3, 174, 'Dulce', '$800', '2026-02-08', '2026-02-09', 'Mapas'),
(436, 3, 174, 'Alejandro', '$1500', '2026-02-09', '2026-02-11', 'Mapas'),
(437, 3, 174, 'Daniel', '$2400', '2026-02-11', '2026-02-14', 'Mapas'),
(438, 3, 174, 'Ery resta +786 Airb&b', '$2000', '2026-02-14', '2026-02-17', 'AirB&B'),
(439, 3, 174, 'Erika extensión', '$500', '2026-02-17', '2026-02-18', 'AirB&B'),
(440, 3, 174, 'Miguel', '$1800', '2026-02-18', '2026-02-21', 'AirB&B'),
(441, 3, 174, 'José', '$1500', '2026-02-21', '2026-02-23', 'AirB&B'),
(442, 3, 174, 'Gustavo', '$2500', '2026-02-23', '2026-02-27', 'Booking'),
(443, 3, 174, 'Alex', '$2000', '2026-02-27', '2026-03-02', 'Mapas'),
(444, 3, 171, 'Graham *880*', '$7040', '2026-02-01', '2026-02-09', 'Booking'),
(445, 3, 171, 'Sara', '$5727', '2026-02-10', '2026-02-18', 'AirB&B'),
(446, 3, 171, 'Edgar', '$3559', '2026-02-18', '2026-02-22', 'AirB&B'),
(447, 3, 171, 'Edgar', '$950', '2026-02-22', '2026-02-23', 'AirB&B'),
(448, 3, 171, 'Edgar', '$950', '2026-02-23', '2026-02-24', 'AirB&B'),
(449, 3, 171, 'José Manuel', '$750', '2026-02-26', '2026-02-27', 'Mapas'),
(450, 5, 226, 'Keila', '$500', '2026-02-04', '2026-02-05', 'AirB&B'),
(451, 5, 226, 'Raúl', '$2100', '2026-02-05', '2026-02-08', 'AirB&B'),
(452, 5, 226, 'Celeste', '$1600', '2026-02-14', '2026-02-17', 'AirB&B'),
(453, 5, 226, 'Lidia', '$600', '2026-02-22', '2026-02-23', 'Mapas'),
(454, 5, 226, 'Rena', '$5400', '2026-02-24', '2026-03-04', 'Expedia'),
(455, 5, 227, 'Raúl', NULL, '2026-02-01', '2026-02-06', 'Booking'),
(456, 5, 227, 'Lauren', '$1700', '2026-02-08', '2026-02-11', 'AirB&B'),
(457, 5, 227, 'Rommel', '$700', '2026-02-12', '2026-02-13', 'Booking'),
(458, 5, 227, 'Juan Carlos', '$700', '2026-02-14', '2026-02-15', 'AirB&B'),
(459, 5, 227, 'Michael', '$620', '2026-02-15', '2026-02-16', 'Booking'),
(460, 5, 227, 'David', '$700', '2026-02-22', '2026-02-23', 'AirB&B'),
(461, 5, 227, 'Jaime / efectivo 2309', '$4200', '2026-02-23', '2026-03-02', 'AirB&B'),
(462, 5, 228, 'Claude', '$600', '2026-02-02', '2026-02-03', 'Booking'),
(463, 5, 228, 'Gunda', '$900', '2026-02-09', '2026-02-11', 'AirB&B'),
(464, 5, 228, 'Marine', '$1000', '2026-02-13', '2026-02-15', 'AirB&B'),
(465, 5, 228, 'Julia', '$550', '2026-02-16', '2026-02-17', 'AirB&B'),
(466, 5, 228, 'Julia', '$550', '2026-02-17', '2026-02-18', 'AirB&B'),
(467, 5, 228, 'Diego', '$600', '2026-02-22', '2026-02-23', 'AirB&B'),
(468, 5, 228, 'Celeste', '$550', '2026-02-23', '2026-02-24', 'Mapas'),
(469, 5, 228, 'Julia', '$550', '2026-02-25', '2026-02-26', 'Mapas'),
(470, 5, 229, 'Eric', NULL, '2026-02-01', '2026-02-02', 'AirB&B'),
(471, 5, 229, 'Van efectivo +528airb&b 2128', '$1600', '2026-02-14', '2026-02-17', 'AirB&B'),
(472, 5, 229, 'Van', '$1407', '2026-02-17', '2026-02-19', 'AirB&B'),
(473, 5, 229, 'Castillo Bautista', NULL, '2026-02-27', '2026-03-01', 'AirB&B'),
(474, 4, 184, 'Ximena', '$900', '2026-02-07', '2026-02-08', 'Mapas'),
(475, 4, 184, 'Rick', '$800', '2026-02-14', '2026-02-15', 'Booking'),
(476, 4, 184, 'Janet', '$700', '2026-02-16', '2026-02-17', 'Mapas'),
(477, 4, 184, 'Jorge', '$3000', '2026-02-20', '2026-02-23', 'Mapas'),
(478, 4, 184, 'Jorge', '$2000', '2026-02-23', '2026-02-25', 'Mapas'),
(479, 4, 185, 'Janet', NULL, '2026-02-01', '2026-02-12', 'AirB&B'),
(480, 4, 185, 'Maritza', '$2700', '2026-02-14', '2026-02-17', 'AirB&B'),
(481, 4, 185, 'Carlos', '$2100', '2026-02-20', '2026-02-23', 'AirB&B'),
(482, 6, 177, 'Heriberta', '$3000', '2026-02-01', '2026-02-03', 'Booking'),
(483, 6, 177, 'Mitzi', '$1300', '2026-02-03', '2026-02-04', 'AirB&B'),
(484, 6, 177, 'Luis', '$4541', '2026-02-04', '2026-02-07', 'AirB&B'),
(485, 6, 177, 'Mario', '$3000', '2026-02-07', '2026-02-09', 'Booking'),
(486, 6, 177, 'Camille', '$5400', '2026-02-09', '2026-02-13', 'AirB&B'),
(487, 6, 177, 'Dennis', '$6000', '2026-02-13', '2026-02-17', 'Booking'),
(488, 6, 177, 'Luisa *916 Airb&b 6,000 kike', '$7700', '2026-02-19', '2026-02-24', 'AirB&B'),
(489, 6, 177, 'Marisol efectivo', '$2137', '2026-02-24', '2026-02-26', 'AirB&B'),
(490, 6, 177, 'Bloqueado Kike', NULL, '2026-02-26', '2026-02-28', 'Mapas'),
(491, 6, 177, 'Szabolcs', NULL, '2026-02-03', '2026-02-04', 'AirB&B'),
(492, 6, 178, 'Idania', NULL, '2026-02-01', '2026-02-02', 'Booking'),
(493, 6, 178, 'Idania', '$1400', '2026-02-02', '2026-02-03', 'Booking'),
(494, 6, 178, 'Oscar *resta 5600', '$6300', '2026-02-05', '2026-02-09', 'AirB&B'),
(495, 6, 178, 'Saúl (pago ABB, faltan cash) faltan 300 pesos, para revisarlo', '$400', '2026-02-09', '2026-02-11', 'AirB&B'),
(496, 6, 178, 'Andrea', '$6800', '2026-02-11', '2026-02-15', 'AirB&B'),
(497, 6, 178, 'Valentin (342 AB&B -2600 cash)', '$2942', '2026-02-15', '2026-02-17', 'AirB&B'),
(498, 6, 178, 'Yoselin 366airb&b', '$6400', '2026-02-19', '2026-02-24', 'AirB&B'),
(499, 6, 178, 'Samantha *5500 tranferencia', '$7000', '2026-02-24', '2026-02-28', 'AirB&B'),
(500, 6, 178, 'Fracisco', NULL, '2026-02-28', '2026-03-04', 'AirB&B'),
(501, 9, 211, 'Miriam', NULL, '2026-02-01', '2026-02-03', 'Mapas'),
(502, 9, 211, 'Miriam', '$3000', '2026-02-03', '2026-02-08', 'Mapas'),
(503, 9, 211, 'Miriam', '$3000', '2026-02-08', '2026-02-13', 'Mapas'),
(504, 9, 212, 'Félix', '$1200', '2026-02-01', '2026-02-03', 'Mapas'),
(505, 9, 212, 'Sandra', '$6400', '2026-02-07', '2026-02-08', 'Mapas'),
(506, 9, 212, 'Juan Carlos', '$2600', '2026-02-26', '2026-03-02', 'Expedia'),
(507, 9, 213, 'Leydy', '$700', '2026-02-01', '2026-02-02', 'Mapas'),
(508, 9, 213, 'Corine', '$1500', '2026-02-05', '2026-02-07', 'Mapas'),
(509, 9, 213, 'Ivan', '$700', '2026-02-14', '2026-02-15', 'AirB&B'),
(510, 9, 214, 'Dante', NULL, '2026-02-01', '2026-02-02', 'Booking'),
(511, 9, 214, 'Gustavo', '$1000', '2026-02-14', '2026-02-15', 'Mapas'),
(512, 9, 214, 'Rosasiela', '$1800', '2026-02-23', '2026-02-25', 'Mapas'),
(513, 9, 214, 'Renato', '$600', '2026-02-25', '2026-02-26', 'AirB&B'),
(514, 9, 215, 'Laura', '$2100', '2026-02-01', '2026-02-04', 'Booking'),
(515, 9, 215, 'Erick', '$1800', '2026-02-04', '2026-02-06', 'Expedia'),
(516, 9, 215, 'Carlos', '$2813', '2026-02-06', '2026-02-09', 'AirB&B'),
(517, 9, 215, 'Julia', '$800', '2026-02-13', '2026-02-14', 'Mapas'),
(518, 9, 215, 'Annika', NULL, '2026-02-14', '2026-02-17', 'AirB&B'),
(519, 9, 215, 'Romo + 1800', '$2100', '2026-02-21', '2026-02-26', 'Mapas'),
(520, 9, 216, 'Gaby', NULL, '2026-02-01', '2026-02-02', 'AirB&B'),
(521, 9, 216, 'Erick', '$1800', '2026-02-04', '2026-02-06', 'Expedia'),
(522, 9, 216, 'Sandra', NULL, '2026-02-07', '2026-02-08', 'Mapas'),
(523, 9, 216, 'Ezequiel', '$800', '2026-02-09', '2026-02-10', 'Mapas'),
(524, 9, 216, 'Ezequiel', '$800', '2026-02-10', '2026-02-11', 'Mapas'),
(525, 9, 216, 'Sam', '$1900', '2026-02-13', '2026-02-15', 'Booking'),
(526, 9, 216, 'Alan', '$2400', '2026-02-19', '2026-02-22', 'AirB&B'),
(527, 9, 216, 'Eliseo', '$1000', '2026-02-23', '2026-02-24', 'Mapas'),
(528, 9, 217, 'Melany', NULL, '2026-02-01', '2026-02-02', 'Mapas'),
(529, 9, 217, 'Capucini', NULL, '2026-02-09', '2026-02-12', 'Booking'),
(530, 9, 217, 'Julia', '$500', '2026-02-13', '2026-02-14', 'AirB&B'),
(531, 9, 217, 'Saraí', '$600', '2026-02-14', '2026-02-15', 'Mapas'),
(532, 9, 217, 'Alejandro', '$600', '2026-02-15', '2026-02-16', 'Mapas'),
(533, 9, 217, 'Mirza', '$1800', '2026-02-20', '2026-02-23', 'Mapas'),
(534, 9, 217, 'Eduard', '$5066', '2026-02-23', '2026-02-27', 'Booking'),
(535, 9, 218, 'Yovani', '$400', '2026-02-01', '2026-02-02', 'Mapas'),
(536, 9, 218, 'Elad', '$600', '2026-02-02', '2026-02-03', 'Mapas'),
(537, 9, 218, 'Dulce', '$1300', '2026-02-03', '2026-02-05', 'Booking'),
(538, 9, 218, 'Abner', '$600', '2026-02-10', '2026-02-11', 'AirB&B'),
(539, 9, 218, 'Ezequiel', '$600', '2026-02-11', '2026-02-12', 'Mapas'),
(540, 9, 218, 'Erika Victor', '$1200', '2026-02-12', '2026-02-14', 'AirB&B'),
(541, 9, 218, 'Rosaisela', '$1800', '2026-02-23', '2026-02-25', 'Mapas'),
(542, 9, 210, 'Merlin', NULL, '2026-02-01', '2026-02-03', 'Mapas'),
(543, 9, 210, 'Jonathan', '$600', '2026-02-13', '2026-02-14', 'Mapas'),
(544, 9, 210, 'Alejandro', '$600', '2026-02-16', '2026-02-17', 'Mapas'),
(545, 9, 210, 'Eduard', NULL, '2026-02-23', '2026-02-27', 'Booking'),
(546, 1, 187, 'Alejandro', '$3500', '2026-03-02', '2026-03-07', 'AirB&B'),
(547, 1, 188, 'Liliana', '$1600', '2026-03-03', '2026-03-05', 'Mapas'),
(548, 1, 188, 'Fernanda', '$3200', '2026-03-06', '2026-03-10', 'AirB&B'),
(549, 1, 188, 'Judith', '$2400', '2026-03-11', '2026-03-14', 'Mapas'),
(550, 1, 190, 'ORIA & MICHAEL', NULL, '2026-03-01', '2026-03-18', 'AirB&B'),
(551, 1, 192, 'Leyber', '$1400', '2026-03-14', '2026-03-16', 'Mapas'),
(552, 3, 170, 'Santos Liz', NULL, '2026-03-01', '2026-03-03', 'AirB&B'),
(553, 3, 170, 'Alejandra', NULL, '2026-03-03', '2026-03-04', 'AirB&B'),
(554, 3, 170, 'Cutberto', '$2200', '2026-03-06', '2026-03-08', 'AirB&B'),
(555, 3, 175, 'Mariana', '$2400', '2026-03-07', '2026-03-10', 'Mapas'),
(556, 3, 174, 'Yair', '$3300', '2026-03-30', '2026-04-01', 'AirB&B'),
(557, 3, 171, 'Pablo efectivo', '$2870', '2026-03-29', '2026-04-01', 'AirB&B'),
(558, 9, 215, 'Mariana Airb&b', '$18000', '2026-03-02', '2026-04-01', 'AirB&B');

--
-- Dumping data for table `tmp_reservation_import_log`
--

INSERT INTO `tmp_reservation_import_log` (`id_log`, `id_import`, `result_status`, `reason`, `id_property`, `id_room`, `resolved_room_id`, `guest_name`, `check_in_date`, `check_out_date`, `origin_raw`, `source_used`, `id_ota_account`, `id_reservation_source`, `total_override_cents`, `id_reservation`, `reservation_code`, `created_at`) VALUES
(1, 1, 'inserted', NULL, 1, 187, 187, 'Gustavo', '2026-01-01', '2026-01-03', 'Expedia', 'Expedia', 12, NULL, 400000, 1, 'IMP-260227-000001-81A6', '2026-02-27 15:53:49'),
(2, 2, 'inserted', NULL, 1, 187, 187, 'Nancy', '2026-01-03', '2026-01-04', 'Booking', 'Booking', 8, NULL, 70000, 2, 'IMP-260227-000002-81A6', '2026-02-27 15:53:49'),
(3, 3, 'inserted', NULL, 1, 187, 187, 'Christopher', '2026-01-04', '2026-01-07', 'Booking', 'Booking', 8, NULL, 260000, 3, 'IMP-260227-000003-81A6', '2026-02-27 15:53:49'),
(4, 4, 'inserted', NULL, 1, 187, 187, 'Brenda', '2026-01-07', '2026-01-08', 'Booking', 'Booking', 8, NULL, 70000, 4, 'IMP-260227-000004-81A6', '2026-02-27 15:53:49'),
(5, 5, 'inserted', NULL, 1, 187, 187, 'Estrella', '2026-01-08', '2026-01-12', 'AirB&B', 'AirB&B', 9, NULL, 320000, 5, 'IMP-260227-000005-81A6', '2026-02-27 15:53:49'),
(6, 6, 'inserted', NULL, 1, 187, 187, 'Larissa', '2026-01-13', '2026-01-16', 'Booking', 'Booking', 8, NULL, 240000, 6, 'IMP-260227-000006-81A6', '2026-02-27 15:53:49'),
(7, 7, 'inserted', NULL, 1, 187, 187, 'Christin', '2026-01-16', '2026-01-17', 'Expedia', 'Expedia', 12, NULL, 80000, 7, 'IMP-260227-000007-81A6', '2026-02-27 15:53:49'),
(8, 8, 'inserted', NULL, 1, 187, 187, 'Julián', '2026-01-17', '2026-01-23', 'Mapas', 'Mapas', NULL, 27, 480000, 8, 'IMP-260227-000008-81A7', '2026-02-27 15:53:49'),
(9, 9, 'inserted', NULL, 1, 187, 187, 'Marco Emilio', '2026-01-23', '2026-01-25', 'Mapas', 'Mapas', NULL, 27, 160000, 9, 'IMP-260227-000009-81A7', '2026-02-27 15:53:49'),
(10, 10, 'inserted', NULL, 1, 187, 187, 'Roberta', '2026-01-25', '2026-01-26', 'Booking', 'Booking', 8, NULL, 70000, 10, 'IMP-260227-000010-81A7', '2026-02-27 15:53:49'),
(11, 11, 'inserted', NULL, 1, 187, 187, 'Blair', '2026-01-26', '2026-01-31', 'Booking', 'Booking', 8, NULL, 315000, 11, 'IMP-260227-000011-81A7', '2026-02-27 15:53:49'),
(12, 12, 'inserted', NULL, 1, 187, 187, 'Kennet', '2026-01-31', '2026-02-01', 'Booking', 'Booking', 8, NULL, 75000, 12, 'IMP-260227-000012-81A7', '2026-02-27 15:53:49'),
(13, 13, 'inserted', NULL, 1, 186, 186, 'Daniela cancelando', '2026-01-01', '2026-01-05', 'Expedia', 'Expedia', 12, NULL, 650000, 13, 'IMP-260227-000013-81A7', '2026-02-27 15:53:49'),
(14, 14, 'inserted', NULL, 1, 186, 186, 'Alicia', '2026-01-05', '2026-01-08', 'Booking', 'Booking', 8, NULL, 220000, 14, 'IMP-260227-000014-81A7', '2026-02-27 15:53:49'),
(15, 15, 'inserted', NULL, 1, 186, 186, 'Alicia', '2026-01-08', '2026-01-09', 'Booking', 'Booking', 8, NULL, 70000, 15, 'IMP-260227-000015-81A7', '2026-02-27 15:53:49'),
(16, 16, 'inserted', NULL, 1, 186, 186, 'Carlos', '2026-01-09', '2026-01-11', 'Expedia', 'Expedia', 12, NULL, 153000, 16, 'IMP-260227-000016-81A7', '2026-02-27 15:53:49'),
(17, 17, 'inserted', NULL, 1, 186, 186, 'Miruna', '2026-01-11', '2026-01-12', 'AirB&B', 'AirB&B', 9, NULL, 80000, 17, 'IMP-260227-000017-81A8', '2026-02-27 15:53:49'),
(18, 18, 'inserted', NULL, 1, 186, 186, 'Nicoleta', '2026-01-12', '2026-01-19', 'Booking', 'Booking', 8, NULL, 750000, 18, 'IMP-260227-000018-81A8', '2026-02-27 15:53:49'),
(19, 19, 'inserted', NULL, 1, 186, 186, 'Rafael y Daniel facturan', '2026-01-21', '2026-01-22', 'Mapas', 'Mapas', NULL, 27, 140000, 19, 'IMP-260227-000019-81A8', '2026-02-27 15:53:49'),
(20, 20, 'inserted', NULL, 1, 186, 186, 'Emilio', '2026-01-22', '2026-01-25', 'Booking', 'Booking', 8, NULL, 250000, 20, 'IMP-260227-000020-81A8', '2026-02-27 15:53:49'),
(21, 21, 'inserted', NULL, 1, 186, 186, 'Emilio', '2026-01-25', '2026-01-28', 'Booking', 'Booking', 8, NULL, 250000, 21, 'IMP-260227-000021-81A8', '2026-02-27 15:53:49'),
(22, 22, 'inserted', NULL, 1, 186, 186, 'Reina', '2026-01-28', '2026-01-30', 'Booking', 'Booking', 8, NULL, 140000, 22, 'IMP-260227-000022-81A8', '2026-02-27 15:53:49'),
(23, 23, 'inserted', NULL, 1, 186, 186, 'Roberto', '2026-01-30', '2026-02-01', 'Expedia', 'Expedia', 12, NULL, 578500, 23, 'IMP-260227-000023-81A8', '2026-02-27 15:53:49'),
(24, 24, 'inserted', NULL, 1, 188, 188, 'Louis', '2026-01-01', '2026-01-02', 'Expedia', 'Expedia', 12, NULL, NULL, 24, 'IMP-260227-000024-81A8', '2026-02-27 15:53:49'),
(25, 25, 'inserted', NULL, 1, 188, 188, 'Aube', '2026-01-02', '2026-01-07', 'AirB&B', 'AirB&B', 9, NULL, 590000, 25, 'IMP-260227-000025-81A9', '2026-02-27 15:53:49'),
(26, 26, 'inserted', NULL, 1, 188, 188, 'Arturo', '2026-01-09', '2026-01-15', 'AirB&B', 'AirB&B', 9, NULL, 420700, 26, 'IMP-260227-000026-81A9', '2026-02-27 15:53:49'),
(27, 27, 'inserted', NULL, 1, 188, 188, 'Pierre', '2026-01-15', '2026-01-16', 'Booking', 'Booking', 8, NULL, 70000, 27, 'IMP-260227-000027-81A9', '2026-02-27 15:53:49'),
(28, 28, 'inserted', NULL, 1, 188, 188, 'Briselda', '2026-01-16', '2026-01-17', 'Booking', 'Booking', 8, NULL, 160000, 28, 'IMP-260227-000028-81A9', '2026-02-27 15:53:49'),
(29, 29, 'inserted', NULL, 1, 188, 188, 'Daw', '2026-01-17', '2026-01-18', 'Booking', 'Booking', 8, NULL, 80000, 29, 'IMP-260227-000029-81A9', '2026-02-27 15:53:49'),
(30, 30, 'inserted', NULL, 1, 188, 188, 'Gustavo', '2026-01-19', '2026-01-20', 'Mapas', 'Mapas', NULL, 27, 70000, 30, 'IMP-260227-000030-81A9', '2026-02-27 15:53:49'),
(31, 31, 'inserted', NULL, 1, 188, 188, 'Cristina', '2026-01-20', '2026-01-21', 'Booking', 'Booking', 8, NULL, 70000, 31, 'IMP-260227-000031-81A9', '2026-02-27 15:53:49'),
(32, 32, 'inserted', NULL, 1, 188, 188, 'Gustavo', '2026-01-22', '2026-01-24', 'Mapas', 'Mapas', NULL, 27, 140000, 32, 'IMP-260227-000032-81AA', '2026-02-27 15:53:49'),
(33, 33, 'inserted', NULL, 1, 188, 188, 'Raul', '2026-01-27', '2026-01-31', 'Booking', 'Booking', 8, NULL, 310000, 33, 'IMP-260227-000033-81AA', '2026-02-27 15:53:49'),
(34, 34, 'inserted', NULL, 1, 188, 188, 'Daniel', '2026-01-31', '2026-02-01', 'Booking', 'Booking', 8, NULL, 200000, 34, 'IMP-260227-000034-81AA', '2026-02-27 15:53:49'),
(35, 35, 'inserted', NULL, 1, 189, 189, 'Adriana', '2026-01-01', '2026-01-04', 'Booking', 'Booking', 8, NULL, NULL, 35, 'IMP-260227-000035-81AA', '2026-02-27 15:53:49'),
(36, 36, 'inserted', NULL, 1, 189, 189, 'Yuna', '2026-01-04', '2026-01-09', 'Booking', 'Booking', 8, NULL, 373700, 36, 'IMP-260227-000036-81AA', '2026-02-27 15:53:49'),
(37, 37, 'inserted', NULL, 1, 189, 189, 'Dilaria', '2026-01-09', '2026-01-12', 'Booking', 'Booking', 8, NULL, 210000, 37, 'IMP-260227-000037-81AA', '2026-02-27 15:53:49'),
(38, 38, 'inserted', NULL, 1, 189, 189, 'Señora aurora', '2026-01-12', '2026-01-13', 'Mapas', 'Mapas', NULL, 27, NULL, 38, 'IMP-260227-000038-81AA', '2026-02-27 15:53:49'),
(39, 39, 'inserted', NULL, 1, 189, 189, 'José', '2026-01-14', '2026-01-16', 'Mapas', 'Mapas', NULL, 27, 120000, 39, 'IMP-260227-000039-81AA', '2026-02-27 15:53:49'),
(40, 40, 'inserted', NULL, 1, 189, 189, 'Monica', '2026-01-16', '2026-01-17', 'Mapas', 'Mapas', NULL, 27, 70000, 40, 'IMP-260227-000040-81AB', '2026-02-27 15:53:49'),
(41, 41, 'inserted', NULL, 1, 189, 189, 'Pam', '2026-01-17', '2026-01-19', 'Mapas', 'Mapas', NULL, 27, 140000, 41, 'IMP-260227-000041-81AB', '2026-02-27 15:53:49'),
(42, 42, 'inserted', NULL, 1, 189, 189, 'José', '2026-01-19', '2026-01-22', 'Mapas', 'Mapas', NULL, 27, 660000, 42, 'IMP-260227-000042-81AB', '2026-02-27 15:53:49'),
(43, 43, 'inserted', NULL, 1, 189, 189, 'Aidé', '2026-01-22', '2026-01-24', 'Booking', 'Booking', 8, NULL, 150000, 43, 'IMP-260227-000043-81AB', '2026-02-27 15:53:49'),
(44, 44, 'inserted', NULL, 1, 189, 189, 'Midori', '2026-01-24', '2026-01-27', 'Booking', 'Booking', 8, NULL, 230000, 44, 'IMP-260227-000044-81AB', '2026-02-27 15:53:49'),
(45, 45, 'inserted', NULL, 1, 189, 189, 'Lena', '2026-01-27', '2026-01-28', 'Booking', 'Booking', 8, NULL, NULL, 45, 'IMP-260227-000045-81AB', '2026-02-27 15:53:49'),
(46, 46, 'inserted', NULL, 1, 189, 189, 'Merlin', '2026-01-29', '2026-01-30', 'Mapas', 'Mapas', NULL, 27, 60000, 46, 'IMP-260227-000046-81AB', '2026-02-27 15:53:49'),
(47, 47, 'inserted', NULL, 1, 189, 189, 'Clement', '2026-01-30', '2026-02-01', 'Booking', 'Booking', 8, NULL, 150000, 47, 'IMP-260227-000047-81AB', '2026-02-27 15:53:49'),
(48, 48, 'inserted', NULL, 1, 190, 190, 'Adriana', '2026-01-01', '2026-01-04', 'Booking', 'Booking', 8, NULL, NULL, 48, 'IMP-260227-000048-81AB', '2026-02-27 15:53:49'),
(49, 49, 'inserted', NULL, 1, 190, 190, 'Jesús', '2026-01-04', '2026-01-09', 'Expedia', 'Expedia', 12, NULL, 390000, 49, 'IMP-260227-000049-81AB', '2026-02-27 15:53:49'),
(50, 50, 'inserted', NULL, 1, 190, 190, 'Jennifer', '2026-01-09', '2026-01-16', 'Expedia', 'Expedia', 12, NULL, 533100, 50, 'IMP-260227-000050-81AC', '2026-02-27 15:53:49'),
(51, 51, 'inserted', NULL, 1, 190, 190, 'Dulce', '2026-01-16', '2026-01-17', 'AirB&B', 'AirB&B', 9, NULL, 70000, 51, 'IMP-260227-000051-81AC', '2026-02-27 15:53:49'),
(52, 52, 'inserted', NULL, 1, 190, 190, 'Jessica', '2026-01-17', '2026-01-22', 'Booking', 'Booking', 8, NULL, 410000, 52, 'IMP-260227-000052-81AC', '2026-02-27 15:53:49'),
(53, 53, 'inserted', NULL, 1, 190, 190, 'José', '2026-01-22', '2026-01-31', 'Mapas', 'Mapas', NULL, 27, NULL, 53, 'IMP-260227-000053-81AC', '2026-02-27 15:53:49'),
(54, 54, 'inserted', NULL, 1, 190, 190, 'Octavio', '2026-01-31', '2026-02-01', 'AirB&B', 'AirB&B', 9, NULL, 160000, 54, 'IMP-260227-000054-81AC', '2026-02-27 15:53:49'),
(55, 55, 'inserted', NULL, 1, 191, 191, 'Abril cancelando pero dar 5041 a aurora', '2026-01-01', '2026-01-06', 'Booking', 'Booking', 8, NULL, 550000, 55, 'IMP-260227-000055-81AC', '2026-02-27 15:53:49'),
(56, 56, 'inserted', NULL, 1, 191, 191, 'Gómez', '2026-01-06', '2026-01-10', 'Mapas', 'Mapas', NULL, 27, 320000, 56, 'IMP-260227-000056-81AC', '2026-02-27 15:53:49'),
(57, 57, 'inserted', NULL, 1, 191, 191, 'Maribel', '2026-01-10', '2026-01-15', 'Expedia', 'Expedia', 12, NULL, 400000, 57, 'IMP-260227-000057-81AC', '2026-02-27 15:53:49'),
(58, 58, 'inserted', NULL, 1, 191, 191, 'Briselda', '2026-01-16', '2026-01-17', 'Booking', 'Booking', 8, NULL, NULL, 58, 'IMP-260227-000058-81AC', '2026-02-27 15:53:49'),
(59, 59, 'inserted', NULL, 1, 191, 191, 'Antonio', '2026-01-17', '2026-01-18', 'Booking', 'Booking', 8, NULL, 80000, 59, 'IMP-260227-000059-81AD', '2026-02-27 15:53:49'),
(60, 60, 'inserted', NULL, 1, 191, 191, 'Aarón', '2026-01-18', '2026-01-20', 'Expedia', 'Expedia', 12, NULL, 160000, 60, 'IMP-260227-000060-81AD', '2026-02-27 15:53:49'),
(61, 61, 'inserted', NULL, 1, 191, 191, 'Daniela', '2026-01-20', '2026-01-24', 'Booking', 'Booking', 8, NULL, 300000, 61, 'IMP-260227-000061-81AD', '2026-02-27 15:53:49'),
(62, 62, 'inserted', NULL, 1, 191, 191, 'Carlos', '2026-01-24', '2026-01-25', 'Booking', 'Booking', 8, NULL, 75000, 62, 'IMP-260227-000062-81AD', '2026-02-27 15:53:49'),
(63, 63, 'inserted', NULL, 1, 191, 191, 'María', '2026-01-26', '2026-01-27', 'Booking', 'Booking', 8, NULL, 75000, 63, 'IMP-260227-000063-81AD', '2026-02-27 15:53:49'),
(64, 64, 'inserted', NULL, 1, 191, 191, 'Daisy', '2026-01-29', '2026-01-31', 'Booking', 'Booking', 8, NULL, 140000, 64, 'IMP-260227-000064-81AD', '2026-02-27 15:53:49'),
(65, 65, 'inserted', NULL, 1, 191, 191, 'Antonio', '2026-01-31', '2026-02-01', 'Booking', 'Booking', 8, NULL, 90000, 65, 'IMP-260227-000065-81AD', '2026-02-27 15:53:49'),
(66, 66, 'inserted', NULL, 1, 192, 192, 'Isarel', '2026-01-01', '2026-01-02', 'Expedia', 'Expedia', 12, NULL, NULL, 66, 'IMP-260227-000066-81AD', '2026-02-27 15:53:49'),
(67, 67, 'inserted', NULL, 1, 192, 192, 'Eliot', '2026-01-02', '2026-01-04', 'Mapas', 'Mapas', NULL, 27, 240000, 67, 'IMP-260227-000067-81AD', '2026-02-27 15:53:49'),
(68, 68, 'inserted', NULL, 1, 192, 192, 'Jose', '2026-01-05', '2026-01-12', 'Mapas', 'Mapas', NULL, 27, 490000, 68, 'IMP-260227-000068-81AE', '2026-02-27 15:53:49'),
(69, 69, 'inserted', NULL, 1, 192, 192, 'José', '2026-01-12', '2026-01-14', 'Mapas', 'Mapas', NULL, 27, 140000, 69, 'IMP-260227-000069-81AE', '2026-02-27 15:53:49'),
(70, 70, 'inserted', NULL, 1, 192, 192, 'Chiara', '2026-01-14', '2026-01-15', 'Booking', 'Booking', 8, NULL, 85000, 70, 'IMP-260227-000070-81AE', '2026-02-27 15:53:49'),
(71, 71, 'inserted', NULL, 1, 192, 192, 'Miguel Ángel', '2026-01-16', '2026-01-19', 'Mapas', 'Mapas', NULL, 27, 240000, 71, 'IMP-260227-000071-81AE', '2026-02-27 15:53:49'),
(72, 72, 'inserted', NULL, 1, 192, 192, 'Alberede', '2026-01-19', '2026-01-21', 'Booking', 'Booking', 8, NULL, 140000, 72, 'IMP-260227-000072-81AE', '2026-02-27 15:53:49'),
(73, 73, 'inserted', NULL, 1, 192, 192, 'Amber', '2026-01-21', '2026-01-28', 'Booking', 'Booking', 8, NULL, 509000, 73, 'IMP-260227-000073-81AE', '2026-02-27 15:53:49'),
(74, 74, 'inserted', NULL, 1, 192, 192, 'Lena', '2026-01-28', '2026-01-31', 'Booking', 'Booking', 8, NULL, 320000, 74, 'IMP-260227-000074-81AE', '2026-02-27 15:53:49'),
(75, 75, 'inserted', NULL, 1, 192, 192, 'Maria Magdalena *200*', '2026-01-31', '2026-02-01', 'Mapas', 'Mapas', NULL, 27, 160000, 75, 'IMP-260227-000075-81AE', '2026-02-27 15:53:49'),
(76, 76, 'inserted', NULL, 3, 170, 170, 'Anely', '2026-01-01', '2026-01-02', 'Booking', 'Booking', 8, NULL, 270000, 76, 'IMP-260227-000076-81AF', '2026-02-27 15:53:49'),
(77, 77, 'inserted', NULL, 3, 170, 170, 'Lorena *1056*', '2026-01-02', '2026-01-06', 'Booking', 'Booking', 8, NULL, 845000, 77, 'IMP-260227-000077-81AF', '2026-02-27 15:53:49'),
(78, 78, 'inserted', NULL, 3, 170, 170, 'Fer', '2026-01-06', '2026-01-07', 'Mapas', 'Mapas', NULL, 27, 100000, 78, 'IMP-260227-000078-81AF', '2026-02-27 15:53:49'),
(79, 79, 'inserted', NULL, 3, 170, 170, 'Douglas', '2026-01-07', '2026-01-08', 'Expedia', 'Expedia', 12, NULL, 70000, 79, 'IMP-260227-000079-81AF', '2026-02-27 15:53:49'),
(80, 80, 'inserted', NULL, 3, 170, 170, 'Douglas extension', '2026-01-08', '2026-01-09', 'Expedia', 'Expedia', 12, NULL, 70000, 80, 'IMP-260227-000080-81AF', '2026-02-27 15:53:49'),
(81, 81, 'inserted', NULL, 3, 170, 170, 'Regalado *882*', '2026-01-09', '2026-01-12', 'AirB&B', 'AirB&B', 9, NULL, 264600, 81, 'IMP-260227-000081-81AF', '2026-02-27 15:53:49'),
(82, 82, 'inserted', NULL, 3, 170, 170, 'Regalado', '2026-01-12', '2026-01-13', 'AirB&B', 'AirB&B', 9, NULL, 88200, 82, 'IMP-260227-000082-81AF', '2026-02-27 15:53:49'),
(83, 83, 'inserted', NULL, 3, 170, 170, 'Macarena', '2026-01-14', '2026-01-16', 'AirB&B', 'AirB&B', 9, NULL, 240000, 83, 'IMP-260227-000083-81AF', '2026-02-27 15:53:49'),
(84, 84, 'inserted', NULL, 3, 170, 170, 'Annie', '2026-01-16', '2026-01-17', 'Booking', 'Booking', 8, NULL, 50000, 84, 'IMP-260227-000084-81B0', '2026-02-27 15:53:49'),
(85, 85, 'inserted', NULL, 3, 170, 170, 'Hayde', '2026-01-17', '2026-01-19', 'Booking', 'Booking', 8, NULL, 160000, 85, 'IMP-260227-000085-81B0', '2026-02-27 15:53:49'),
(86, 86, 'inserted', NULL, 3, 170, 170, 'Daniel', '2026-01-20', '2026-01-21', 'Mapas', 'Mapas', NULL, 27, 60000, 86, 'IMP-260227-000086-81B0', '2026-02-27 15:53:49'),
(87, 87, 'inserted', NULL, 3, 170, 170, 'Claudia', '2026-01-22', '2026-01-26', 'Booking', 'Booking', 8, NULL, NULL, 87, 'IMP-260227-000087-81B0', '2026-02-27 15:53:49'),
(88, 88, 'inserted', NULL, 3, 170, 170, 'Alexander *857*', '2026-01-26', '2026-02-01', 'Booking', 'Booking', 8, NULL, 514100, 88, 'IMP-260227-000088-81B0', '2026-02-27 15:53:49'),
(89, 89, 'inserted', NULL, 3, 175, 175, 'Sara', '2026-01-01', '2026-01-02', 'Mapas', 'Mapas', NULL, 27, 160000, 89, 'IMP-260227-000089-81B0', '2026-02-27 15:53:49'),
(90, 90, 'inserted', NULL, 3, 175, 175, 'Dennis *1213*', '2026-01-02', '2026-01-05', 'Booking', 'Booking', 8, NULL, 364100, 90, 'IMP-260227-000090-81B0', '2026-02-27 15:53:49'),
(91, 91, 'inserted', NULL, 3, 175, 175, 'Rose', '2026-01-05', '2026-01-06', 'Expedia', 'Expedia', 12, NULL, 70000, 91, 'IMP-260227-000091-81B1', '2026-02-27 15:53:49'),
(92, 92, 'inserted', NULL, 3, 175, 175, 'Eric', '2026-01-07', '2026-01-08', 'AirB&B', 'AirB&B', 9, NULL, 70000, 92, 'IMP-260227-000092-81B1', '2026-02-27 15:53:49'),
(93, 93, 'inserted', NULL, 3, 175, 175, 'Brisa **', '2026-01-08', '2026-01-11', 'AirB&B', 'AirB&B', 9, NULL, 80000, 93, 'IMP-260227-000093-81B1', '2026-02-27 15:53:49'),
(94, 94, 'inserted', NULL, 3, 175, 175, 'Guo', '2026-01-11', '2026-01-12', 'Mapas', 'Mapas', NULL, 27, 60000, 94, 'IMP-260227-000094-81B1', '2026-02-27 15:53:49'),
(95, 95, 'inserted', NULL, 3, 175, 175, 'Luz', '2026-01-15', '2026-01-16', 'Booking', 'Booking', 8, NULL, 115000, 95, 'IMP-260227-000095-81B1', '2026-02-27 15:53:49'),
(96, 96, 'inserted', NULL, 3, 175, 175, 'Salome', '2026-01-16', '2026-01-21', 'AirB&B', 'AirB&B', 9, NULL, NULL, 96, 'IMP-260227-000096-81B1', '2026-02-27 15:53:49'),
(97, 97, 'inserted', NULL, 3, 175, 175, 'Eibh', '2026-01-21', '2026-01-22', 'Booking', 'Booking', 8, NULL, 60000, 97, 'IMP-260227-000097-81B1', '2026-02-27 15:53:49'),
(98, 98, 'inserted', NULL, 3, 175, 175, 'Jorge', '2026-01-22', '2026-01-23', 'Booking', 'Booking', 8, NULL, 60000, 98, 'IMP-260227-000098-81B1', '2026-02-27 15:53:49'),
(99, 99, 'inserted', NULL, 3, 175, 175, 'Jorge', '2026-01-23', '2026-01-24', 'Booking', 'Booking', 8, NULL, 60000, 99, 'IMP-260227-000099-81B1', '2026-02-27 15:53:49'),
(100, 100, 'inserted', NULL, 3, 175, 175, 'Laura **', '2026-01-24', '2026-01-25', 'Booking', 'Booking', 8, NULL, 62000, 100, 'IMP-260227-000100-81B1', '2026-02-27 15:53:49'),
(101, 101, 'inserted', NULL, 3, 175, 175, 'Mariana **', '2026-01-25', '2026-01-26', 'AirB&B', 'AirB&B', 9, NULL, 99700, 101, 'IMP-260227-000101-81B2', '2026-02-27 15:53:49'),
(102, 102, 'inserted', NULL, 3, 175, 175, 'Mariela *714*', '2026-01-27', '2026-02-01', 'AirB&B', 'AirB&B', 9, NULL, 357200, 102, 'IMP-260227-000102-81B2', '2026-02-27 15:53:49'),
(103, 103, 'inserted', NULL, 3, 172, 172, 'Miguel*', '2026-01-01', '2026-01-02', 'AirB&B', 'AirB&B', 9, NULL, 150000, 103, 'IMP-260227-000103-81B2', '2026-02-27 15:53:49'),
(104, 104, 'inserted', NULL, 3, 172, 172, 'Giadalh', '2026-01-02', '2026-01-03', 'Mapas', 'Mapas', NULL, 27, 160000, 104, 'IMP-260227-000104-81B2', '2026-02-27 15:53:49'),
(105, 105, 'inserted', NULL, 3, 172, 172, 'Pau', '2026-01-03', '2026-01-04', 'Mapas', 'Mapas', NULL, 27, 80000, 105, 'IMP-260227-000105-81B2', '2026-02-27 15:53:49'),
(106, 106, 'inserted', NULL, 3, 172, 172, 'Monn', '2026-01-04', '2026-01-06', 'AirB&B', 'AirB&B', 9, NULL, 160000, 106, 'IMP-260227-000106-81B2', '2026-02-27 15:53:49'),
(107, 107, 'inserted', NULL, 3, 172, 172, 'Timo', '2026-01-06', '2026-01-07', 'Expedia', 'Expedia', 12, NULL, 70000, 107, 'IMP-260227-000107-81B2', '2026-02-27 15:53:49'),
(108, 108, 'inserted', NULL, 3, 172, 172, 'Brisa', '2026-01-07', '2026-01-08', 'AirB&B', 'AirB&B', 9, NULL, 320000, 108, 'IMP-260227-000108-81B2', '2026-02-27 15:53:49'),
(109, 109, 'inserted', NULL, 3, 172, 172, 'NICOLAS', '2026-01-08', '2026-01-09', 'Mapas', 'Mapas', NULL, 27, 100000, 109, 'IMP-260227-000109-81B2', '2026-02-27 15:53:49'),
(110, 110, 'inserted', NULL, 3, 172, 172, 'Néstor', '2026-01-09', '2026-01-10', 'Mapas', 'Mapas', NULL, 27, 70000, 110, 'IMP-260227-000110-81B2', '2026-02-27 15:53:49'),
(111, 111, 'inserted', NULL, 3, 172, 172, 'Gerardo', '2026-01-10', '2026-01-11', 'Mapas', 'Mapas', NULL, 27, 170000, 111, 'IMP-260227-000111-81B2', '2026-02-27 15:53:49'),
(112, 112, 'inserted', NULL, 3, 172, 172, 'X', '2026-01-15', '2026-01-17', 'Mapas', 'Mapas', NULL, 27, 180000, 112, 'IMP-260227-000112-81B3', '2026-02-27 15:53:49'),
(113, 113, 'inserted', NULL, 3, 172, 172, 'Gladis', '2026-01-17', '2026-01-18', 'Mapas', 'Mapas', NULL, 27, 70000, 113, 'IMP-260227-000113-81B3', '2026-02-27 15:53:49'),
(114, 114, 'inserted', NULL, 3, 172, 172, 'Ailyn', '2026-01-18', '2026-01-19', 'Mapas', 'Mapas', NULL, 27, 80000, 114, 'IMP-260227-000114-81B3', '2026-02-27 15:53:49'),
(115, 115, 'inserted', NULL, 3, 172, 172, 'Miri', '2026-01-22', '2026-01-23', 'Mapas', 'Mapas', NULL, 27, 60000, 115, 'IMP-260227-000115-81B3', '2026-02-27 15:53:49'),
(116, 116, 'inserted', NULL, 3, 172, 172, 'Jazmin', '2026-01-23', '2026-01-24', 'Mapas', 'Mapas', NULL, 27, 70000, 116, 'IMP-260227-000116-81B3', '2026-02-27 15:53:49'),
(117, 117, 'inserted', NULL, 3, 172, 172, 'Escarlet', '2026-01-24', '2026-01-31', 'Booking', 'Booking', 8, NULL, 460000, 117, 'IMP-260227-000117-81B3', '2026-02-27 15:53:49'),
(118, 118, 'inserted', NULL, 3, 172, 172, 'Juan Diego', '2026-01-31', '2026-02-01', 'AirB&B', 'AirB&B', 9, NULL, 90000, 118, 'IMP-260227-000118-81B3', '2026-02-27 15:53:49'),
(119, 119, 'inserted', NULL, 3, 173, 173, 'Amir **', '2026-01-01', '2026-01-02', 'Booking', 'Booking', 8, NULL, 139700, 119, 'IMP-260227-000119-81B3', '2026-02-27 15:53:49'),
(120, 120, 'inserted', NULL, 3, 173, 173, 'Lorena', '2026-01-02', '2026-01-03', 'Booking', 'Booking', 8, NULL, NULL, 120, 'IMP-260227-000120-81B3', '2026-02-27 15:53:49'),
(121, 121, 'inserted', NULL, 3, 173, 173, 'Darwin liz', '2026-01-03', '2026-01-04', 'Mapas', 'Mapas', NULL, 27, 80000, 121, 'IMP-260227-000121-81B3', '2026-02-27 15:53:49'),
(122, 122, 'inserted', NULL, 3, 173, 173, 'Angel', '2026-01-04', '2026-01-07', 'AirB&B', 'AirB&B', 9, NULL, 210000, 122, 'IMP-260227-000122-81B4', '2026-02-27 15:53:49'),
(123, 123, 'inserted', NULL, 3, 173, 173, 'Estrella', '2026-01-07', '2026-01-08', 'AirB&B', 'AirB&B', 9, NULL, 80000, 123, 'IMP-260227-000123-81B4', '2026-02-27 15:53:49'),
(124, 124, 'inserted', NULL, 3, 173, 173, 'Douglas', '2026-01-09', '2026-01-10', 'Expedia', 'Expedia', 12, NULL, NULL, 124, 'IMP-260227-000124-81B4', '2026-02-27 15:53:49'),
(125, 125, 'inserted', NULL, 3, 173, 173, 'Olesia', '2026-01-10', '2026-01-24', 'AirB&B', 'AirB&B', 9, NULL, 840000, 125, 'IMP-260227-000125-81B4', '2026-02-27 15:53:49'),
(126, 126, 'inserted', NULL, 3, 173, 173, 'Annie', '2026-01-24', '2026-01-30', 'Booking', 'Booking', 8, NULL, 370000, 126, 'IMP-260227-000126-81B4', '2026-02-27 15:53:49'),
(127, 127, 'inserted', NULL, 3, 173, 173, 'María', '2026-01-30', '2026-02-01', 'Booking', 'Booking', 8, NULL, 136000, 127, 'IMP-260227-000127-81B4', '2026-02-27 15:53:49'),
(128, 128, 'inserted', NULL, 3, 174, 174, 'Alejandro *933*', '2026-01-01', '2026-01-04', 'AirB&B', 'AirB&B', 9, NULL, 280000, 128, 'IMP-260227-000128-81B4', '2026-02-27 15:53:49'),
(129, 129, 'inserted', NULL, 3, 174, 174, 'Max', '2026-01-04', '2026-01-08', 'AirB&B', 'AirB&B', 9, NULL, 320000, 129, 'IMP-260227-000129-81B4', '2026-02-27 15:53:49'),
(130, 130, 'inserted', NULL, 3, 174, 174, 'Luis', '2026-01-09', '2026-01-10', 'Mapas', 'Mapas', NULL, 27, 70000, 130, 'IMP-260227-000130-81B4', '2026-02-27 15:53:49'),
(131, 131, 'inserted', NULL, 3, 174, 174, 'Laura', '2026-01-10', '2026-01-11', 'Mapas', 'Mapas', NULL, 27, 70000, 131, 'IMP-260227-000131-81B4', '2026-02-27 15:53:49'),
(132, 132, 'inserted', NULL, 3, 174, 174, 'Luz', '2026-01-15', '2026-01-16', 'Booking', 'Booking', 8, NULL, 57500, 132, 'IMP-260227-000132-81B5', '2026-02-27 15:53:49'),
(133, 133, 'inserted', NULL, 3, 174, 174, 'Pam', '2026-01-16', '2026-01-17', 'Mapas', 'Mapas', NULL, 27, 65000, 133, 'IMP-260227-000133-81B5', '2026-02-27 15:53:49'),
(134, 134, 'inserted', NULL, 3, 174, 174, 'Itzel', '2026-01-17', '2026-01-18', 'Mapas', 'Mapas', NULL, 27, 60000, 134, 'IMP-260227-000134-81B5', '2026-02-27 15:53:49'),
(135, 135, 'inserted', NULL, 3, 174, 174, 'Antonio ****', '2026-01-18', '2026-01-21', 'AirB&B', 'AirB&B', 9, NULL, 2147483647, 135, 'IMP-260227-000135-81B5', '2026-02-27 15:53:49'),
(136, 136, 'inserted', NULL, 3, 174, 174, 'Aldo', '2026-01-21', '2026-01-22', 'Booking', 'Booking', 8, NULL, 60000, 136, 'IMP-260227-000136-81B5', '2026-02-27 15:53:49'),
(137, 137, 'inserted', NULL, 3, 174, 174, 'Claudia Flores *750*', '2026-01-22', '2026-01-26', 'Booking', 'Booking', 8, NULL, 900000, 137, 'IMP-260227-000137-81B5', '2026-02-27 15:53:49'),
(138, 138, 'inserted', NULL, 3, 174, 174, 'Cinthya', '2026-01-26', '2026-01-27', 'Mapas', 'Mapas', NULL, 27, 70000, 138, 'IMP-260227-000138-81B5', '2026-02-27 15:53:49'),
(139, 139, 'inserted', NULL, 3, 174, 174, 'Olesia *600*', '2026-01-27', '2026-02-01', 'AirB&B', 'AirB&B', 9, NULL, 300000, 139, 'IMP-260227-000139-81B5', '2026-02-27 15:53:49'),
(140, 140, 'inserted', NULL, 3, 171, 171, 'monica', '2026-01-01', '2026-01-03', 'Booking', 'Booking', 8, NULL, 400000, 140, 'IMP-260227-000140-81B5', '2026-02-27 15:53:49'),
(141, 141, 'inserted', NULL, 3, 171, 171, 'Lorena', '2026-01-03', '2026-01-06', 'Booking', 'Booking', 8, NULL, NULL, 141, 'IMP-260227-000141-81B5', '2026-02-27 15:53:49'),
(142, 142, 'inserted', NULL, 3, 171, 171, 'Uriela', '2026-01-06', '2026-01-07', 'Mapas', 'Mapas', NULL, 27, 100000, 142, 'IMP-260227-000142-81B5', '2026-02-27 15:53:49'),
(143, 143, 'inserted', NULL, 3, 171, 171, 'Nicolas', '2026-01-08', '2026-01-09', 'Mapas', 'Mapas', NULL, 27, 100000, 143, 'IMP-260227-000143-81B6', '2026-02-27 15:53:49'),
(144, 144, 'inserted', NULL, 3, 171, 171, 'jose', '2026-01-09', '2026-01-10', 'Mapas', 'Mapas', NULL, 27, 110000, 144, 'IMP-260227-000144-81B6', '2026-02-27 15:53:49'),
(145, 145, 'inserted', NULL, 3, 171, 171, 'Gerardo', '2026-01-10', '2026-01-11', 'Mapas', 'Mapas', NULL, 27, NULL, 145, 'IMP-260227-000145-81B6', '2026-02-27 15:53:49'),
(146, 146, 'inserted', NULL, 3, 171, 171, 'Gerardo', '2026-01-11', '2026-01-12', 'Mapas', 'Mapas', NULL, 27, 100000, 146, 'IMP-260227-000146-81B6', '2026-02-27 15:53:49'),
(147, 147, 'inserted', NULL, 3, 171, 171, 'Salome', '2026-01-15', '2026-01-16', 'AirB&B', 'AirB&B', 9, NULL, 500000, 147, 'IMP-260227-000147-81B6', '2026-02-27 15:53:49'),
(148, 148, 'inserted', NULL, 3, 171, 171, 'Raúl', '2026-01-16', '2026-01-17', 'Booking', 'Booking', 8, NULL, 60000, 148, 'IMP-260227-000148-81B6', '2026-02-27 15:53:49'),
(149, 149, 'inserted', NULL, 3, 171, 171, 'Duke', '2026-01-17', '2026-01-18', 'Booking', 'Booking', 8, NULL, 80000, 149, 'IMP-260227-000149-81B6', '2026-02-27 15:53:49'),
(150, 150, 'inserted', NULL, 3, 171, 171, 'Diana ****', '2026-01-18', '2026-01-21', 'Mapas', 'Mapas', NULL, 27, 210000, 150, 'IMP-260227-000150-81B6', '2026-02-27 15:53:49'),
(151, 151, 'inserted', NULL, 3, 171, 171, 'Diana', '2026-01-21', '2026-01-22', 'Mapas', 'Mapas', NULL, 27, 70000, 151, 'IMP-260227-000151-81B6', '2026-02-27 15:53:49'),
(152, 152, 'inserted', NULL, 3, 171, 171, 'Armando*1000', '2026-01-27', '2026-01-29', 'Mapas', 'Mapas', NULL, 27, 200000, 152, 'IMP-260227-000152-81B6', '2026-02-27 15:53:49'),
(153, 153, 'inserted', NULL, 3, 171, 171, 'Mon', '2026-01-29', '2026-01-30', 'Mapas', 'Mapas', NULL, 27, 70000, 153, 'IMP-260227-000153-81B7', '2026-02-27 15:53:49'),
(154, 154, 'inserted', NULL, 3, 171, 171, 'Graham', '2026-01-30', '2026-02-01', 'Booking', 'Booking', 8, NULL, 176000, 154, 'IMP-260227-000154-81B7', '2026-02-27 15:53:49'),
(155, 155, 'skipped', 'cuarto no valido para propiedad (id/code): 226', 5, 226, NULL, 'Sara', '2026-01-01', '2026-01-03', 'Booking', NULL, NULL, NULL, NULL, NULL, NULL, '2026-02-27 15:53:49'),
(156, 156, 'skipped', 'cuarto no valido para propiedad (id/code): 226', 5, 226, NULL, 'Angel', '2026-01-03', '2026-01-04', 'AirB&B', NULL, NULL, NULL, NULL, NULL, NULL, '2026-02-27 15:53:49'),
(157, 157, 'skipped', 'cuarto no valido para propiedad (id/code): 226', 5, 226, NULL, 'Evelyn', '2026-01-04', '2026-01-10', 'Booking', NULL, NULL, NULL, NULL, NULL, NULL, '2026-02-27 15:53:49'),
(158, 158, 'skipped', 'cuarto no valido para propiedad (id/code): 226', 5, 226, NULL, 'Emmanuelle', '2026-01-10', '2026-01-16', 'Booking', NULL, NULL, NULL, NULL, NULL, NULL, '2026-02-27 15:53:49'),
(159, 159, 'skipped', 'cuarto no valido para propiedad (id/code): 226', 5, 226, NULL, 'Imad', '2026-01-17', '2026-01-19', 'AirB&B', NULL, NULL, NULL, NULL, NULL, NULL, '2026-02-27 15:53:49'),
(160, 160, 'skipped', 'cuarto no valido para propiedad (id/code): 226', 5, 226, NULL, 'Darwin', '2026-01-27', '2026-01-28', 'Mapas', NULL, NULL, NULL, NULL, NULL, NULL, '2026-02-27 15:53:49'),
(161, 161, 'skipped', 'cuarto no valido para propiedad (id/code): 226', 5, 226, NULL, 'Juliana', '2026-01-29', '2026-01-30', 'Mapas', NULL, NULL, NULL, NULL, NULL, NULL, '2026-02-27 15:53:49'),
(162, 162, 'skipped', 'cuarto no valido para propiedad (id/code): 227', 5, 227, NULL, 'David', '2026-01-01', '2026-01-20', 'Expedia', NULL, NULL, NULL, NULL, NULL, NULL, '2026-02-27 15:53:49'),
(163, 163, 'skipped', 'cuarto no valido para propiedad (id/code): 227', 5, 227, NULL, 'David', '2026-01-21', '2026-01-23', 'Mapas', NULL, NULL, NULL, NULL, NULL, NULL, '2026-02-27 15:53:49'),
(164, 164, 'skipped', 'cuarto no valido para propiedad (id/code): 227', 5, 227, NULL, 'Jonathan', '2026-01-23', '2026-01-27', 'AirB&B', NULL, NULL, NULL, NULL, NULL, NULL, '2026-02-27 15:53:49'),
(165, 165, 'skipped', 'cuarto no valido para propiedad (id/code): 227', 5, 227, NULL, 'Felipe', '2026-01-29', '2026-01-30', 'AirB&B', NULL, NULL, NULL, NULL, NULL, NULL, '2026-02-27 15:53:49'),
(166, 166, 'skipped', 'cuarto no valido para propiedad (id/code): 227', 5, 227, NULL, 'Raúl', '2026-01-31', '2026-02-01', 'Booking', NULL, NULL, NULL, NULL, NULL, NULL, '2026-02-27 15:53:49'),
(167, 167, 'skipped', 'cuarto no valido para propiedad (id/code): 228', 5, 228, NULL, 'Alexia', '2026-01-01', '2026-01-03', 'Mapas', NULL, NULL, NULL, NULL, NULL, NULL, '2026-02-27 15:53:49'),
(168, 168, 'skipped', 'cuarto no valido para propiedad (id/code): 228', 5, 228, NULL, 'Dennis', '2026-01-03', '2026-01-04', 'AirB&B', NULL, NULL, NULL, NULL, NULL, NULL, '2026-02-27 15:53:49'),
(169, 169, 'skipped', 'cuarto no valido para propiedad (id/code): 228', 5, 228, NULL, 'Emily', '2026-01-04', '2026-01-05', 'AirB&B', NULL, NULL, NULL, NULL, NULL, NULL, '2026-02-27 15:53:49'),
(170, 170, 'skipped', 'cuarto no valido para propiedad (id/code): 228', 5, 228, NULL, 'Sheyla', '2026-01-05', '2026-01-06', 'Mapas', NULL, NULL, NULL, NULL, NULL, NULL, '2026-02-27 15:53:49'),
(171, 171, 'skipped', 'cuarto no valido para propiedad (id/code): 228', 5, 228, NULL, 'Tscholks', '2026-01-07', '2026-01-09', 'AirB&B', NULL, NULL, NULL, NULL, NULL, NULL, '2026-02-27 15:53:49'),
(172, 172, 'skipped', 'cuarto no valido para propiedad (id/code): 228', 5, 228, NULL, 'Cecilia', '2026-01-10', '2026-01-11', 'Expedia', NULL, NULL, NULL, NULL, NULL, NULL, '2026-02-27 15:53:49'),
(173, 173, 'skipped', 'cuarto no valido para propiedad (id/code): 228', 5, 228, NULL, 'T', '2026-01-14', '2026-01-15', 'AirB&B', NULL, NULL, NULL, NULL, NULL, NULL, '2026-02-27 15:53:49'),
(174, 174, 'skipped', 'cuarto no valido para propiedad (id/code): 228', 5, 228, NULL, 'louse', '2026-01-17', '2026-01-18', 'Booking', NULL, NULL, NULL, NULL, NULL, NULL, '2026-02-27 15:53:49'),
(175, 175, 'skipped', 'cuarto no valido para propiedad (id/code): 228', 5, 228, NULL, 'Andreas', '2026-01-23', '2026-01-30', 'AirB&B', NULL, NULL, NULL, NULL, NULL, NULL, '2026-02-27 15:53:49'),
(176, 176, 'skipped', 'cuarto no valido para propiedad (id/code): 228', 5, 228, NULL, 'Anderson', '2026-01-30', '2026-02-01', 'AirB&B', NULL, NULL, NULL, NULL, NULL, NULL, '2026-02-27 15:53:49'),
(177, 177, 'skipped', 'cuarto no valido para propiedad (id/code): 229', 5, 229, NULL, 'Daniela', '2026-01-01', '2026-01-04', 'AirB&B', NULL, NULL, NULL, NULL, NULL, NULL, '2026-02-27 15:53:49'),
(178, 178, 'skipped', 'cuarto no valido para propiedad (id/code): 229', 5, 229, NULL, 'Manuel', '2026-01-05', '2026-01-06', 'Mapas', NULL, NULL, NULL, NULL, NULL, NULL, '2026-02-27 15:53:49'),
(179, 179, 'skipped', 'cuarto no valido para propiedad (id/code): 229', 5, 229, NULL, 'Roberto', '2026-01-07', '2026-01-09', 'Mapas', NULL, NULL, NULL, NULL, NULL, NULL, '2026-02-27 15:53:49'),
(180, 180, 'skipped', 'cuarto no valido para propiedad (id/code): 229', 5, 229, NULL, 'Carlos', '2026-01-10', '2026-01-11', 'Mapas', NULL, NULL, NULL, NULL, NULL, NULL, '2026-02-27 15:53:49'),
(181, 181, 'skipped', 'cuarto no valido para propiedad (id/code): 229', 5, 229, NULL, 'Mario', '2026-01-13', '2026-01-14', 'Mapas', NULL, NULL, NULL, NULL, NULL, NULL, '2026-02-27 15:53:49'),
(182, 182, 'skipped', 'cuarto no valido para propiedad (id/code): 229', 5, 229, NULL, 'Francisco', '2026-01-14', '2026-01-15', 'Mapas', NULL, NULL, NULL, NULL, NULL, NULL, '2026-02-27 15:53:49'),
(183, 183, 'skipped', 'cuarto no valido para propiedad (id/code): 229', 5, 229, NULL, 'Juan', '2026-01-27', '2026-01-28', 'Mapas', NULL, NULL, NULL, NULL, NULL, NULL, '2026-02-27 15:53:49'),
(184, 184, 'skipped', 'cuarto no valido para propiedad (id/code): 229', 5, 229, NULL, 'Nayeli', '2026-01-28', '2026-01-31', 'Mapas', NULL, NULL, NULL, NULL, NULL, NULL, '2026-02-27 15:53:49'),
(185, 185, 'skipped', 'cuarto no valido para propiedad (id/code): 229', 5, 229, NULL, 'Eric', '2026-01-31', '2026-02-01', 'AirB&B', NULL, NULL, NULL, NULL, NULL, NULL, '2026-02-27 15:53:49'),
(186, 186, 'inserted', NULL, 4, 184, 184, 'Laura', '2026-01-13', '2026-01-15', 'AirB&B', 'AirB&B', 9, NULL, 160000, 155, 'IMP-260227-000186-81B8', '2026-02-27 15:53:49'),
(187, 187, 'inserted', NULL, 4, 184, 184, 'Claudia 500 depósito', '2026-01-29', '2026-02-01', 'Mapas', 'Mapas', NULL, 27, 440000, 156, 'IMP-260227-000187-81B8', '2026-02-27 15:53:49'),
(188, 188, 'inserted', NULL, 4, 185, 185, 'Jenna', '2026-01-01', '2026-01-21', 'AirB&B', 'AirB&B', 9, NULL, 1800000, 157, 'IMP-260227-000188-81B8', '2026-02-27 15:53:49'),
(189, 189, 'inserted', NULL, 4, 185, 185, 'Jenna', '2026-01-21', '2026-02-01', 'AirB&B', 'AirB&B', 9, NULL, 1800000, 158, 'IMP-260227-000189-81B8', '2026-02-27 15:53:49'),
(190, 190, 'inserted', NULL, 6, 177, 177, 'Mathia', '2026-01-01', '2026-01-04', 'Booking', 'Booking', 8, NULL, NULL, 159, 'IMP-260227-000190-81B8', '2026-02-27 15:53:49'),
(191, 191, 'inserted', NULL, 6, 177, 177, 'Belén', '2026-01-04', '2026-01-09', 'AirB&B', 'AirB&B', 9, NULL, 730000, 160, 'IMP-260227-000191-81B8', '2026-02-27 15:53:49'),
(192, 192, 'inserted', NULL, 6, 177, 177, 'Belén', '2026-01-09', '2026-01-10', 'AirB&B', 'AirB&B', 9, NULL, 150000, 161, 'IMP-260227-000192-81B8', '2026-02-27 15:53:49'),
(193, 193, 'inserted', NULL, 6, 177, 177, 'Benjamin', '2026-01-10', '2026-01-12', 'Booking', 'Booking', 8, NULL, 339800, 162, 'IMP-260227-000193-81B8', '2026-02-27 15:53:49'),
(194, 194, 'inserted', NULL, 6, 177, 177, 'Daniel', '2026-01-18', '2026-01-21', 'Mapas', 'Mapas', NULL, 27, 450000, 163, 'IMP-260227-000194-81B8', '2026-02-27 15:53:49'),
(195, 195, 'inserted', NULL, 6, 177, 177, 'Jeffrey', '2026-01-22', '2026-01-25', 'AirB&B', 'AirB&B', 9, NULL, 462400, 164, 'IMP-260227-000195-81B9', '2026-02-27 15:53:49'),
(196, 196, 'inserted', NULL, 6, 177, 177, 'Guillermina', '2026-01-25', '2026-01-29', 'AirB&B', 'AirB&B', 9, NULL, 700000, 165, 'IMP-260227-000196-81B9', '2026-02-27 15:53:49'),
(197, 197, 'inserted', NULL, 6, 177, 177, 'Abigail', '2026-01-29', '2026-02-01', 'AirB&B', 'AirB&B', 9, NULL, 568500, 166, 'IMP-260227-000197-81B9', '2026-02-27 15:53:49'),
(198, 198, 'inserted', NULL, 6, 178, 178, 'Mariana', '2026-01-01', '2026-01-02', 'Booking', 'Booking', 8, NULL, NULL, 167, 'IMP-260227-000198-81B9', '2026-02-27 15:53:49'),
(199, 199, 'inserted', NULL, 6, 178, 178, 'isac', '2026-01-02', '2026-01-04', 'AirB&B', 'AirB&B', 9, NULL, 340000, 168, 'IMP-260227-000199-81B9', '2026-02-27 15:53:49'),
(200, 200, 'inserted', NULL, 6, 178, 178, 'Antonio', '2026-01-04', '2026-01-05', 'AirB&B', 'AirB&B', 9, NULL, 180000, 169, 'IMP-260227-000200-81B9', '2026-02-27 15:53:49'),
(201, 201, 'inserted', NULL, 6, 178, 178, 'Fracisco', '2026-01-08', '2026-01-11', 'Booking', 'Booking', 8, NULL, 431300, 170, 'IMP-260227-000201-81B9', '2026-02-27 15:53:49'),
(202, 202, 'inserted', NULL, 6, 178, 178, 'Jaime', '2026-01-11', '2026-01-13', 'Expedia', 'Expedia', 12, NULL, 267000, 171, 'IMP-260227-000202-81B9', '2026-02-27 15:53:49'),
(203, 203, 'inserted', NULL, 6, 178, 178, 'Sebastián', '2026-01-16', '2026-01-20', 'Expedia', 'Expedia', 12, NULL, 520000, 172, 'IMP-260227-000203-81B9', '2026-02-27 15:53:49'),
(204, 204, 'inserted', NULL, 6, 178, 178, 'Viktor', '2026-01-21', '2026-01-22', 'AirB&B', 'AirB&B', 9, NULL, 130000, 173, 'IMP-260227-000204-81B9', '2026-02-27 15:53:49'),
(205, 205, 'inserted', NULL, 6, 178, 178, 'Omar', '2026-01-23', '2026-01-27', 'Booking', 'Booking', 8, NULL, 700000, 174, 'IMP-260227-000205-81BA', '2026-02-27 15:53:49'),
(206, 206, 'inserted', NULL, 6, 178, 178, 'Michaus Samantha', '2026-01-27', '2026-01-29', 'Booking', 'Booking', 8, NULL, 260000, 175, 'IMP-260227-000206-81BA', '2026-02-27 15:53:49'),
(207, 207, 'inserted', NULL, 6, 178, 178, 'Idania', '2026-01-29', '2026-02-01', 'Booking', 'Booking', 8, NULL, 530000, 176, 'IMP-260227-000207-81BA', '2026-02-27 15:53:49'),
(208, 208, 'inserted', NULL, 6, 230, 230, 'Sharon', '2026-01-01', '2026-01-02', 'AirB&B', 'AirB&B', 9, NULL, NULL, 177, 'IMP-260227-000208-81BA', '2026-02-27 15:53:49'),
(209, 209, 'inserted', NULL, 6, 230, 230, 'Ana', '2026-01-02', '2026-01-03', 'Booking', 'Booking', 8, NULL, 150000, 178, 'IMP-260227-000209-81BA', '2026-02-27 15:53:49'),
(210, 210, 'inserted', NULL, 6, 231, 231, 'Braulio', '2026-01-01', '2026-01-02', 'AirB&B', 'AirB&B', 9, NULL, 300000, 179, 'IMP-260227-000210-81BA', '2026-02-27 15:53:49'),
(211, 211, 'inserted', NULL, 6, 231, 231, 'Sandra', '2026-01-02', '2026-01-06', 'AirB&B', 'AirB&B', 9, NULL, 1000000, 180, 'IMP-260227-000211-81BA', '2026-02-27 15:53:49'),
(212, 212, 'inserted', NULL, 6, 231, 231, 'Extension Sandra', '2026-01-06', '2026-01-09', 'AirB&B', 'AirB&B', 9, NULL, 750000, 181, 'IMP-260227-000212-81BB', '2026-02-27 15:53:49'),
(213, 213, 'inserted', NULL, 6, 231, 231, 'Nicolas', '2026-01-09', '2026-01-14', 'Booking', 'Booking', 8, NULL, 781700, 182, 'IMP-260227-000213-81BB', '2026-02-27 15:53:49'),
(214, 214, 'inserted', NULL, 9, 211, 211, 'laura**', '2026-01-01', '2026-01-02', 'Booking', 'Booking', 8, NULL, NULL, 183, 'IMP-260227-000214-81BB', '2026-02-27 15:53:49'),
(215, 215, 'inserted', NULL, 9, 211, 211, 'Ana', '2026-01-02', '2026-01-03', 'Mapas', 'Mapas', NULL, 27, 120000, 184, 'IMP-260227-000215-81BB', '2026-02-27 15:53:49'),
(216, 216, 'inserted', NULL, 9, 211, 211, 'Jaciel', '2026-01-03', '2026-01-04', 'Mapas', 'Mapas', NULL, 27, 130000, 185, 'IMP-260227-000216-81BB', '2026-02-27 15:53:49'),
(217, 217, 'inserted', NULL, 9, 211, 211, 'Jaime', '2026-01-04', '2026-01-05', 'Mapas', 'Mapas', NULL, 27, 150000, 186, 'IMP-260227-000217-81BB', '2026-02-27 15:53:49'),
(218, 218, 'inserted', NULL, 9, 211, 211, 'Yuli', '2026-01-05', '2026-01-06', 'Mapas', 'Mapas', NULL, 27, 70000, 187, 'IMP-260227-000218-81BB', '2026-02-27 15:53:49'),
(219, 219, 'inserted', NULL, 9, 211, 211, 'Zury', '2026-01-08', '2026-01-09', 'Booking', 'Booking', 8, NULL, 270000, 188, 'IMP-260227-000219-81BB', '2026-02-27 15:53:49'),
(220, 220, 'inserted', NULL, 9, 211, 211, 'Luz', '2026-01-26', '2026-01-27', 'Mapas', 'Mapas', NULL, 27, 65000, 189, 'IMP-260227-000220-81BB', '2026-02-27 15:53:49'),
(221, 221, 'inserted', NULL, 9, 211, 211, 'Jonathan', '2026-01-31', '2026-02-01', 'Mapas', 'Mapas', NULL, 27, 80000, 190, 'IMP-260227-000221-81BB', '2026-02-27 15:53:49'),
(222, 222, 'inserted', NULL, 9, 212, 212, 'Rafael **', '2026-01-01', '2026-01-04', 'Mapas', 'Mapas', NULL, 27, NULL, 191, 'IMP-260227-000222-81BC', '2026-02-27 15:53:49'),
(223, 223, 'inserted', NULL, 9, 212, 212, 'Carlos', '2026-01-04', '2026-01-05', 'Mapas', 'Mapas', NULL, 27, 150000, 192, 'IMP-260227-000223-81BC', '2026-02-27 15:53:49'),
(224, 224, 'inserted', NULL, 9, 212, 212, 'Edith', '2026-01-10', '2026-01-12', 'Booking', 'Booking', 8, NULL, 200000, 193, 'IMP-260227-000224-81BC', '2026-02-27 15:53:49'),
(225, 225, 'inserted', NULL, 9, 212, 212, 'Manuel', '2026-01-16', '2026-01-17', 'Mapas', 'Mapas', NULL, 27, 45000, 194, 'IMP-260227-000225-81BC', '2026-02-27 15:53:49'),
(226, 226, 'inserted', NULL, 9, 212, 212, 'Eduardo', '2026-01-17', '2026-01-18', 'Mapas', 'Mapas', NULL, 27, 70000, 195, 'IMP-260227-000226-81BC', '2026-02-27 15:53:49'),
(227, 227, 'inserted', NULL, 9, 212, 212, 'Hernesto', '2026-01-25', '2026-01-26', 'Booking', 'Booking', 8, NULL, 80000, 196, 'IMP-260227-000227-81BC', '2026-02-27 15:53:49'),
(228, 228, 'inserted', NULL, 9, 212, 212, 'Cayetano', '2026-01-27', '2026-01-28', 'Mapas', 'Mapas', NULL, 27, 70000, 197, 'IMP-260227-000228-81BC', '2026-02-27 15:53:49'),
(229, 229, 'inserted', NULL, 9, 212, 212, 'Cayetano', '2026-01-28', '2026-01-29', 'Mapas', 'Mapas', NULL, 27, 70000, 198, 'IMP-260227-000229-81BC', '2026-02-27 15:53:49'),
(230, 230, 'inserted', NULL, 9, 212, 212, 'Antonione', '2026-01-31', '2026-02-01', 'AirB&B', 'AirB&B', 9, NULL, 80000, 199, 'IMP-260227-000230-81BC', '2026-02-27 15:53:49'),
(231, 231, 'inserted', NULL, 9, 213, 213, 'Rafael **', '2026-01-01', '2026-01-04', 'Mapas', 'Mapas', NULL, 27, NULL, 200, 'IMP-260227-000231-81BD', '2026-02-27 15:53:49'),
(232, 232, 'inserted', NULL, 9, 213, 213, 'Julio', '2026-01-04', '2026-01-07', 'Booking', 'Booking', 8, NULL, NULL, 201, 'IMP-260227-000232-81BD', '2026-02-27 15:53:49'),
(233, 233, 'inserted', NULL, 9, 213, 213, 'nancy', '2026-01-18', '2026-01-19', 'Booking', 'Booking', 8, NULL, NULL, 202, 'IMP-260227-000233-81BD', '2026-02-27 15:53:49'),
(234, 234, 'inserted', NULL, 9, 213, 213, 'Leonardo', '2026-01-23', '2026-01-24', 'Mapas', 'Mapas', NULL, 27, 70000, 203, 'IMP-260227-000234-81BD', '2026-02-27 15:53:49'),
(235, 235, 'inserted', NULL, 9, 213, 213, 'Diana', '2026-01-25', '2026-01-29', 'AirB&B', 'AirB&B', 9, NULL, 360000, 204, 'IMP-260227-000235-81BD', '2026-02-27 15:53:49'),
(236, 236, 'inserted', NULL, 9, 213, 213, 'Miriam', '2026-01-31', '2026-02-01', 'Mapas', 'Mapas', NULL, 27, 200000, 205, 'IMP-260227-000236-81BD', '2026-02-27 15:53:49'),
(237, 237, 'inserted', NULL, 9, 214, 214, 'Rafael **', '2026-01-01', '2026-01-04', 'Mapas', 'Mapas', NULL, 27, NULL, 206, 'IMP-260227-000237-81BD', '2026-02-27 15:53:49'),
(238, 238, 'inserted', NULL, 9, 214, 214, 'Julio', '2026-01-04', '2026-01-07', 'Booking', 'Booking', 8, NULL, 1000000, 207, 'IMP-260227-000238-81BD', '2026-02-27 15:53:49'),
(239, 239, 'inserted', NULL, 9, 214, 214, 'María mercedes', '2026-01-07', '2026-01-11', 'AirB&B', 'AirB&B', 9, NULL, 460000, 208, 'IMP-260227-000239-81BD', '2026-02-27 15:53:49'),
(240, 240, 'inserted', NULL, 9, 214, 214, 'Miguel', '2026-01-14', '2026-01-15', 'Booking', 'Booking', 8, NULL, NULL, 209, 'IMP-260227-000240-81BD', '2026-02-27 15:53:49'),
(241, 241, 'inserted', NULL, 9, 214, 214, 'Manuel', '2026-01-16', '2026-01-17', 'Mapas', 'Mapas', NULL, 27, 68000, 210, 'IMP-260227-000241-81BE', '2026-02-27 15:53:49'),
(242, 242, 'inserted', NULL, 9, 214, 214, 'Vidal', '2026-01-17', '2026-01-18', 'Mapas', 'Mapas', NULL, 27, 70000, 211, 'IMP-260227-000242-81BE', '2026-02-27 15:53:49'),
(243, 243, 'inserted', NULL, 9, 214, 214, 'Iván', '2026-01-21', '2026-01-22', 'Mapas', 'Mapas', NULL, 27, 65000, 212, 'IMP-260227-000243-81BE', '2026-02-27 15:53:49'),
(244, 244, 'inserted', NULL, 9, 214, 214, 'Ivan', '2026-01-22', '2026-01-23', 'Mapas', 'Mapas', NULL, 27, 65000, 213, 'IMP-260227-000244-81BE', '2026-02-27 15:53:49'),
(245, 245, 'inserted', NULL, 9, 214, 214, 'Iván', '2026-01-23', '2026-01-24', 'Mapas', 'Mapas', NULL, 27, 65000, 214, 'IMP-260227-000245-81BE', '2026-02-27 15:53:49'),
(246, 246, 'inserted', NULL, 9, 214, 214, 'Dante', '2026-01-26', '2026-01-30', 'Booking', 'Booking', 8, NULL, 330000, 215, 'IMP-260227-000246-81BE', '2026-02-27 15:53:49'),
(247, 247, 'inserted', NULL, 9, 214, 214, 'Dante', '2026-01-30', '2026-02-01', 'Booking', 'Booking', 8, NULL, 247500, 216, 'IMP-260227-000247-81BE', '2026-02-27 15:53:49'),
(248, 248, 'inserted', NULL, 9, 215, 215, 'Lis', '2026-01-01', '2026-01-04', 'AirB&B', 'AirB&B', 9, NULL, 450000, 217, 'IMP-260227-000248-81BE', '2026-02-27 15:53:49'),
(249, 249, 'inserted', NULL, 9, 215, 215, 'Julio', '2026-01-04', '2026-01-07', 'Booking', 'Booking', 8, NULL, NULL, 218, 'IMP-260227-000249-81BE', '2026-02-27 15:53:49'),
(250, 250, 'inserted', NULL, 9, 215, 215, 'Minatti', '2026-01-07', '2026-01-08', 'Booking', 'Booking', 8, NULL, 80000, 219, 'IMP-260227-000250-81BE', '2026-02-27 15:53:49'),
(251, 251, 'inserted', NULL, 9, 215, 215, 'Isaías', '2026-01-09', '2026-01-10', 'Mapas', 'Mapas', NULL, 27, 100000, 220, 'IMP-260227-000251-81BE', '2026-02-27 15:53:49'),
(252, 252, 'inserted', NULL, 9, 215, 215, 'Jan', '2026-01-10', '2026-01-11', 'Mapas', 'Mapas', NULL, 27, 100000, 221, 'IMP-260227-000252-81BF', '2026-02-27 15:53:49'),
(253, 253, 'inserted', NULL, 9, 215, 215, 'Vidal', '2026-01-17', '2026-01-18', 'Mapas', 'Mapas', NULL, 27, 90000, 222, 'IMP-260227-000253-81BF', '2026-02-27 15:53:49'),
(254, 254, 'inserted', NULL, 9, 215, 215, 'Feliz', '2026-01-21', '2026-01-22', 'Booking', 'Booking', 8, NULL, 83000, 223, 'IMP-260227-000254-81BF', '2026-02-27 15:53:49'),
(255, 255, 'inserted', NULL, 9, 215, 215, 'Feliz', '2026-01-22', '2026-01-23', 'Booking', 'Booking', 8, NULL, 83000, 224, 'IMP-260227-000255-81BF', '2026-02-27 15:53:49'),
(256, 256, 'inserted', NULL, 9, 215, 215, 'Leonardo', '2026-01-25', '2026-01-27', 'Mapas', 'Mapas', NULL, 27, 200000, 225, 'IMP-260227-000256-81BF', '2026-02-27 15:53:49'),
(257, 257, 'inserted', NULL, 9, 215, 215, 'Gabriel', '2026-01-29', '2026-01-31', 'Mapas', 'Mapas', NULL, 27, 160000, 226, 'IMP-260227-000257-81BF', '2026-02-27 15:53:49'),
(258, 258, 'inserted', NULL, 9, 215, 215, 'Luis', '2026-01-31', '2026-02-01', 'Mapas', 'Mapas', NULL, 27, 70000, 227, 'IMP-260227-000258-81BF', '2026-02-27 15:53:49'),
(259, 259, 'inserted', NULL, 9, 216, 216, 'Chloe **', '2026-01-01', '2026-01-03', 'Booking', 'Booking', 8, NULL, NULL, 228, 'IMP-260227-000259-81BF', '2026-02-27 15:53:49'),
(260, 260, 'inserted', NULL, 9, 216, 216, 'Mildred', '2026-01-03', '2026-01-04', 'AirB&B', 'AirB&B', 9, NULL, 190000, 229, 'IMP-260227-000260-81BF', '2026-02-27 15:53:49'),
(261, 261, 'inserted', NULL, 9, 216, 216, 'Daniel', '2026-01-04', '2026-01-05', 'Mapas', 'Mapas', NULL, 27, 100000, 230, 'IMP-260227-000261-81BF', '2026-02-27 15:53:49'),
(262, 262, 'inserted', NULL, 9, 216, 216, 'Vicente', '2026-01-05', '2026-01-06', 'Expedia', 'Expedia', 12, NULL, 80000, 231, 'IMP-260227-000262-81BF', '2026-02-27 15:53:49'),
(263, 263, 'inserted', NULL, 9, 216, 216, 'Francisco', '2026-01-06', '2026-01-07', 'Expedia', 'Expedia', 12, NULL, 200000, 232, 'IMP-260227-000263-81C0', '2026-02-27 15:53:49'),
(264, 264, 'inserted', NULL, 9, 216, 216, 'Fabián', '2026-01-07', '2026-01-08', 'Booking', 'Booking', 8, NULL, 80000, 233, 'IMP-260227-000264-81C0', '2026-02-27 15:53:49'),
(265, 265, 'inserted', NULL, 9, 216, 216, 'José', '2026-01-08', '2026-01-09', 'Mapas', 'Mapas', NULL, 27, 120000, 234, 'IMP-260227-000265-81C0', '2026-02-27 15:53:49'),
(266, 266, 'inserted', NULL, 9, 216, 216, 'Sergio', '2026-01-09', '2026-01-10', 'Mapas', 'Mapas', NULL, 27, 110000, 235, 'IMP-260227-000266-81C0', '2026-02-27 15:53:49'),
(267, 267, 'inserted', NULL, 9, 216, 216, 'Sergio', '2026-01-10', '2026-01-11', 'Mapas', 'Mapas', NULL, 27, 110000, 236, 'IMP-260227-000267-81C0', '2026-02-27 15:53:49'),
(268, 268, 'inserted', NULL, 9, 216, 216, 'Jan', '2026-01-11', '2026-01-12', 'Mapas', 'Mapas', NULL, 27, 100000, 237, 'IMP-260227-000268-81C0', '2026-02-27 15:53:49'),
(269, 269, 'inserted', NULL, 9, 216, 216, 'Helga', '2026-01-12', '2026-01-13', 'Booking', 'Booking', 8, NULL, NULL, 238, 'IMP-260227-000269-81C0', '2026-02-27 15:53:49'),
(270, 270, 'inserted', NULL, 9, 216, 216, 'Karen', '2026-01-17', '2026-01-18', 'Mapas', 'Mapas', NULL, 27, 80000, 239, 'IMP-260227-000270-81C0', '2026-02-27 15:53:49'),
(271, 271, 'inserted', NULL, 9, 216, 216, 'Roberto', '2026-01-24', '2026-01-26', 'Mapas', 'Mapas', NULL, 27, 200000, 240, 'IMP-260227-000271-81C0', '2026-02-27 15:53:49'),
(272, 272, 'inserted', NULL, 9, 216, 216, 'Tomas', '2026-01-26', '2026-01-27', 'Mapas', 'Mapas', NULL, 27, 100000, 241, 'IMP-260227-000272-81C0', '2026-02-27 15:53:49'),
(273, 273, 'inserted', NULL, 9, 216, 216, 'Luz', '2026-01-27', '2026-01-28', 'Mapas', 'Mapas', NULL, 27, 100000, 242, 'IMP-260227-000273-81C0', '2026-02-27 15:53:49'),
(274, 274, 'inserted', NULL, 9, 216, 216, 'Gaby', '2026-01-31', '2026-02-01', 'AirB&B', 'AirB&B', 9, NULL, 190000, 243, 'IMP-260227-000274-81C1', '2026-02-27 15:53:49'),
(275, 275, 'inserted', NULL, 9, 217, 217, 'Felix **', '2026-01-01', '2026-01-02', 'Booking', 'Booking', 8, NULL, NULL, 244, 'IMP-260227-000275-81C1', '2026-02-27 15:53:49'),
(276, 276, 'inserted', NULL, 9, 217, 217, 'Miguel **', '2026-01-02', '2026-01-04', 'AirB&B', 'AirB&B', 9, NULL, NULL, 245, 'IMP-260227-000276-81C1', '2026-02-27 15:53:49'),
(277, 277, 'inserted', NULL, 9, 217, 217, 'Jaime', '2026-01-04', '2026-01-05', 'Mapas', 'Mapas', NULL, 27, 130000, 246, 'IMP-260227-000277-81C1', '2026-02-27 15:53:49'),
(278, 278, 'inserted', NULL, 9, 217, 217, 'Steven', '2026-01-09', '2026-01-10', 'Expedia', 'Expedia', 12, NULL, 70000, 247, 'IMP-260227-000278-81C1', '2026-02-27 15:53:49'),
(279, 279, 'inserted', NULL, 9, 217, 217, 'Ángela', '2026-01-11', '2026-01-12', 'Mapas', 'Mapas', NULL, 27, 70000, 248, 'IMP-260227-000279-81C1', '2026-02-27 15:53:49'),
(280, 280, 'inserted', NULL, 9, 217, 217, 'Alison', '2026-01-16', '2026-01-17', 'Mapas', 'Mapas', NULL, 27, 70000, 249, 'IMP-260227-000280-81C1', '2026-02-27 15:53:49'),
(281, 281, 'inserted', NULL, 9, 217, 217, 'Iván', '2026-01-21', '2026-01-22', 'Mapas', 'Mapas', NULL, 27, 65000, 250, 'IMP-260227-000281-81C1', '2026-02-27 15:53:49'),
(282, 282, 'inserted', NULL, 9, 217, 217, 'Amado', '2026-01-23', '2026-01-24', 'Mapas', 'Mapas', NULL, 27, 65000, 251, 'IMP-260227-000282-81C2', '2026-02-27 15:53:49'),
(283, 283, 'inserted', NULL, 9, 217, 217, 'María de posada', '2026-01-27', '2026-01-28', 'Booking', 'Booking', 8, NULL, 60000, 252, 'IMP-260227-000283-81C2', '2026-02-27 15:53:49'),
(284, 284, 'inserted', NULL, 9, 217, 217, 'Alexa', '2026-01-28', '2026-01-29', 'Mapas', 'Mapas', NULL, 27, 90000, 253, 'IMP-260227-000284-81C2', '2026-02-27 15:53:49'),
(285, 285, 'inserted', NULL, 9, 217, 217, 'Menaly', '2026-01-31', '2026-02-01', 'Mapas', 'Mapas', NULL, 27, 130000, 254, 'IMP-260227-000285-81C2', '2026-02-27 15:53:49'),
(286, 286, 'inserted', NULL, 9, 218, 218, 'Julie**', '2026-01-01', '2026-01-05', 'AirB&B', 'AirB&B', 9, NULL, NULL, 255, 'IMP-260227-000286-81C2', '2026-02-27 15:53:49'),
(287, 287, 'inserted', NULL, 9, 218, 218, 'Minatti', '2026-01-06', '2026-01-07', 'Booking', 'Booking', 8, NULL, 70000, 256, 'IMP-260227-000287-81C2', '2026-02-27 15:53:49'),
(288, 288, 'inserted', NULL, 9, 218, 218, 'Maayan', '2026-01-09', '2026-01-10', 'AirB&B', 'AirB&B', 9, NULL, 70000, 257, 'IMP-260227-000288-81C2', '2026-02-27 15:53:49');
INSERT INTO `tmp_reservation_import_log` (`id_log`, `id_import`, `result_status`, `reason`, `id_property`, `id_room`, `resolved_room_id`, `guest_name`, `check_in_date`, `check_out_date`, `origin_raw`, `source_used`, `id_ota_account`, `id_reservation_source`, `total_override_cents`, `id_reservation`, `reservation_code`, `created_at`) VALUES
(289, 289, 'inserted', NULL, 9, 218, 218, 'Rosario', '2026-01-10', '2026-01-11', 'Mapas', 'Mapas', NULL, 27, 70000, 258, 'IMP-260227-000289-81C2', '2026-02-27 15:53:49'),
(290, 290, 'inserted', NULL, 9, 218, 218, 'Eva', '2026-01-13', '2026-01-14', 'Booking', 'Booking', 8, NULL, 70000, 259, 'IMP-260227-000290-81C3', '2026-02-27 15:53:49'),
(291, 291, 'inserted', NULL, 9, 218, 218, 'Ard', '2026-01-16', '2026-01-19', 'Booking', 'Booking', 8, NULL, 206400, 260, 'IMP-260227-000291-81C3', '2026-02-27 15:53:49'),
(292, 292, 'inserted', NULL, 9, 218, 218, 'Feliz', '2026-01-23', '2026-01-24', 'Booking', 'Booking', 8, NULL, 60000, 261, 'IMP-260227-000292-81C3', '2026-02-27 15:53:49'),
(293, 293, 'inserted', NULL, 9, 218, 218, 'Elisa', '2026-01-26', '2026-01-30', 'Mapas', 'Mapas', NULL, 27, 240000, 262, 'IMP-260227-000293-81C3', '2026-02-27 15:53:49'),
(294, 294, 'inserted', NULL, 9, 218, 218, 'Jivany', '2026-01-31', '2026-02-01', 'Mapas', 'Mapas', NULL, 27, 70000, 263, 'IMP-260227-000294-81C3', '2026-02-27 15:53:49'),
(295, 295, 'inserted', NULL, 9, 210, 210, 'Elizabeth**', '2026-01-01', '2026-01-04', 'AirB&B', 'AirB&B', 9, NULL, NULL, 264, 'IMP-260227-000295-81C3', '2026-02-27 15:53:49'),
(296, 296, 'inserted', NULL, 9, 210, 210, 'Jaime', '2026-01-04', '2026-01-05', 'Mapas', 'Mapas', NULL, 27, NULL, 265, 'IMP-260227-000296-81C3', '2026-02-27 15:53:49'),
(297, 297, 'inserted', NULL, 9, 210, 210, 'Zury', '2026-01-08', '2026-01-09', 'Booking', 'Booking', 8, NULL, NULL, 266, 'IMP-260227-000297-81C4', '2026-02-27 15:53:49'),
(298, 298, 'inserted', NULL, 9, 210, 210, 'Lorena', '2026-01-10', '2026-01-12', 'Mapas', 'Mapas', NULL, 27, 200000, 267, 'IMP-260227-000298-81C4', '2026-02-27 15:53:49'),
(299, 299, 'inserted', NULL, 9, 210, 210, 'Eduarda', '2026-01-21', '2026-01-26', 'Mapas', 'Mapas', NULL, 27, 350000, 268, 'IMP-260227-000299-81C4', '2026-02-27 15:53:49'),
(300, 300, 'inserted', NULL, 9, 210, 210, 'Alejandro', '2026-01-27', '2026-01-28', 'Mapas', 'Mapas', NULL, 27, 65000, 269, 'IMP-260227-000300-81C4', '2026-02-27 15:53:49'),
(301, 301, 'inserted', NULL, 9, 210, 210, 'Merlin', '2026-01-31', '2026-02-01', 'Mapas', 'Mapas', NULL, 27, 180000, 270, 'IMP-260227-000301-81C4', '2026-02-27 15:53:49'),
(302, 302, 'inserted', NULL, 11, 222, 222, 'Monica', '2026-01-01', '2026-01-03', 'AirB&B', 'AirB&B', 9, NULL, NULL, 271, 'IMP-260227-000302-81C4', '2026-02-27 15:53:49'),
(303, 303, 'inserted', NULL, 11, 222, 222, 'Arturo', '2026-01-03', '2026-01-13', 'AirB&B', 'AirB&B', 9, NULL, 1200000, 272, 'IMP-260227-000303-81C4', '2026-02-27 15:53:49'),
(304, 304, 'inserted', NULL, 11, 222, 222, 'Erika', '2026-01-15', '2026-01-18', 'AirB&B', 'AirB&B', 9, NULL, 840000, 273, 'IMP-260227-000304-81C4', '2026-02-27 15:53:49'),
(305, 305, 'inserted', NULL, 11, 221, 221, 'Jonathan', '2026-01-03', '2026-01-06', 'AirB&B', 'AirB&B', 9, NULL, 360000, 274, 'IMP-260227-000305-81C5', '2026-02-27 15:53:49'),
(306, 306, 'inserted', NULL, 11, 221, 221, 'Valeria', '2026-01-06', '2026-01-10', 'AirB&B', 'AirB&B', 9, NULL, 500000, 275, 'IMP-260227-000306-81C5', '2026-02-27 15:53:49'),
(307, 307, 'inserted', NULL, 11, 221, 221, 'Jaime', '2026-01-10', '2026-01-11', 'Expedia', 'Expedia', 12, NULL, 130000, 276, 'IMP-260227-000307-81C5', '2026-02-27 15:53:49'),
(308, 308, 'inserted', NULL, 11, 221, 221, 'Dani', '2026-01-11', '2026-01-15', 'AirB&B', 'AirB&B', 9, NULL, 480000, 277, 'IMP-260227-000308-81C5', '2026-02-27 15:53:49'),
(309, 309, 'inserted', NULL, 11, 221, 221, 'Dayana', '2026-01-19', '2026-01-23', 'AirB&B', 'AirB&B', 9, NULL, NULL, 278, 'IMP-260227-000309-81C5', '2026-02-27 15:53:49'),
(310, 310, 'inserted', NULL, 11, 221, 221, 'Dafne', '2026-01-28', '2026-02-01', 'AirB&B', 'AirB&B', 9, NULL, NULL, 279, 'IMP-260227-000310-81C5', '2026-02-27 15:53:49'),
(311, 311, 'inserted', NULL, 1, 187, 187, 'Alex', '2026-02-01', '2026-02-06', 'Booking', 'Booking', 8, NULL, NULL, 280, 'IMP-260227-000311-81C5', '2026-02-27 15:53:49'),
(312, 312, 'inserted', NULL, 1, 187, 187, 'Briselda', '2026-02-06', '2026-02-07', 'Booking', 'Booking', 8, NULL, NULL, 281, 'IMP-260227-000312-81C6', '2026-02-27 15:53:49'),
(313, 313, 'inserted', NULL, 1, 187, 187, 'Munsilf 878 Airb&b 2195 efectivo', '2026-02-07', '2026-02-11', 'AirB&B', 'AirB&B', 9, NULL, 307300, 282, 'IMP-260227-000313-81C6', '2026-02-27 15:53:49'),
(314, 314, 'inserted', NULL, 1, 187, 187, 'Or', '2026-02-14', '2026-02-15', 'Booking', 'Booking', 8, NULL, 80000, 283, 'IMP-260227-000314-81C6', '2026-02-27 15:53:49'),
(315, 315, 'inserted', NULL, 1, 187, 187, 'Arrieta', '2026-02-16', '2026-02-17', 'Booking', 'Booking', 8, NULL, NULL, 284, 'IMP-260227-000315-81C6', '2026-02-27 15:53:49'),
(316, 316, 'inserted', NULL, 1, 187, 187, 'Emmanuel', '2026-02-17', '2026-02-18', 'Mapas', 'Mapas', NULL, 27, 80000, 285, 'IMP-260227-000316-81C6', '2026-02-27 15:53:49'),
(317, 317, 'inserted', NULL, 1, 187, 187, 'Carlos', '2026-02-18', '2026-02-23', 'Booking', 'Booking', 8, NULL, 360000, 286, 'IMP-260227-000317-81C6', '2026-02-27 15:53:49'),
(318, 318, 'inserted', NULL, 1, 187, 187, 'Carlos', '2026-02-23', '2026-02-25', 'Booking', 'Booking', 8, NULL, 160000, 287, 'IMP-260227-000318-81C6', '2026-02-27 15:53:49'),
(319, 319, 'inserted', NULL, 1, 187, 187, 'Melissa', '2026-02-25', '2026-02-26', 'Booking', 'Booking', 8, NULL, 70000, 288, 'IMP-260227-000319-81C6', '2026-02-27 15:53:49'),
(320, 320, 'inserted', NULL, 1, 187, 187, 'Omar', '2026-02-26', '2026-03-01', 'Booking', 'Booking', 8, NULL, 210000, 289, 'IMP-260227-000320-81C6', '2026-02-27 15:53:49'),
(321, 321, 'inserted', NULL, 1, 186, 186, 'Roberto', '2026-02-01', '2026-02-02', 'Expedia', 'Expedia', 12, NULL, NULL, 290, 'IMP-260227-000321-81C6', '2026-02-27 15:53:49'),
(322, 322, 'inserted', NULL, 1, 186, 186, 'Christian', '2026-02-02', '2026-02-03', 'Booking', 'Booking', 8, NULL, 260000, 291, 'IMP-260227-000322-81C7', '2026-02-27 15:53:49'),
(323, 323, 'inserted', NULL, 1, 186, 186, 'Ziva', '2026-02-04', '2026-02-05', 'Booking', 'Booking', 8, NULL, 75000, 292, 'IMP-260227-000323-81C7', '2026-02-27 15:53:49'),
(324, 324, 'inserted', NULL, 1, 186, 186, 'Cameron', '2026-02-08', '2026-02-09', 'AirB&B', 'AirB&B', 9, NULL, 70000, 293, 'IMP-260227-000324-81C7', '2026-02-27 15:53:49'),
(325, 325, 'inserted', NULL, 1, 186, 186, 'Julie Hirtz', '2026-02-10', '2026-02-14', 'AirB&B', 'AirB&B', 9, NULL, 305300, 294, 'IMP-260227-000325-81C7', '2026-02-27 15:53:49'),
(326, 326, 'inserted', NULL, 1, 186, 186, 'Laura', '2026-02-14', '2026-02-16', 'Booking', 'Booking', 8, NULL, 144000, 295, 'IMP-260227-000326-81C7', '2026-02-27 15:53:49'),
(327, 327, 'inserted', NULL, 1, 186, 186, 'jose', '2026-02-16', '2026-02-17', 'Booking', 'Booking', 8, NULL, 70000, 296, 'IMP-260227-000327-81C7', '2026-02-27 15:53:49'),
(328, 328, 'inserted', NULL, 1, 186, 186, 'Eliza', '2026-02-18', '2026-02-19', 'Booking', 'Booking', 8, NULL, 70000, 297, 'IMP-260227-000328-81C7', '2026-02-27 15:53:49'),
(329, 329, 'inserted', NULL, 1, 186, 186, 'Martín', '2026-02-19', '2026-02-21', 'Booking', 'Booking', 8, NULL, 150000, 298, 'IMP-260227-000329-81C7', '2026-02-27 15:53:49'),
(330, 330, 'inserted', NULL, 1, 186, 186, 'Kevin', '2026-02-21', '2026-02-23', 'Mapas', 'Mapas', NULL, 27, 140000, 299, 'IMP-260227-000330-81C7', '2026-02-27 15:53:49'),
(331, 331, 'inserted', NULL, 1, 186, 186, 'Kevin', '2026-02-23', '2026-02-24', 'Mapas', 'Mapas', NULL, 27, 70000, 300, 'IMP-260227-000331-81C7', '2026-02-27 15:53:49'),
(332, 332, 'inserted', NULL, 1, 186, 186, 'Alberto', '2026-02-24', '2026-02-25', 'Booking', 'Booking', 8, NULL, 140000, 301, 'IMP-260227-000332-81C8', '2026-02-27 15:53:49'),
(333, 333, 'inserted', NULL, 1, 186, 186, 'Nico', '2026-02-25', '2026-02-26', 'Booking', 'Booking', 8, NULL, 65000, 302, 'IMP-260227-000333-81C8', '2026-02-27 15:53:49'),
(334, 334, 'inserted', NULL, 1, 186, 186, 'Tonatiuh', '2026-02-26', '2026-02-27', 'AirB&B', 'AirB&B', 9, NULL, 75000, 303, 'IMP-260227-000334-81C8', '2026-02-27 15:53:49'),
(335, 335, 'inserted', NULL, 1, 186, 186, 'Kennet', '2026-02-28', '2026-03-02', 'Booking', 'Booking', 8, NULL, NULL, 304, 'IMP-260227-000335-81C8', '2026-02-27 15:53:49'),
(336, 336, 'inserted', NULL, 1, 188, 188, 'Daniel', '2026-02-01', '2026-02-02', 'Booking', 'Booking', 8, NULL, NULL, 305, 'IMP-260227-000336-81C8', '2026-02-27 15:53:49'),
(337, 337, 'inserted', NULL, 1, 188, 188, 'Roberto', '2026-02-02', '2026-02-07', 'Expedia', 'Expedia', 12, NULL, NULL, 306, 'IMP-260227-000337-81C8', '2026-02-27 15:53:49'),
(338, 338, 'inserted', NULL, 1, 188, 188, 'Arreba', '2026-02-07', '2026-02-08', 'Booking', 'Booking', 8, NULL, NULL, 307, 'IMP-260227-000338-81C8', '2026-02-27 15:53:49'),
(339, 339, 'inserted', NULL, 1, 188, 188, 'Garza Juanita checar', '2026-02-10', '2026-02-11', 'Mapas', 'Mapas', NULL, 27, NULL, 308, 'IMP-260227-000339-81C8', '2026-02-27 15:53:49'),
(340, 340, 'inserted', NULL, 1, 188, 188, 'Bert *', '2026-02-12', '2026-02-14', 'Booking', 'Booking', 8, NULL, 132100, 309, 'IMP-260227-000340-81C8', '2026-02-27 15:53:49'),
(341, 341, 'inserted', NULL, 1, 188, 188, 'Munsfin', '2026-02-14', '2026-02-17', 'AirB&B', 'AirB&B', 9, NULL, 225000, 310, 'IMP-260227-000341-81C8', '2026-02-27 15:53:49'),
(342, 342, 'inserted', NULL, 1, 188, 188, 'Munsfin', '2026-02-17', '2026-02-18', 'AirB&B', 'AirB&B', 9, NULL, 75000, 311, 'IMP-260227-000342-81C9', '2026-02-27 15:53:49'),
(343, 343, 'inserted', NULL, 1, 188, 188, 'Claudia', '2026-02-18', '2026-02-19', 'AirB&B', 'AirB&B', 9, NULL, 70000, 312, 'IMP-260227-000343-81C9', '2026-02-27 15:53:49'),
(344, 344, 'inserted', NULL, 1, 188, 188, 'Daniel', '2026-02-19', '2026-02-20', 'Booking', 'Booking', 8, NULL, 150000, 313, 'IMP-260227-000344-81C9', '2026-02-27 15:53:49'),
(345, 345, 'inserted', NULL, 1, 188, 188, 'Diana', '2026-02-20', '2026-02-23', 'AirB&B', 'AirB&B', 9, NULL, 240000, 314, 'IMP-260227-000345-81C9', '2026-02-27 15:53:49'),
(346, 346, 'inserted', NULL, 1, 188, 188, 'Martín', '2026-02-23', '2026-02-24', 'Mapas', 'Mapas', NULL, 27, 75000, 315, 'IMP-260227-000346-81C9', '2026-02-27 15:53:49'),
(347, 347, 'inserted', NULL, 1, 188, 188, 'Enric del #', '2026-02-24', '2026-02-26', 'Booking', 'Booking', 8, NULL, 600, 316, 'IMP-260227-000347-81C9', '2026-02-27 15:53:49'),
(348, 348, 'inserted', NULL, 1, 188, 188, 'Marcos', '2026-02-26', '2026-02-27', 'Booking', 'Booking', 8, NULL, 70000, 317, 'IMP-260227-000348-81C9', '2026-02-27 15:53:49'),
(349, 349, 'inserted', NULL, 1, 189, 189, 'simon', '2026-02-01', '2026-02-03', 'Booking', 'Booking', 8, NULL, 160000, 318, 'IMP-260227-000349-81C9', '2026-02-27 15:53:49'),
(350, 350, 'inserted', NULL, 1, 189, 189, 'César', '2026-02-06', '2026-02-09', 'Mapas', 'Mapas', NULL, 27, 240000, 319, 'IMP-260227-000350-81C9', '2026-02-27 15:53:49'),
(351, 351, 'inserted', NULL, 1, 189, 189, 'Thomas', '2026-02-10', '2026-02-11', 'Booking', 'Booking', 8, NULL, 70000, 320, 'IMP-260227-000351-81C9', '2026-02-27 15:53:49'),
(352, 352, 'inserted', NULL, 1, 189, 189, 'Alejandro', '2026-02-11', '2026-02-12', 'Booking', 'Booking', 8, NULL, 70000, 321, 'IMP-260227-000352-81CA', '2026-02-27 15:53:49'),
(353, 353, 'inserted', NULL, 1, 189, 189, 'Arturo', '2026-02-12', '2026-02-15', 'Booking', 'Booking', 8, NULL, 250000, 322, 'IMP-260227-000353-81CA', '2026-02-27 15:53:49'),
(354, 354, 'inserted', NULL, 1, 189, 189, 'Christian', '2026-02-15', '2026-02-17', 'Booking', 'Booking', 8, NULL, 140000, 323, 'IMP-260227-000354-81CA', '2026-02-27 15:53:49'),
(355, 355, 'inserted', NULL, 1, 189, 189, 'Daniel', '2026-02-17', '2026-02-18', 'Mapas', 'Mapas', NULL, 27, 65000, 324, 'IMP-260227-000355-81CA', '2026-02-27 15:53:49'),
(356, 356, 'inserted', NULL, 1, 189, 189, 'Matthew', '2026-02-18', '2026-02-19', 'Booking', 'Booking', 8, NULL, NULL, 325, 'IMP-260227-000356-81CA', '2026-02-27 15:53:49'),
(357, 357, 'inserted', NULL, 1, 189, 189, 'Pedro', '2026-02-20', '2026-02-23', 'Booking', 'Booking', 8, NULL, 202500, 326, 'IMP-260227-000357-81CA', '2026-02-27 15:53:49'),
(358, 358, 'inserted', NULL, 1, 189, 189, 'Leonor', '2026-02-24', '2026-02-25', 'Booking', 'Booking', 8, NULL, 65000, 327, 'IMP-260227-000358-81CA', '2026-02-27 15:53:49'),
(359, 359, 'inserted', NULL, 1, 189, 189, 'Luc', '2026-02-25', '2026-02-26', 'Booking', 'Booking', 8, NULL, NULL, 328, 'IMP-260227-000359-81CA', '2026-02-27 15:53:49'),
(360, 360, 'inserted', NULL, 1, 189, 189, 'Cecilia', '2026-02-27', '2026-02-28', 'Booking', 'Booking', 8, NULL, NULL, 329, 'IMP-260227-000360-81CB', '2026-02-27 15:53:49'),
(361, 361, 'inserted', NULL, 1, 190, 190, 'Octavio', '2026-02-01', '2026-02-02', 'AirB&B', 'AirB&B', 9, NULL, NULL, 330, 'IMP-260227-000361-81CB', '2026-02-27 15:53:49'),
(362, 362, 'inserted', NULL, 1, 190, 190, 'Alfred', '2026-02-02', '2026-02-04', 'Booking', 'Booking', 8, NULL, 160000, 331, 'IMP-260227-000362-81CB', '2026-02-27 15:53:49'),
(363, 363, 'inserted', NULL, 1, 190, 190, 'Nicholas', '2026-02-04', '2026-02-07', 'Booking', 'Booking', 8, NULL, 187000, 332, 'IMP-260227-000363-81CB', '2026-02-27 15:53:49'),
(364, 364, 'inserted', NULL, 1, 190, 190, 'Fabián Nicola', '2026-02-07', '2026-02-11', 'Booking', 'Booking', 8, NULL, 320000, 333, 'IMP-260227-000364-81CB', '2026-02-27 15:53:49'),
(365, 365, 'inserted', NULL, 1, 190, 190, 'Munsfin', '2026-02-11', '2026-02-14', 'AirB&B', 'AirB&B', 9, NULL, 204000, 334, 'IMP-260227-000365-81CB', '2026-02-27 15:53:49'),
(366, 366, 'inserted', NULL, 1, 190, 190, 'Rijsbergen Sharon', '2026-02-14', '2026-02-16', 'Booking', 'Booking', 8, NULL, 125000, 335, 'IMP-260227-000366-81CB', '2026-02-27 15:53:49'),
(367, 367, 'inserted', NULL, 1, 190, 190, 'Carolina', '2026-02-16', '2026-02-17', 'Booking', 'Booking', 8, NULL, NULL, 336, 'IMP-260227-000367-81CB', '2026-02-27 15:53:49'),
(368, 368, 'inserted', NULL, 1, 190, 190, 'Niell', '2026-02-17', '2026-02-18', 'Booking', 'Booking', 8, NULL, 67000, 337, 'IMP-260227-000368-81CB', '2026-02-27 15:53:49'),
(369, 369, 'inserted', NULL, 1, 190, 190, 'Ricardo', '2026-02-18', '2026-02-21', 'Booking', 'Booking', 8, NULL, 202500, 338, 'IMP-260227-000369-81CC', '2026-02-27 15:53:49'),
(370, 370, 'inserted', NULL, 1, 190, 190, 'Thomas', '2026-02-22', '2026-02-23', 'Booking', 'Booking', 8, NULL, 63000, 339, 'IMP-260227-000370-81CC', '2026-02-27 15:53:49'),
(371, 371, 'inserted', NULL, 1, 190, 190, 'Jonna', '2026-02-23', '2026-02-24', 'Booking', 'Booking', 8, NULL, 65000, 340, 'IMP-260227-000371-81CC', '2026-02-27 15:53:49'),
(372, 372, 'inserted', NULL, 1, 190, 190, 'ORIA & MICHAEL ( total) (500 pagados por ABB)', '2026-02-24', '2026-03-04', 'AirB&B', 'AirB&B', 9, NULL, 1365000, 341, 'IMP-260227-000372-81CC', '2026-02-27 15:53:49'),
(373, 373, 'inserted', NULL, 1, 191, 191, 'Mattew', '2026-02-01', '2026-02-07', 'Booking', 'Booking', 8, NULL, 470000, 342, 'IMP-260227-000373-81CC', '2026-02-27 15:53:49'),
(374, 374, 'inserted', NULL, 1, 191, 191, 'Nina', '2026-02-07', '2026-02-08', 'Mapas', 'Mapas', NULL, 27, 80000, 343, 'IMP-260227-000374-81CC', '2026-02-27 15:53:49'),
(375, 375, 'inserted', NULL, 1, 191, 191, 'Richard', '2026-02-09', '2026-02-13', 'Expedia', 'Expedia', 12, NULL, 310000, 344, 'IMP-260227-000375-81CC', '2026-02-27 15:53:49'),
(376, 376, 'inserted', NULL, 1, 191, 191, 'Luis *', '2026-02-13', '2026-02-15', 'Booking', 'Booking', 8, NULL, 111500, 345, 'IMP-260227-000376-81CC', '2026-02-27 15:53:49'),
(377, 377, 'inserted', NULL, 1, 191, 191, 'Melisa Acosta', '2026-02-17', '2026-02-20', 'Mapas', 'Mapas', NULL, 27, 210000, 346, 'IMP-260227-000377-81CC', '2026-02-27 15:53:49'),
(378, 378, 'inserted', NULL, 1, 191, 191, 'Jose manuel', '2026-02-21', '2026-02-22', 'Mapas', 'Mapas', NULL, 27, 70000, 347, 'IMP-260227-000378-81CC', '2026-02-27 15:53:49'),
(379, 379, 'inserted', NULL, 1, 191, 191, 'Enric', '2026-02-22', '2026-02-24', 'Booking', 'Booking', 8, NULL, NULL, 348, 'IMP-260227-000379-81CC', '2026-02-27 15:53:49'),
(380, 380, 'inserted', NULL, 1, 191, 191, 'Pedro', '2026-02-24', '2026-02-25', 'Booking', 'Booking', 8, NULL, 70000, 349, 'IMP-260227-000380-81CD', '2026-02-27 15:53:49'),
(381, 381, 'inserted', NULL, 1, 191, 191, 'Alberto del #', '2026-02-25', '2026-02-26', 'Booking', 'Booking', 8, NULL, 200, 350, 'IMP-260227-000381-81CD', '2026-02-27 15:53:49'),
(382, 382, 'inserted', NULL, 1, 191, 191, 'Alberto', '2026-02-26', '2026-02-27', 'Booking', 'Booking', 8, NULL, 70000, 351, 'IMP-260227-000382-81CD', '2026-02-27 15:53:49'),
(383, 383, 'inserted', NULL, 1, 191, 191, 'Cecilia', '2026-02-27', '2026-02-28', 'Booking', 'Booking', 8, NULL, NULL, 352, 'IMP-260227-000383-81CD', '2026-02-27 15:53:49'),
(384, 384, 'inserted', NULL, 1, 192, 192, 'Maria magdalena', '2026-02-01', '2026-02-02', 'Mapas', 'Mapas', NULL, 27, NULL, 353, 'IMP-260227-000384-81CD', '2026-02-27 15:53:49'),
(385, 385, 'inserted', NULL, 1, 192, 192, 'Christian', '2026-02-03', '2026-02-05', 'Booking', 'Booking', 8, NULL, NULL, 354, 'IMP-260227-000385-81CD', '2026-02-27 15:53:49'),
(386, 386, 'inserted', NULL, 1, 192, 192, 'Luis', '2026-02-06', '2026-02-07', 'Mapas', 'Mapas', NULL, 27, 100000, 355, 'IMP-260227-000386-81CD', '2026-02-27 15:53:49'),
(387, 387, 'inserted', NULL, 1, 192, 192, 'Noel Mineli', '2026-02-07', '2026-02-09', 'Mapas', 'Mapas', NULL, 27, 140000, 356, 'IMP-260227-000387-81CD', '2026-02-27 15:53:49'),
(388, 388, 'inserted', NULL, 1, 192, 192, 'Daniel', '2026-02-09', '2026-02-20', 'AirB&B', 'AirB&B', 9, NULL, 770000, 357, 'IMP-260227-000388-81CD', '2026-02-27 15:53:49'),
(389, 389, 'inserted', NULL, 1, 192, 192, 'Eric', '2026-02-22', '2026-02-26', 'Booking', 'Booking', 8, NULL, 600000, 358, 'IMP-260227-000389-81CD', '2026-02-27 15:53:49'),
(390, 390, 'inserted', NULL, 1, 192, 192, 'Enric', '2026-02-26', '2026-02-27', 'Booking', 'Booking', 8, NULL, 75000, 359, 'IMP-260227-000390-81CE', '2026-02-27 15:53:49'),
(391, 391, 'inserted', NULL, 3, 170, 170, 'Alexander', '2026-02-01', '2026-02-02', 'Booking', 'Booking', 8, NULL, 85700, 360, 'IMP-260227-000391-81CE', '2026-02-27 15:53:49'),
(392, 392, 'inserted', NULL, 3, 170, 170, 'María', '2026-02-02', '2026-02-04', 'Booking', 'Booking', 8, NULL, NULL, 361, 'IMP-260227-000392-81CE', '2026-02-27 15:53:49'),
(393, 393, 'inserted', NULL, 3, 170, 170, 'Evelyn', '2026-02-04', '2026-02-05', 'Mapas', 'Mapas', NULL, 27, 70000, 362, 'IMP-260227-000393-81CE', '2026-02-27 15:53:49'),
(394, 394, 'inserted', NULL, 3, 170, 170, 'Sonia', '2026-02-07', '2026-02-09', 'AirB&B', 'AirB&B', 9, NULL, 220000, 363, 'IMP-260227-000394-81CE', '2026-02-27 15:53:49'),
(395, 395, 'inserted', NULL, 3, 170, 170, 'Sofía', '2026-02-10', '2026-02-11', 'Mapas', 'Mapas', NULL, 27, 70000, 364, 'IMP-260227-000395-81CE', '2026-02-27 15:53:49'),
(396, 396, 'inserted', NULL, 3, 170, 170, 'Margarita', '2026-02-12', '2026-02-13', 'Mapas', 'Mapas', NULL, 27, 70000, 365, 'IMP-260227-000396-81CE', '2026-02-27 15:53:49'),
(397, 397, 'inserted', NULL, 3, 170, 170, 'Cesar', '2026-02-13', '2026-02-15', 'Mapas', 'Mapas', NULL, 27, 180000, 366, 'IMP-260227-000397-81CE', '2026-02-27 15:53:49'),
(398, 398, 'inserted', NULL, 3, 170, 170, 'Xime *555 Airb&b', '2026-02-17', '2026-02-20', 'AirB&B', 'AirB&B', 9, NULL, 207000, 367, 'IMP-260227-000398-81CE', '2026-02-27 15:53:49'),
(399, 399, 'inserted', NULL, 3, 170, 170, 'Ximena', '2026-02-20', '2026-02-24', 'AirB&B', 'AirB&B', 9, NULL, 386300, 368, 'IMP-260227-000399-81CE', '2026-02-27 15:53:49'),
(400, 400, 'inserted', NULL, 3, 170, 170, 'Robin', '2026-02-24', '2026-02-25', 'AirB&B', 'AirB&B', 9, NULL, 70000, 369, 'IMP-260227-000400-81CF', '2026-02-27 15:53:49'),
(401, 401, 'inserted', NULL, 3, 170, 170, 'Sergio', '2026-02-26', '2026-02-27', 'Mapas', 'Mapas', NULL, 27, 70000, 370, 'IMP-260227-000401-81CF', '2026-02-27 15:53:49'),
(402, 402, 'inserted', NULL, 3, 170, 170, 'Liz Santos', '2026-02-28', '2026-03-03', 'AirB&B', 'AirB&B', 9, NULL, 270000, 371, 'IMP-260227-000402-81CF', '2026-02-27 15:53:49'),
(403, 403, 'inserted', NULL, 3, 175, 175, 'Mariela', '2026-02-01', '2026-02-02', 'AirB&B', 'AirB&B', 9, NULL, 71400, 372, 'IMP-260227-000403-81CF', '2026-02-27 15:53:49'),
(404, 404, 'inserted', NULL, 3, 175, 175, 'Francesco *', '2026-02-02', '2026-02-09', 'AirB&B', 'AirB&B', 9, NULL, 548000, 373, 'IMP-260227-000404-81CF', '2026-02-27 15:53:49'),
(405, 405, 'inserted', NULL, 3, 175, 175, 'David', '2026-02-09', '2026-02-10', 'Booking', 'Booking', 8, NULL, 50000, 374, 'IMP-260227-000405-81CF', '2026-02-27 15:53:49'),
(406, 406, 'inserted', NULL, 3, 175, 175, 'Anja', '2026-02-10', '2026-02-11', 'Mapas', 'Mapas', NULL, 27, 60000, 375, 'IMP-260227-000406-81CF', '2026-02-27 15:53:49'),
(407, 407, 'inserted', NULL, 3, 175, 175, 'Kevin salgado', '2026-02-11', '2026-02-12', 'Mapas', 'Mapas', NULL, 27, 65000, 376, 'IMP-260227-000407-81CF', '2026-02-27 15:53:49'),
(408, 408, 'inserted', NULL, 3, 175, 175, 'Bryan', '2026-02-13', '2026-02-14', 'Mapas', 'Mapas', NULL, 27, 60000, 377, 'IMP-260227-000408-81CF', '2026-02-27 15:53:49'),
(409, 409, 'inserted', NULL, 3, 175, 175, 'Mara', '2026-02-14', '2026-02-16', 'Booking', 'Booking', 8, NULL, 150000, 378, 'IMP-260227-000409-81CF', '2026-02-27 15:53:49'),
(410, 410, 'inserted', NULL, 3, 175, 175, 'Eduardo', '2026-02-17', '2026-02-19', 'Mapas', 'Mapas', NULL, 27, 120000, 379, 'IMP-260227-000410-81D0', '2026-02-27 15:53:49'),
(411, 411, 'inserted', NULL, 3, 175, 175, 'Saffron', '2026-02-20', '2026-02-23', 'AirB&B', 'AirB&B', 9, NULL, 210000, 380, 'IMP-260227-000411-81D0', '2026-02-27 15:53:49'),
(412, 412, 'inserted', NULL, 3, 175, 175, 'Saffron', '2026-02-23', '2026-02-24', 'AirB&B', 'AirB&B', 9, NULL, 70000, 381, 'IMP-260227-000412-81D0', '2026-02-27 15:53:49'),
(413, 413, 'inserted', NULL, 3, 175, 175, 'Guadalupe', '2026-02-24', '2026-02-26', 'Mapas', 'Mapas', NULL, 27, 160000, 382, 'IMP-260227-000413-81D0', '2026-02-27 15:53:49'),
(414, 414, 'inserted', NULL, 3, 175, 175, 'Guadalupe', '2026-02-26', '2026-02-27', 'Mapas', 'Mapas', NULL, 27, 80000, 383, 'IMP-260227-000414-81D0', '2026-02-27 15:53:49'),
(415, 415, 'inserted', NULL, 3, 172, 172, 'Chong', '2026-02-01', '2026-02-06', 'Booking', 'Booking', 8, NULL, 305000, 384, 'IMP-260227-000415-81D0', '2026-02-27 15:53:49'),
(416, 416, 'inserted', NULL, 3, 172, 172, 'Didier', '2026-02-07', '2026-02-10', 'Mapas', 'Mapas', NULL, 27, 240000, 385, 'IMP-260227-000416-81D0', '2026-02-27 15:53:49'),
(417, 417, 'inserted', NULL, 3, 172, 172, 'Kevin', '2026-02-11', '2026-02-15', 'Mapas', 'Mapas', NULL, 27, 280000, 386, 'IMP-260227-000417-81D0', '2026-02-27 15:53:49'),
(418, 418, 'inserted', NULL, 3, 172, 172, 'Sandra', '2026-02-16', '2026-02-17', 'Booking', 'Booking', 8, NULL, 140000, 387, 'IMP-260227-000418-81D0', '2026-02-27 15:53:49'),
(419, 419, 'inserted', NULL, 3, 172, 172, 'Citlalli', '2026-02-17', '2026-02-18', 'Mapas', 'Mapas', NULL, 27, 110000, 388, 'IMP-260227-000419-81D1', '2026-02-27 15:53:49'),
(420, 420, 'inserted', NULL, 3, 172, 172, 'lucio', '2026-02-20', '2026-02-21', 'Mapas', 'Mapas', NULL, 27, 140000, 389, 'IMP-260227-000420-81D1', '2026-02-27 15:53:49'),
(421, 421, 'inserted', NULL, 3, 172, 172, 'Elsa', '2026-02-21', '2026-02-22', 'Mapas', 'Mapas', NULL, 27, 80000, 390, 'IMP-260227-000421-81D1', '2026-02-27 15:53:49'),
(422, 422, 'inserted', NULL, 3, 172, 172, 'Gabby paggado****', '2026-02-22', '2026-02-26', 'Mapas', 'Mapas', NULL, 27, 280000, 391, 'IMP-260227-000422-81D1', '2026-02-27 15:53:49'),
(423, 423, 'inserted', NULL, 3, 172, 172, 'Ricardo', '2026-02-26', '2026-03-01', 'AirB&B', 'AirB&B', 9, NULL, NULL, 392, 'IMP-260227-000423-81D1', '2026-02-27 15:53:49'),
(424, 424, 'inserted', NULL, 3, 173, 173, 'María', '2026-02-01', '2026-02-02', 'Booking', 'Booking', 8, NULL, 204000, 393, 'IMP-260227-000424-81D1', '2026-02-27 15:53:49'),
(425, 425, 'inserted', NULL, 3, 173, 173, 'ALEX *642*', '2026-02-02', '2026-02-09', 'Booking', 'Booking', 8, NULL, 450000, 394, 'IMP-260227-000425-81D1', '2026-02-27 15:53:49'),
(426, 426, 'inserted', NULL, 3, 173, 173, 'Jannet Garcia', '2026-02-10', '2026-02-12', 'AirB&B', 'AirB&B', 9, NULL, 140000, 395, 'IMP-260227-000426-81D1', '2026-02-27 15:53:49'),
(427, 427, 'inserted', NULL, 3, 173, 173, 'Eduardo', '2026-02-13', '2026-02-15', 'Mapas', 'Mapas', NULL, 27, 200000, 396, 'IMP-260227-000427-81D1', '2026-02-27 15:53:49'),
(428, 428, 'inserted', NULL, 3, 173, 173, 'Peter', '2026-02-17', '2026-02-19', 'Booking', 'Booking', 8, NULL, 140000, 397, 'IMP-260227-000428-81D2', '2026-02-27 15:53:49'),
(429, 429, 'inserted', NULL, 3, 173, 173, 'Lidia', '2026-02-21', '2026-02-22', 'Mapas', 'Mapas', NULL, 27, 80000, 398, 'IMP-260227-000429-81D2', '2026-02-27 15:53:49'),
(430, 430, 'inserted', NULL, 3, 173, 173, 'Jonna', '2026-02-22', '2026-02-23', 'Booking', 'Booking', 8, NULL, 70000, 399, 'IMP-260227-000430-81D2', '2026-02-27 15:53:49'),
(431, 431, 'inserted', NULL, 3, 173, 173, 'David', '2026-02-23', '2026-02-25', 'AirB&B', 'AirB&B', 9, NULL, 140000, 400, 'IMP-260227-000431-81D2', '2026-02-27 15:53:49'),
(432, 432, 'inserted', NULL, 3, 173, 173, 'David', '2026-02-25', '2026-02-28', 'Booking', 'Booking', 8, NULL, 210000, 401, 'IMP-260227-000432-81D2', '2026-02-27 15:53:49'),
(433, 433, 'inserted', NULL, 3, 174, 174, 'Olesia *600*', '2026-02-01', '2026-02-05', 'AirB&B', 'AirB&B', 9, NULL, 240000, 402, 'IMP-260227-000433-81D2', '2026-02-27 15:53:49'),
(434, 434, 'inserted', NULL, 3, 174, 174, 'Markle', '2026-02-05', '2026-02-08', 'Booking', 'Booking', 8, NULL, 400000, 403, 'IMP-260227-000434-81D2', '2026-02-27 15:53:49'),
(435, 435, 'inserted', NULL, 3, 174, 174, 'Dulce', '2026-02-08', '2026-02-09', 'Mapas', 'Mapas', NULL, 27, 80000, 404, 'IMP-260227-000435-81D2', '2026-02-27 15:53:49'),
(436, 436, 'inserted', NULL, 3, 174, 174, 'Alejandro', '2026-02-09', '2026-02-11', 'Mapas', 'Mapas', NULL, 27, 150000, 405, 'IMP-260227-000436-81D3', '2026-02-27 15:53:49'),
(437, 437, 'inserted', NULL, 3, 174, 174, 'Daniel', '2026-02-11', '2026-02-14', 'Mapas', 'Mapas', NULL, 27, 240000, 406, 'IMP-260227-000437-81D3', '2026-02-27 15:53:49'),
(438, 438, 'inserted', NULL, 3, 174, 174, 'Ery resta +786 Airb&b', '2026-02-14', '2026-02-17', 'AirB&B', 'AirB&B', 9, NULL, 200000, 407, 'IMP-260227-000438-81D3', '2026-02-27 15:53:49'),
(439, 439, 'inserted', NULL, 3, 174, 174, 'Erika extensión', '2026-02-17', '2026-02-18', 'AirB&B', 'AirB&B', 9, NULL, 50000, 408, 'IMP-260227-000439-81D3', '2026-02-27 15:53:49'),
(440, 440, 'inserted', NULL, 3, 174, 174, 'Miguel', '2026-02-18', '2026-02-21', 'AirB&B', 'AirB&B', 9, NULL, 180000, 409, 'IMP-260227-000440-81D3', '2026-02-27 15:53:49'),
(441, 441, 'inserted', NULL, 3, 174, 174, 'José', '2026-02-21', '2026-02-23', 'AirB&B', 'AirB&B', 9, NULL, 150000, 410, 'IMP-260227-000441-81D3', '2026-02-27 15:53:49'),
(442, 442, 'inserted', NULL, 3, 174, 174, 'Gustavo', '2026-02-23', '2026-02-27', 'Booking', 'Booking', 8, NULL, 250000, 411, 'IMP-260227-000442-81D3', '2026-02-27 15:53:49'),
(443, 443, 'inserted', NULL, 3, 174, 174, 'Alex', '2026-02-27', '2026-03-02', 'Mapas', 'Mapas', NULL, 27, 200000, 412, 'IMP-260227-000443-81D3', '2026-02-27 15:53:49'),
(444, 444, 'inserted', NULL, 3, 171, 171, 'Graham *880*', '2026-02-01', '2026-02-09', 'Booking', 'Booking', 8, NULL, 704000, 413, 'IMP-260227-000444-81D4', '2026-02-27 15:53:49'),
(445, 445, 'inserted', NULL, 3, 171, 171, 'Sara', '2026-02-10', '2026-02-18', 'AirB&B', 'AirB&B', 9, NULL, 572700, 414, 'IMP-260227-000445-81D4', '2026-02-27 15:53:49'),
(446, 446, 'inserted', NULL, 3, 171, 171, 'Edgar', '2026-02-18', '2026-02-22', 'AirB&B', 'AirB&B', 9, NULL, 355900, 415, 'IMP-260227-000446-81D4', '2026-02-27 15:53:49'),
(447, 447, 'inserted', NULL, 3, 171, 171, 'Edgar', '2026-02-22', '2026-02-23', 'AirB&B', 'AirB&B', 9, NULL, 95000, 416, 'IMP-260227-000447-81D4', '2026-02-27 15:53:49'),
(448, 448, 'inserted', NULL, 3, 171, 171, 'Edgar', '2026-02-23', '2026-02-24', 'AirB&B', 'AirB&B', 9, NULL, 95000, 417, 'IMP-260227-000448-81D4', '2026-02-27 15:53:49'),
(449, 449, 'inserted', NULL, 3, 171, 171, 'José Manuel', '2026-02-26', '2026-02-27', 'Mapas', 'Mapas', NULL, 27, 75000, 418, 'IMP-260227-000449-81D4', '2026-02-27 15:53:49'),
(450, 450, 'skipped', 'cuarto no valido para propiedad (id/code): 226', 5, 226, NULL, 'Keila', '2026-02-04', '2026-02-05', 'AirB&B', NULL, NULL, NULL, NULL, NULL, NULL, '2026-02-27 15:53:49'),
(451, 451, 'skipped', 'cuarto no valido para propiedad (id/code): 226', 5, 226, NULL, 'Raúl', '2026-02-05', '2026-02-08', 'AirB&B', NULL, NULL, NULL, NULL, NULL, NULL, '2026-02-27 15:53:49'),
(452, 452, 'skipped', 'cuarto no valido para propiedad (id/code): 226', 5, 226, NULL, 'Celeste', '2026-02-14', '2026-02-17', 'AirB&B', NULL, NULL, NULL, NULL, NULL, NULL, '2026-02-27 15:53:49'),
(453, 453, 'skipped', 'cuarto no valido para propiedad (id/code): 226', 5, 226, NULL, 'Lidia', '2026-02-22', '2026-02-23', 'Mapas', NULL, NULL, NULL, NULL, NULL, NULL, '2026-02-27 15:53:49'),
(454, 454, 'skipped', 'cuarto no valido para propiedad (id/code): 226', 5, 226, NULL, 'Rena', '2026-02-24', '2026-03-04', 'Expedia', NULL, NULL, NULL, NULL, NULL, NULL, '2026-02-27 15:53:49'),
(455, 455, 'skipped', 'cuarto no valido para propiedad (id/code): 227', 5, 227, NULL, 'Raúl', '2026-02-01', '2026-02-06', 'Booking', NULL, NULL, NULL, NULL, NULL, NULL, '2026-02-27 15:53:49'),
(456, 456, 'skipped', 'cuarto no valido para propiedad (id/code): 227', 5, 227, NULL, 'Lauren', '2026-02-08', '2026-02-11', 'AirB&B', NULL, NULL, NULL, NULL, NULL, NULL, '2026-02-27 15:53:49'),
(457, 457, 'skipped', 'cuarto no valido para propiedad (id/code): 227', 5, 227, NULL, 'Rommel', '2026-02-12', '2026-02-13', 'Booking', NULL, NULL, NULL, NULL, NULL, NULL, '2026-02-27 15:53:49'),
(458, 458, 'skipped', 'cuarto no valido para propiedad (id/code): 227', 5, 227, NULL, 'Juan Carlos', '2026-02-14', '2026-02-15', 'AirB&B', NULL, NULL, NULL, NULL, NULL, NULL, '2026-02-27 15:53:49'),
(459, 459, 'skipped', 'cuarto no valido para propiedad (id/code): 227', 5, 227, NULL, 'Michael', '2026-02-15', '2026-02-16', 'Booking', NULL, NULL, NULL, NULL, NULL, NULL, '2026-02-27 15:53:49'),
(460, 460, 'skipped', 'cuarto no valido para propiedad (id/code): 227', 5, 227, NULL, 'David', '2026-02-22', '2026-02-23', 'AirB&B', NULL, NULL, NULL, NULL, NULL, NULL, '2026-02-27 15:53:49'),
(461, 461, 'skipped', 'cuarto no valido para propiedad (id/code): 227', 5, 227, NULL, 'Jaime / efectivo 2309', '2026-02-23', '2026-03-02', 'AirB&B', NULL, NULL, NULL, NULL, NULL, NULL, '2026-02-27 15:53:49'),
(462, 462, 'skipped', 'cuarto no valido para propiedad (id/code): 228', 5, 228, NULL, 'Claude', '2026-02-02', '2026-02-03', 'Booking', NULL, NULL, NULL, NULL, NULL, NULL, '2026-02-27 15:53:49'),
(463, 463, 'skipped', 'cuarto no valido para propiedad (id/code): 228', 5, 228, NULL, 'Gunda', '2026-02-09', '2026-02-11', 'AirB&B', NULL, NULL, NULL, NULL, NULL, NULL, '2026-02-27 15:53:49'),
(464, 464, 'skipped', 'cuarto no valido para propiedad (id/code): 228', 5, 228, NULL, 'Marine', '2026-02-13', '2026-02-15', 'AirB&B', NULL, NULL, NULL, NULL, NULL, NULL, '2026-02-27 15:53:49'),
(465, 465, 'skipped', 'cuarto no valido para propiedad (id/code): 228', 5, 228, NULL, 'Julia', '2026-02-16', '2026-02-17', 'AirB&B', NULL, NULL, NULL, NULL, NULL, NULL, '2026-02-27 15:53:49'),
(466, 466, 'skipped', 'cuarto no valido para propiedad (id/code): 228', 5, 228, NULL, 'Julia', '2026-02-17', '2026-02-18', 'AirB&B', NULL, NULL, NULL, NULL, NULL, NULL, '2026-02-27 15:53:49'),
(467, 467, 'skipped', 'cuarto no valido para propiedad (id/code): 228', 5, 228, NULL, 'Diego', '2026-02-22', '2026-02-23', 'AirB&B', NULL, NULL, NULL, NULL, NULL, NULL, '2026-02-27 15:53:49'),
(468, 468, 'skipped', 'cuarto no valido para propiedad (id/code): 228', 5, 228, NULL, 'Celeste', '2026-02-23', '2026-02-24', 'Mapas', NULL, NULL, NULL, NULL, NULL, NULL, '2026-02-27 15:53:49'),
(469, 469, 'skipped', 'cuarto no valido para propiedad (id/code): 228', 5, 228, NULL, 'Julia', '2026-02-25', '2026-02-26', 'Mapas', NULL, NULL, NULL, NULL, NULL, NULL, '2026-02-27 15:53:49'),
(470, 470, 'skipped', 'cuarto no valido para propiedad (id/code): 229', 5, 229, NULL, 'Eric', '2026-02-01', '2026-02-02', 'AirB&B', NULL, NULL, NULL, NULL, NULL, NULL, '2026-02-27 15:53:49'),
(471, 471, 'skipped', 'cuarto no valido para propiedad (id/code): 229', 5, 229, NULL, 'Van efectivo +528airb&b 2128', '2026-02-14', '2026-02-17', 'AirB&B', NULL, NULL, NULL, NULL, NULL, NULL, '2026-02-27 15:53:49'),
(472, 472, 'skipped', 'cuarto no valido para propiedad (id/code): 229', 5, 229, NULL, 'Van', '2026-02-17', '2026-02-19', 'AirB&B', NULL, NULL, NULL, NULL, NULL, NULL, '2026-02-27 15:53:49'),
(473, 473, 'skipped', 'cuarto no valido para propiedad (id/code): 229', 5, 229, NULL, 'Castillo Bautista', '2026-02-27', '2026-03-01', 'AirB&B', NULL, NULL, NULL, NULL, NULL, NULL, '2026-02-27 15:53:49'),
(474, 474, 'inserted', NULL, 4, 184, 184, 'Ximena', '2026-02-07', '2026-02-08', 'Mapas', 'Mapas', NULL, 27, 90000, 419, 'IMP-260227-000474-81D5', '2026-02-27 15:53:49'),
(475, 475, 'inserted', NULL, 4, 184, 184, 'Rick', '2026-02-14', '2026-02-15', 'Booking', 'Booking', 8, NULL, 80000, 420, 'IMP-260227-000475-81D5', '2026-02-27 15:53:49'),
(476, 476, 'inserted', NULL, 4, 184, 184, 'Janet', '2026-02-16', '2026-02-17', 'Mapas', 'Mapas', NULL, 27, 70000, 421, 'IMP-260227-000476-81D5', '2026-02-27 15:53:49'),
(477, 477, 'inserted', NULL, 4, 184, 184, 'Jorge', '2026-02-20', '2026-02-23', 'Mapas', 'Mapas', NULL, 27, 300000, 422, 'IMP-260227-000477-81D5', '2026-02-27 15:53:49'),
(478, 478, 'inserted', NULL, 4, 184, 184, 'Jorge', '2026-02-23', '2026-02-25', 'Mapas', 'Mapas', NULL, 27, 200000, 423, 'IMP-260227-000478-81D6', '2026-02-27 15:53:49'),
(479, 479, 'inserted', NULL, 4, 185, 185, 'Janet', '2026-02-01', '2026-02-12', 'AirB&B', 'AirB&B', 9, NULL, NULL, 424, 'IMP-260227-000479-81D6', '2026-02-27 15:53:49'),
(480, 480, 'inserted', NULL, 4, 185, 185, 'Maritza', '2026-02-14', '2026-02-17', 'AirB&B', 'AirB&B', 9, NULL, 270000, 425, 'IMP-260227-000480-81D6', '2026-02-27 15:53:49'),
(481, 481, 'inserted', NULL, 4, 185, 185, 'Carlos', '2026-02-20', '2026-02-23', 'AirB&B', 'AirB&B', 9, NULL, 210000, 426, 'IMP-260227-000481-81D6', '2026-02-27 15:53:49'),
(482, 482, 'inserted', NULL, 6, 177, 177, 'Heriberta', '2026-02-01', '2026-02-03', 'Booking', 'Booking', 8, NULL, 300000, 427, 'IMP-260227-000482-81D6', '2026-02-27 15:53:49'),
(483, 483, 'inserted', NULL, 6, 177, 177, 'Mitzi', '2026-02-03', '2026-02-04', 'AirB&B', 'AirB&B', 9, NULL, 130000, 428, 'IMP-260227-000483-81D6', '2026-02-27 15:53:49'),
(484, 484, 'inserted', NULL, 6, 177, 177, 'Luis', '2026-02-04', '2026-02-07', 'AirB&B', 'AirB&B', 9, NULL, 454100, 429, 'IMP-260227-000484-81D6', '2026-02-27 15:53:49'),
(485, 485, 'inserted', NULL, 6, 177, 177, 'Mario', '2026-02-07', '2026-02-09', 'Booking', 'Booking', 8, NULL, 300000, 430, 'IMP-260227-000485-81D7', '2026-02-27 15:53:49'),
(486, 486, 'inserted', NULL, 6, 177, 177, 'Camille', '2026-02-09', '2026-02-13', 'AirB&B', 'AirB&B', 9, NULL, 540000, 431, 'IMP-260227-000486-81D7', '2026-02-27 15:53:49'),
(487, 487, 'inserted', NULL, 6, 177, 177, 'Dennis', '2026-02-13', '2026-02-17', 'Booking', 'Booking', 8, NULL, 600000, 432, 'IMP-260227-000487-81D7', '2026-02-27 15:53:49'),
(488, 488, 'inserted', NULL, 6, 177, 177, 'Luisa *916 Airb&b 6,000 kike', '2026-02-19', '2026-02-24', 'AirB&B', 'AirB&B', 9, NULL, 770000, 433, 'IMP-260227-000488-81D7', '2026-02-27 15:53:49'),
(489, 489, 'inserted', NULL, 6, 177, 177, 'Marisol efectivo', '2026-02-24', '2026-02-26', 'AirB&B', 'AirB&B', 9, NULL, 213700, 434, 'IMP-260227-000489-81D7', '2026-02-27 15:53:49'),
(490, 490, 'inserted', NULL, 6, 177, 177, 'Bloqueado Kike', '2026-02-26', '2026-02-28', 'Mapas', 'Mapas', NULL, 27, NULL, 435, 'IMP-260227-000490-81D7', '2026-02-27 15:53:49'),
(491, 491, 'skipped', 'empalme con reservacion existente', 6, 177, 177, 'Szabolcs', '2026-02-03', '2026-02-04', 'AirB&B', 'AirB&B', 9, NULL, NULL, NULL, NULL, '2026-02-27 15:53:49'),
(492, 492, 'inserted', NULL, 6, 178, 178, 'Idania', '2026-02-01', '2026-02-02', 'Booking', 'Booking', 8, NULL, NULL, 436, 'IMP-260227-000492-81D7', '2026-02-27 15:53:49'),
(493, 493, 'inserted', NULL, 6, 178, 178, 'Idania', '2026-02-02', '2026-02-03', 'Booking', 'Booking', 8, NULL, 140000, 437, 'IMP-260227-000493-81D8', '2026-02-27 15:53:49'),
(494, 494, 'inserted', NULL, 6, 178, 178, 'Oscar *resta 5600', '2026-02-05', '2026-02-09', 'AirB&B', 'AirB&B', 9, NULL, 630000, 438, 'IMP-260227-000494-81D8', '2026-02-27 15:53:49'),
(495, 495, 'inserted', NULL, 6, 178, 178, 'Saúl (pago ABB, faltan cash) faltan 300 pesos, para revisarlo', '2026-02-09', '2026-02-11', 'AirB&B', 'AirB&B', 9, NULL, 40000, 439, 'IMP-260227-000495-81D8', '2026-02-27 15:53:49'),
(496, 496, 'inserted', NULL, 6, 178, 178, 'Andrea', '2026-02-11', '2026-02-15', 'AirB&B', 'AirB&B', 9, NULL, 680000, 440, 'IMP-260227-000496-81D8', '2026-02-27 15:53:49'),
(497, 497, 'inserted', NULL, 6, 178, 178, 'Valentin (342 AB&B -2600 cash)', '2026-02-15', '2026-02-17', 'AirB&B', 'AirB&B', 9, NULL, 294200, 441, 'IMP-260227-000497-81D8', '2026-02-27 15:53:49'),
(498, 498, 'inserted', NULL, 6, 178, 178, 'Yoselin 366airb&b', '2026-02-19', '2026-02-24', 'AirB&B', 'AirB&B', 9, NULL, 640000, 442, 'IMP-260227-000498-81D8', '2026-02-27 15:53:49'),
(499, 499, 'inserted', NULL, 6, 178, 178, 'Samantha *5500 tranferencia', '2026-02-24', '2026-02-28', 'AirB&B', 'AirB&B', 9, NULL, 700000, 443, 'IMP-260227-000499-81D8', '2026-02-27 15:53:49'),
(500, 500, 'inserted', NULL, 6, 178, 178, 'Fracisco', '2026-02-28', '2026-03-04', 'AirB&B', 'AirB&B', 9, NULL, NULL, 444, 'IMP-260227-000500-81D8', '2026-02-27 15:53:49'),
(501, 501, 'inserted', NULL, 9, 211, 211, 'Miriam', '2026-02-01', '2026-02-03', 'Mapas', 'Mapas', NULL, 27, NULL, 445, 'IMP-260227-000501-81D9', '2026-02-27 15:53:49'),
(502, 502, 'inserted', NULL, 9, 211, 211, 'Miriam', '2026-02-03', '2026-02-08', 'Mapas', 'Mapas', NULL, 27, 300000, 446, 'IMP-260227-000502-81D9', '2026-02-27 15:53:49'),
(503, 503, 'inserted', NULL, 9, 211, 211, 'Miriam', '2026-02-08', '2026-02-13', 'Mapas', 'Mapas', NULL, 27, 300000, 447, 'IMP-260227-000503-81D9', '2026-02-27 15:53:49'),
(504, 504, 'inserted', NULL, 9, 212, 212, 'Félix', '2026-02-01', '2026-02-03', 'Mapas', 'Mapas', NULL, 27, 120000, 448, 'IMP-260227-000504-81D9', '2026-02-27 15:53:49'),
(505, 505, 'inserted', NULL, 9, 212, 212, 'Sandra', '2026-02-07', '2026-02-08', 'Mapas', 'Mapas', NULL, 27, 640000, 449, 'IMP-260227-000505-81D9', '2026-02-27 15:53:49'),
(506, 506, 'inserted', NULL, 9, 212, 212, 'Juan Carlos', '2026-02-26', '2026-03-02', 'Expedia', 'Expedia', 12, NULL, 260000, 450, 'IMP-260227-000506-81D9', '2026-02-27 15:53:49'),
(507, 507, 'inserted', NULL, 9, 213, 213, 'Leydy', '2026-02-01', '2026-02-02', 'Mapas', 'Mapas', NULL, 27, 70000, 451, 'IMP-260227-000507-81D9', '2026-02-27 15:53:49'),
(508, 508, 'inserted', NULL, 9, 213, 213, 'Corine', '2026-02-05', '2026-02-07', 'Mapas', 'Mapas', NULL, 27, 150000, 452, 'IMP-260227-000508-81D9', '2026-02-27 15:53:49'),
(509, 509, 'inserted', NULL, 9, 213, 213, 'Ivan', '2026-02-14', '2026-02-15', 'AirB&B', 'AirB&B', 9, NULL, 70000, 453, 'IMP-260227-000509-81DA', '2026-02-27 15:53:49'),
(510, 510, 'inserted', NULL, 9, 214, 214, 'Dante', '2026-02-01', '2026-02-02', 'Booking', 'Booking', 8, NULL, NULL, 454, 'IMP-260227-000510-81DA', '2026-02-27 15:53:49'),
(511, 511, 'inserted', NULL, 9, 214, 214, 'Gustavo', '2026-02-14', '2026-02-15', 'Mapas', 'Mapas', NULL, 27, 100000, 455, 'IMP-260227-000511-81DA', '2026-02-27 15:53:49'),
(512, 512, 'inserted', NULL, 9, 214, 214, 'Rosasiela', '2026-02-23', '2026-02-25', 'Mapas', 'Mapas', NULL, 27, 180000, 456, 'IMP-260227-000512-81DA', '2026-02-27 15:53:49'),
(513, 513, 'inserted', NULL, 9, 214, 214, 'Renato', '2026-02-25', '2026-02-26', 'AirB&B', 'AirB&B', 9, NULL, 60000, 457, 'IMP-260227-000513-81DA', '2026-02-27 15:53:49'),
(514, 514, 'inserted', NULL, 9, 215, 215, 'Laura', '2026-02-01', '2026-02-04', 'Booking', 'Booking', 8, NULL, 210000, 458, 'IMP-260227-000514-81DA', '2026-02-27 15:53:49'),
(515, 515, 'inserted', NULL, 9, 215, 215, 'Erick', '2026-02-04', '2026-02-06', 'Expedia', 'Expedia', 12, NULL, 180000, 459, 'IMP-260227-000515-81DA', '2026-02-27 15:53:49'),
(516, 516, 'inserted', NULL, 9, 215, 215, 'Carlos', '2026-02-06', '2026-02-09', 'AirB&B', 'AirB&B', 9, NULL, 281300, 460, 'IMP-260227-000516-81DA', '2026-02-27 15:53:49'),
(517, 517, 'inserted', NULL, 9, 215, 215, 'Julia', '2026-02-13', '2026-02-14', 'Mapas', 'Mapas', NULL, 27, 80000, 461, 'IMP-260227-000517-81DA', '2026-02-27 15:53:49'),
(518, 518, 'inserted', NULL, 9, 215, 215, 'Annika', '2026-02-14', '2026-02-17', 'AirB&B', 'AirB&B', 9, NULL, NULL, 462, 'IMP-260227-000518-81DB', '2026-02-27 15:53:49'),
(519, 519, 'inserted', NULL, 9, 215, 215, 'Romo + 1800', '2026-02-21', '2026-02-26', 'Mapas', 'Mapas', NULL, 27, 210000, 463, 'IMP-260227-000519-81DB', '2026-02-27 15:53:49'),
(520, 520, 'inserted', NULL, 9, 216, 216, 'Gaby', '2026-02-01', '2026-02-02', 'AirB&B', 'AirB&B', 9, NULL, NULL, 464, 'IMP-260227-000520-81DB', '2026-02-27 15:53:49'),
(521, 521, 'inserted', NULL, 9, 216, 216, 'Erick', '2026-02-04', '2026-02-06', 'Expedia', 'Expedia', 12, NULL, 180000, 465, 'IMP-260227-000521-81DB', '2026-02-27 15:53:49'),
(522, 522, 'inserted', NULL, 9, 216, 216, 'Sandra', '2026-02-07', '2026-02-08', 'Mapas', 'Mapas', NULL, 27, NULL, 466, 'IMP-260227-000522-81DB', '2026-02-27 15:53:49'),
(523, 523, 'inserted', NULL, 9, 216, 216, 'Ezequiel', '2026-02-09', '2026-02-10', 'Mapas', 'Mapas', NULL, 27, 80000, 467, 'IMP-260227-000523-81DB', '2026-02-27 15:53:49'),
(524, 524, 'inserted', NULL, 9, 216, 216, 'Ezequiel', '2026-02-10', '2026-02-11', 'Mapas', 'Mapas', NULL, 27, 80000, 468, 'IMP-260227-000524-81DB', '2026-02-27 15:53:49'),
(525, 525, 'inserted', NULL, 9, 216, 216, 'Sam', '2026-02-13', '2026-02-15', 'Booking', 'Booking', 8, NULL, 190000, 469, 'IMP-260227-000525-81DB', '2026-02-27 15:53:49'),
(526, 526, 'inserted', NULL, 9, 216, 216, 'Alan', '2026-02-19', '2026-02-22', 'AirB&B', 'AirB&B', 9, NULL, 240000, 470, 'IMP-260227-000526-81DC', '2026-02-27 15:53:49'),
(527, 527, 'inserted', NULL, 9, 216, 216, 'Eliseo', '2026-02-23', '2026-02-24', 'Mapas', 'Mapas', NULL, 27, 100000, 471, 'IMP-260227-000527-81DC', '2026-02-27 15:53:49'),
(528, 528, 'inserted', NULL, 9, 217, 217, 'Melany', '2026-02-01', '2026-02-02', 'Mapas', 'Mapas', NULL, 27, NULL, 472, 'IMP-260227-000528-81DC', '2026-02-27 15:53:49'),
(529, 529, 'inserted', NULL, 9, 217, 217, 'Capucini', '2026-02-09', '2026-02-12', 'Booking', 'Booking', 8, NULL, NULL, 473, 'IMP-260227-000529-81DC', '2026-02-27 15:53:49'),
(530, 530, 'inserted', NULL, 9, 217, 217, 'Julia', '2026-02-13', '2026-02-14', 'AirB&B', 'AirB&B', 9, NULL, 50000, 474, 'IMP-260227-000530-81DC', '2026-02-27 15:53:49'),
(531, 531, 'inserted', NULL, 9, 217, 217, 'Saraí', '2026-02-14', '2026-02-15', 'Mapas', 'Mapas', NULL, 27, 60000, 475, 'IMP-260227-000531-81DC', '2026-02-27 15:53:49'),
(532, 532, 'inserted', NULL, 9, 217, 217, 'Alejandro', '2026-02-15', '2026-02-16', 'Mapas', 'Mapas', NULL, 27, 60000, 476, 'IMP-260227-000532-81DC', '2026-02-27 15:53:49'),
(533, 533, 'inserted', NULL, 9, 217, 217, 'Mirza', '2026-02-20', '2026-02-23', 'Mapas', 'Mapas', NULL, 27, 180000, 477, 'IMP-260227-000533-81DC', '2026-02-27 15:53:49'),
(534, 534, 'inserted', NULL, 9, 217, 217, 'Eduard', '2026-02-23', '2026-02-27', 'Booking', 'Booking', 8, NULL, 506600, 478, 'IMP-260227-000534-81DC', '2026-02-27 15:53:49'),
(535, 535, 'inserted', NULL, 9, 218, 218, 'Yovani', '2026-02-01', '2026-02-02', 'Mapas', 'Mapas', NULL, 27, 40000, 479, 'IMP-260227-000535-81DC', '2026-02-27 15:53:49'),
(536, 536, 'inserted', NULL, 9, 218, 218, 'Elad', '2026-02-02', '2026-02-03', 'Mapas', 'Mapas', NULL, 27, 60000, 480, 'IMP-260227-000536-81DD', '2026-02-27 15:53:49'),
(537, 537, 'inserted', NULL, 9, 218, 218, 'Dulce', '2026-02-03', '2026-02-05', 'Booking', 'Booking', 8, NULL, 130000, 481, 'IMP-260227-000537-81DD', '2026-02-27 15:53:49'),
(538, 538, 'inserted', NULL, 9, 218, 218, 'Abner', '2026-02-10', '2026-02-11', 'AirB&B', 'AirB&B', 9, NULL, 60000, 482, 'IMP-260227-000538-81DD', '2026-02-27 15:53:49'),
(539, 539, 'inserted', NULL, 9, 218, 218, 'Ezequiel', '2026-02-11', '2026-02-12', 'Mapas', 'Mapas', NULL, 27, 60000, 483, 'IMP-260227-000539-81DD', '2026-02-27 15:53:49'),
(540, 540, 'inserted', NULL, 9, 218, 218, 'Erika Victor', '2026-02-12', '2026-02-14', 'AirB&B', 'AirB&B', 9, NULL, 120000, 484, 'IMP-260227-000540-81DD', '2026-02-27 15:53:49'),
(541, 541, 'inserted', NULL, 9, 218, 218, 'Rosaisela', '2026-02-23', '2026-02-25', 'Mapas', 'Mapas', NULL, 27, 180000, 485, 'IMP-260227-000541-81DD', '2026-02-27 15:53:49'),
(542, 542, 'inserted', NULL, 9, 210, 210, 'Merlin', '2026-02-01', '2026-02-03', 'Mapas', 'Mapas', NULL, 27, NULL, 486, 'IMP-260227-000542-81DD', '2026-02-27 15:53:49'),
(543, 543, 'inserted', NULL, 9, 210, 210, 'Jonathan', '2026-02-13', '2026-02-14', 'Mapas', 'Mapas', NULL, 27, 60000, 487, 'IMP-260227-000543-81DD', '2026-02-27 15:53:49'),
(544, 544, 'inserted', NULL, 9, 210, 210, 'Alejandro', '2026-02-16', '2026-02-17', 'Mapas', 'Mapas', NULL, 27, 60000, 488, 'IMP-260227-000544-81DE', '2026-02-27 15:53:49'),
(545, 545, 'inserted', NULL, 9, 210, 210, 'Eduard', '2026-02-23', '2026-02-27', 'Booking', 'Booking', 8, NULL, NULL, 489, 'IMP-260227-000545-81DE', '2026-02-27 15:53:49'),
(546, 546, 'inserted', NULL, 1, 187, 187, 'Alejandro', '2026-03-02', '2026-03-07', 'AirB&B', 'AirB&B', 9, NULL, 350000, 490, 'IMP-260227-000546-81DE', '2026-02-27 15:53:49'),
(547, 547, 'inserted', NULL, 1, 188, 188, 'Liliana', '2026-03-03', '2026-03-05', 'Mapas', 'Mapas', NULL, 27, 160000, 491, 'IMP-260227-000547-81DE', '2026-02-27 15:53:49'),
(548, 548, 'inserted', NULL, 1, 188, 188, 'Fernanda', '2026-03-06', '2026-03-10', 'AirB&B', 'AirB&B', 9, NULL, 320000, 492, 'IMP-260227-000548-81DE', '2026-02-27 15:53:49'),
(549, 549, 'inserted', NULL, 1, 188, 188, 'Judith', '2026-03-11', '2026-03-14', 'Mapas', 'Mapas', NULL, 27, 240000, 493, 'IMP-260227-000549-81DE', '2026-02-27 15:53:49'),
(550, 550, 'skipped', 'empalme con reservacion existente', 1, 190, 190, 'ORIA & MICHAEL', '2026-03-01', '2026-03-18', 'AirB&B', 'AirB&B', 9, NULL, NULL, NULL, NULL, '2026-02-27 15:53:49'),
(551, 551, 'inserted', NULL, 1, 192, 192, 'Leyber', '2026-03-14', '2026-03-16', 'Mapas', 'Mapas', NULL, 27, 140000, 494, 'IMP-260227-000551-81DE', '2026-02-27 15:53:49'),
(552, 552, 'skipped', 'empalme con reservacion existente', 3, 170, 170, 'Santos Liz', '2026-03-01', '2026-03-03', 'AirB&B', 'AirB&B', 9, NULL, NULL, NULL, NULL, '2026-02-27 15:53:49'),
(553, 553, 'inserted', NULL, 3, 170, 170, 'Alejandra', '2026-03-03', '2026-03-04', 'AirB&B', 'AirB&B', 9, NULL, NULL, 495, 'IMP-260227-000553-81DE', '2026-02-27 15:53:49'),
(554, 554, 'inserted', NULL, 3, 170, 170, 'Cutberto', '2026-03-06', '2026-03-08', 'AirB&B', 'AirB&B', 9, NULL, 220000, 496, 'IMP-260227-000554-81DE', '2026-02-27 15:53:49'),
(555, 555, 'inserted', NULL, 3, 175, 175, 'Mariana', '2026-03-07', '2026-03-10', 'Mapas', 'Mapas', NULL, 27, 240000, 497, 'IMP-260227-000555-81DF', '2026-02-27 15:53:49'),
(556, 556, 'inserted', NULL, 3, 174, 174, 'Yair', '2026-03-30', '2026-04-01', 'AirB&B', 'AirB&B', 9, NULL, 330000, 498, 'IMP-260227-000556-81DF', '2026-02-27 15:53:49'),
(557, 557, 'inserted', NULL, 3, 171, 171, 'Pablo efectivo', '2026-03-29', '2026-04-01', 'AirB&B', 'AirB&B', 9, NULL, 287000, 499, 'IMP-260227-000557-81DF', '2026-02-27 15:53:49'),
(558, 558, 'inserted', NULL, 9, 215, 215, 'Mariana Airb&b', '2026-03-02', '2026-04-01', 'AirB&B', 'AirB&B', 9, NULL, 1800000, 500, 'IMP-260227-000558-81DF', '2026-02-27 15:53:49');
COMMIT;

/*!40101 SET CHARACTER_SET_CLIENT=@OLD_CHARACTER_SET_CLIENT */;
/*!40101 SET CHARACTER_SET_RESULTS=@OLD_CHARACTER_SET_RESULTS */;
/*!40101 SET COLLATION_CONNECTION=@OLD_COLLATION_CONNECTION */;
